ESTADO_LABORAL,INGRESO_NETO_DIA,CAPITAL_HUMANO,EDAD,GENERO,EDUCACION_ANIOS,HORAS_SEMANA,APORTE_SEG_SOC,TAM_EMPRESA,TASA_INSPECC,BANCARIZADO,SECTOR_ECONOMICO
1,55.2,82.6,56,Femenino,16,42.5,1,12,21.7,1,Manufactura
1,44.43,58.1,46,Masculino,9,48.8,1,45,42.1,1,Comercio & Retail
0,9.17,35.8,32,Masculino,5,47.1,0,1,56.5,0,Comercio & Retail
1,41.58,53.8,60,Masculino,11,44.4,1,120,28.7,1,Manufactura
0,15.43,48.8,25,Femenino,5,54.9,0,1,51.6,0,Servicios Personales
0,10.62,42.3,38,Masculino,6,54.0,0,1,9.0,0,Manufactura
0,9.98,32.6,56,Femenino,7,30.5,0,1,34.3,0,Tecnología
0,8.13,44.8,36,Femenino,5,44.7,0,1,40.4,0,Manufactura
1,52.12,75.7,40,Femenino,14,38.9,1,45,10.0,1,Servicios Personales
0,11.85,48.6,28,Masculino,10,53.3,0,2,15.0,0,Tecnología
0,11.01,59.4,28,Femenino,13,47.0,0,1,12.7,1,Comercio & Retail
1,41.6,55.0,41,Femenino,12,48.6,1,12,44.3,1,Comercio & Retail
0,13.74,62.8,53,Masculino,9,39.7,1,2,8.7,0,Tecnología
1,54.09,76.9,57,Masculino,14,41.5,1,120,49.6,1,Comercio & Retail
1,44.83,56.6,41,Masculino,8,39.2,1,45,48.3,1,Comercio & Retail
0,11.45,53.0,20,Masculino,9,68.2,0,1,26.7,0,Comercio & Retail
0,7.34,36.2,39,Femenino,7,52.0,0,1,7.9,0,Tecnología
1,46.72,67.1,19,Masculino,15,31.7,1,45,9.2,1,Comercio & Retail
1,46.99,65.7,41,Masculino,10,49.1,0,12,23.6,1,Servicios Personales
1,45.55,67.5,61,Femenino,12,45.8,1,45,40.1,1,Comercio & Retail
0,12.88,44.3,47,Femenino,8,47.7,0,8,24.4,1,Servicios Personales
0,13.81,67.2,55,Femenino,13,40.4,1,1,34.7,1,Servicios Personales
1,48.73,77.0,19,Femenino,13,40.1,1,45,48.3,1,Servicios Personales
0,8.72,36.6,38,Masculino,4,66.8,0,1,40.2,0,Manufactura
0,10.22,54.1,50,Masculino,10,52.9,0,4,38.4,1,Servicios Personales
0,14.01,54.5,29,Masculino,10,52.8,0,2,60.4,0,Servicios Personales
0,12.69,45.1,39,Masculino,9,36.3,0,4,44.6,0,Comercio & Retail
0,16.86,75.2,61,Femenino,15,40.7,0,1,44.7,1,Tecnología
0,13.09,32.1,42,Masculino,5,49.8,0,1,13.9,1,Manufactura
0,10.75,46.5,44,Femenino,8,64.9,0,4,16.5,0,Logística
0,11.01,37.6,59,Masculino,7,62.4,0,2,16.4,0,Logística
1,44.71,57.6,45,Femenino,14,43.8,1,450,39.9,1,Logística
0,14.77,48.5,33,Masculino,6,50.6,0,1,16.4,0,Servicios Personales
0,11.6,32.7,32,Femenino,3,60.7,0,1,2.3,1,Logística
0,11.86,60.3,64,Femenino,12,68.0,0,4,24.6,0,Comercio & Retail
0,14.24,47.8,61,Femenino,9,59.2,0,1,10.9,1,Comercio & Retail
0,14.16,57.1,20,Masculino,14,57.8,0,8,23.9,0,Manufactura
0,15.73,77.7,54,Masculino,13,51.1,0,2,28.4,0,Comercio & Retail
1,45.88,67.5,24,Femenino,10,37.7,1,450,48.6,1,Agroindustria
0,12.43,34.1,38,Masculino,5,42.9,0,1,54.7,0,Servicios Personales
0,14.79,38.3,26,Masculino,5,63.6,1,2,32.2,0,Servicios Personales
0,7.82,17.1,56,Masculino,3,47.7,1,1,40.7,0,Logística
0,12.49,51.9,35,Masculino,9,36.8,0,4,44.9,0,Tecnología
0,11.12,36.1,21,Femenino,7,50.5,0,1,43.7,0,Logística
0,9.7,44.2,42,Femenino,9,52.8,0,2,23.4,0,Logística
0,12.77,56.1,31,Masculino,11,45.6,0,1,40.3,1,Tecnología
0,16.41,78.8,26,Masculino,17,38.1,0,2,14.1,0,Manufactura
1,46.47,61.7,43,Masculino,12,43.6,1,12,20.4,1,Manufactura
0,13.61,65.6,19,Masculino,10,60.1,1,1,39.3,0,Comercio & Retail
0,7.92,9.9,37,Femenino,4,25.6,0,1,49.4,1,Comercio & Retail
1,34.31,49.7,45,Masculino,10,47.5,1,450,57.4,1,Logística
1,46.77,73.3,64,Femenino,13,40.8,1,45,31.3,1,Logística
1,50.45,60.9,24,Masculino,11,49.5,1,45,16.8,1,Logística
0,11.15,31.2,61,Femenino,6,31.6,0,1,4.1,0,Manufactura
1,48.75,72.1,25,Masculino,9,46.5,1,12,9.5,1,Tecnología
0,13.48,82.0,64,Masculino,10,60.5,0,1,46.9,0,Agroindustria
0,10.46,46.8,52,Femenino,8,53.8,0,4,23.2,0,Logística
0,12.76,37.1,31,Femenino,8,50.6,0,2,28.9,1,Manufactura
0,8.21,20.5,34,Masculino,2,75.0,1,1,24.2,1,Logística
0,9.64,31.7,53,Masculino,7,68.9,0,1,27.9,0,Servicios Personales
0,14.01,63.0,57,Femenino,11,39.5,0,2,60.7,1,Comercio & Retail
0,14.85,72.8,21,Masculino,13,52.7,0,2,56.8,0,Agroindustria
1,46.21,64.9,19,Masculino,10,43.6,1,45,6.1,1,Agroindustria
0,15.23,75.0,23,Femenino,14,54.0,0,1,36.5,0,Tecnología
0,17.66,57.3,59,Femenino,10,65.1,0,1,35.5,0,Logística
0,11.98,32.9,21,Masculino,7,45.5,0,2,33.5,1,Comercio & Retail
0,11.56,34.8,46,Masculino,8,51.1,1,1,50.9,1,Manufactura
0,12.36,42.8,35,Masculino,12,24.2,0,2,22.0,0,Tecnología
0,12.86,51.8,43,Masculino,9,49.5,0,1,26.7,0,Logística
0,12.22,55.6,61,Femenino,8,45.3,0,1,16.1,0,Manufactura
0,12.16,42.5,51,Femenino,4,51.6,0,1,25.5,0,Manufactura
0,10.26,51.4,27,Femenino,7,41.7,0,2,24.4,0,Comercio & Retail
0,9.44,43.3,53,Femenino,8,37.1,0,8,58.0,1,Servicios Personales
1,46.63,65.6,31,Masculino,8,51.5,1,45,13.0,1,Manufactura
0,10.12,29.5,48,Masculino,6,35.6,0,4,12.9,1,Manufactura
1,48.37,69.0,32,Femenino,16,36.2,1,45,31.8,1,Manufactura
1,49.5,70.7,25,Femenino,12,44.6,1,12,1.5,1,Comercio & Retail
1,64.26,100.0,31,Masculino,18,38.9,1,45,19.1,1,Comercio & Retail
0,11.46,48.9,40,Masculino,4,50.7,0,2,10.6,0,Agroindustria
1,51.05,69.0,57,Masculino,11,41.2,1,12,27.5,1,Comercio & Retail
0,12.81,54.3,38,Masculino,8,40.3,1,1,29.6,0,Manufactura
0,16.1,63.1,33,Masculino,10,53.7,0,1,21.8,1,Comercio & Retail
1,52.46,80.2,62,Masculino,17,42.9,1,450,25.4,1,Servicios Personales
0,9.9,19.0,35,Femenino,3,40.3,0,2,10.9,0,Agroindustria
1,40.13,49.7,64,Femenino,8,44.0,1,45,46.1,1,Tecnología
0,8.78,26.0,41,Femenino,7,44.1,0,4,11.7,1,Tecnología
0,12.24,43.9,43,Masculino,8,67.0,0,4,22.1,0,Comercio & Retail
0,6.21,17.7,42,Masculino,2,40.6,0,4,17.8,1,Manufactura
0,15.41,80.8,62,Masculino,15,46.1,0,1,27.8,0,Comercio & Retail
0,15.32,77.2,58,Femenino,15,28.9,0,2,12.8,1,Manufactura
1,50.49,77.9,46,Femenino,12,38.9,0,12,42.0,1,Logística
0,11.36,43.2,32,Femenino,5,40.3,0,2,17.7,0,Tecnología
0,11.28,52.6,62,Femenino,11,47.2,0,2,31.2,0,Comercio & Retail
1,49.5,73.7,18,Masculino,13,43.7,1,12,36.3,1,Manufactura
0,9.15,41.7,42,Masculino,11,29.5,0,1,41.7,0,Manufactura
0,12.31,62.3,24,Masculino,10,44.5,0,1,49.3,0,Manufactura
1,48.73,67.5,26,Masculino,15,39.4,0,45,21.8,1,Manufactura
0,8.91,36.9,41,Masculino,7,62.7,0,1,19.6,0,Logística
1,47.05,64.4,18,Masculino,9,37.8,0,45,30.2,1,Manufactura
1,51.6,66.9,61,Femenino,12,41.6,1,12,34.2,1,Comercio & Retail
0,11.74,57.1,25,Masculino,11,44.6,0,4,22.2,0,Manufactura
1,48.73,73.2,41,Masculino,12,45.0,1,12,18.2,1,Manufactura
0,17.9,77.7,28,Masculino,12,48.1,1,1,21.8,1,Agroindustria
0,9.96,53.0,34,Femenino,12,44.3,0,4,28.3,0,Servicios Personales
0,9.74,43.9,25,Femenino,9,43.8,0,2,14.2,1,Tecnología
0,11.26,51.1,52,Femenino,7,47.5,0,2,3.1,0,Manufactura
0,15.74,62.1,52,Masculino,11,79.0,0,2,33.8,0,Servicios Personales
0,14.36,60.4,50,Femenino,16,38.3,0,1,46.9,0,Manufactura
1,48.05,72.8,22,Masculino,10,37.0,1,45,9.2,1,Comercio & Retail
0,14.71,58.2,59,Masculino,12,50.7,0,4,14.5,0,Manufactura
0,11.86,45.0,56,Femenino,10,61.6,0,1,35.5,1,Manufactura
1,49.2,87.1,58,Masculino,18,40.1,1,45,26.9,1,Servicios Personales
0,13.82,60.0,45,Masculino,9,61.2,0,1,21.5,1,Comercio & Retail
0,13.54,74.3,24,Femenino,12,36.7,0,4,5.9,1,Comercio & Retail
0,11.74,43.6,26,Masculino,7,56.2,1,2,7.7,0,Agroindustria
0,13.3,64.4,25,Femenino,6,60.3,0,1,33.8,1,Comercio & Retail
0,20.12,83.2,29,Femenino,10,44.6,0,4,8.9,1,Manufactura
1,52.18,75.5,51,Masculino,14,51.6,1,120,30.3,1,Servicios Personales
0,13.19,62.4,50,Masculino,12,52.8,0,1,11.0,1,Manufactura
0,9.0,19.6,40,Masculino,2,52.9,1,2,39.5,1,Agroindustria
0,12.33,65.5,41,Masculino,13,50.9,0,8,52.0,0,Comercio & Retail
0,12.02,46.0,54,Masculino,4,28.7,0,2,8.5,0,Manufactura
1,47.69,70.4,52,Masculino,13,46.8,1,45,18.9,1,Manufactura
0,13.83,71.7,61,Masculino,12,62.1,0,1,84.8,0,Manufactura
0,13.84,57.9,57,Masculino,9,55.5,0,2,23.5,1,Servicios Personales
0,13.12,73.1,39,Femenino,13,40.8,0,1,7.0,1,Agroindustria
1,45.69,61.9,44,Masculino,9,38.1,1,120,35.2,1,Comercio & Retail
0,12.8,67.3,52,Femenino,11,60.6,0,8,24.8,0,Comercio & Retail
0,10.6,39.8,18,Masculino,5,49.0,0,4,4.9,0,Logística
1,49.68,69.4,52,Femenino,9,33.1,1,120,15.5,1,Comercio & Retail
1,44.93,57.8,54,Masculino,14,42.0,1,12,63.3,1,Servicios Personales
0,9.87,37.8,64,Femenino,5,52.6,0,1,33.9,0,Servicios Personales
0,15.44,61.7,31,Femenino,13,39.0,0,1,51.8,0,Comercio & Retail
0,9.79,32.2,20,Masculino,2,62.2,0,2,18.5,0,Manufactura
0,8.48,18.7,18,Femenino,5,53.8,0,1,42.0,1,Comercio & Retail
0,12.31,53.3,22,Masculino,9,57.0,0,1,41.0,0,Tecnología
0,14.7,63.8,43,Femenino,11,43.8,0,1,23.2,1,Servicios Personales
0,11.8,59.2,31,Femenino,8,55.1,0,1,33.4,0,Servicios Personales
0,10.41,42.8,56,Femenino,8,56.4,0,1,47.0,1,Manufactura
0,19.54,98.9,44,Masculino,14,59.1,0,8,63.7,0,Comercio & Retail
1,48.0,69.1,26,Femenino,15,34.0,1,12,23.8,1,Manufactura
0,9.27,35.6,32,Masculino,8,40.1,0,1,16.5,0,Servicios Personales
0,10.57,57.1,32,Femenino,9,40.0,0,2,8.2,0,Comercio & Retail
0,12.75,49.7,43,Femenino,9,45.8,0,1,38.0,0,Tecnología
1,56.92,100.0,59,Femenino,18,41.1,1,450,22.0,1,Comercio & Retail
0,13.12,39.1,30,Femenino,10,49.7,0,1,30.5,0,Comercio & Retail
1,48.86,79.4,49,Masculino,16,44.4,1,45,16.8,1,Servicios Personales
1,55.04,75.2,56,Masculino,13,48.6,1,120,43.5,1,Comercio & Retail
1,42.38,48.3,49,Masculino,10,48.4,1,45,17.4,1,Tecnología
0,8.98,33.1,21,Femenino,8,64.5,0,2,9.5,0,Comercio & Retail
1,49.72,81.5,47,Femenino,13,41.4,0,45,39.8,1,Servicios Personales
0,9.72,34.6,54,Femenino,7,58.0,0,8,31.6,0,Servicios Personales
1,46.92,61.4,40,Masculino,9,43.9,1,45,16.6,1,Agroindustria
0,16.27,57.8,56,Femenino,13,43.3,0,1,21.7,0,Manufactura
0,10.95,47.8,62,Masculino,9,62.9,0,2,38.6,1,Servicios Personales
0,12.33,54.6,32,Femenino,8,53.8,0,1,8.1,1,Manufactura
1,39.06,54.5,60,Femenino,9,40.0,1,120,43.6,1,Agroindustria
0,9.18,33.7,46,Femenino,7,50.9,0,1,28.7,1,Manufactura
1,48.49,68.3,53,Femenino,12,34.4,1,12,27.8,0,Manufactura
0,7.69,33.3,30,Masculino,10,59.7,0,1,19.3,1,Tecnología
0,6.67,23.0,49,Femenino,5,80.0,1,1,16.5,0,Tecnología
0,15.02,64.5,24,Masculino,8,51.3,0,1,34.5,0,Manufactura
0,12.09,49.3,39,Femenino,9,49.4,1,4,48.4,0,Comercio & Retail
1,42.34,58.2,45,Masculino,9,42.2,1,45,32.7,1,Agroindustria
1,45.84,69.9,19,Femenino,12,40.9,1,120,24.0,1,Servicios Personales
0,7.74,39.6,59,Masculino,7,62.3,0,2,38.5,0,Comercio & Retail
1,60.05,96.2,62,Masculino,20,46.5,1,120,18.5,1,Manufactura
0,13.63,63.3,23,Masculino,15,47.4,0,2,28.6,0,Servicios Personales
1,49.38,76.3,45,Femenino,15,37.2,1,12,10.7,1,Comercio & Retail
0,11.02,34.1,45,Masculino,6,56.7,0,1,9.0,0,Tecnología
0,12.67,43.9,61,Femenino,2,32.9,0,1,54.8,0,Tecnología
0,11.49,44.0,61,Femenino,9,26.9,0,2,29.7,1,Comercio & Retail
1,42.24,64.1,37,Femenino,11,43.1,1,12,10.6,1,Comercio & Retail
0,10.56,48.3,47,Femenino,9,35.4,0,4,17.8,0,Logística
0,12.6,55.1,28,Masculino,8,53.9,0,1,27.7,0,Comercio & Retail
0,6.51,13.4,45,Femenino,3,64.5,0,1,28.5,0,Comercio & Retail
0,11.2,41.7,42,Masculino,7,58.6,0,1,10.0,0,Tecnología
0,14.44,56.9,56,Masculino,9,52.1,0,1,11.1,1,Agroindustria
0,13.0,49.4,50,Masculino,8,50.9,0,1,46.2,1,Agroindustria
0,11.84,52.0,18,Masculino,8,54.9,0,4,39.9,1,Comercio & Retail
0,10.85,34.7,44,Femenino,7,53.4,0,1,40.4,0,Servicios Personales
1,51.88,75.5,30,Masculino,16,41.3,1,12,27.8,1,Servicios Personales
1,48.15,66.8,58,Femenino,13,50.2,1,12,8.4,1,Comercio & Retail
0,15.76,78.8,20,Masculino,14,40.3,0,1,4.0,1,Servicios Personales
0,18.06,73.0,56,Masculino,11,48.1,0,2,38.8,1,Tecnología
0,8.57,16.4,23,Masculino,5,39.9,0,1,38.2,0,Tecnología
1,41.19,63.8,25,Femenino,13,40.3,1,45,3.3,1,Agroindustria
1,48.43,68.4,44,Femenino,15,35.7,1,12,19.3,1,Manufactura
1,50.58,71.3,26,Femenino,16,40.1,1,45,10.8,1,Logística
0,13.42,65.7,54,Femenino,12,37.9,0,1,16.4,1,Comercio & Retail
1,38.89,55.3,50,Femenino,10,35.1,1,120,45.8,1,Manufactura
0,11.44,43.8,59,Masculino,10,42.2,0,1,6.9,0,Logística
1,40.98,51.3,61,Femenino,12,44.2,0,120,36.1,1,Servicios Personales
0,13.15,35.6,41,Masculino,4,65.7,0,1,58.7,1,Comercio & Retail
0,10.16,52.1,32,Masculino,12,44.3,0,4,29.7,0,Servicios Personales
0,9.08,40.1,49,Masculino,8,35.8,1,4,30.1,0,Agroindustria
1,52.02,96.2,49,Femenino,18,45.6,1,45,36.3,1,Comercio & Retail
0,11.14,52.7,41,Femenino,9,57.9,0,1,24.0,1,Comercio & Retail
1,49.13,74.5,58,Femenino,11,35.8,1,120,61.1,1,Agroindustria
0,13.25,57.9,29,Femenino,11,34.2,0,1,33.7,1,Manufactura
1,40.59,65.3,56,Masculino,7,41.1,1,12,28.1,1,Comercio & Retail
0,12.92,61.2,19,Femenino,12,54.2,0,1,50.3,1,Manufactura
1,52.79,71.0,20,Masculino,11,38.2,1,120,26.6,1,Comercio & Retail
0,13.05,62.6,54,Masculino,14,48.9,0,2,19.2,1,Manufactura
1,46.79,60.5,34,Masculino,13,43.9,1,120,27.6,1,Tecnología
1,51.31,75.9,19,Femenino,11,44.7,1,45,31.8,1,Servicios Personales
0,13.14,36.0,19,Femenino,7,54.7,0,1,22.3,1,Servicios Personales
0,11.84,40.8,45,Masculino,7,63.9,0,1,50.2,0,Tecnología
1,49.54,72.4,40,Femenino,16,43.3,1,45,39.4,1,Manufactura
1,44.55,66.2,54,Femenino,10,41.3,1,45,43.7,1,Manufactura
1,52.67,74.9,49,Femenino,18,41.4,1,45,46.4,1,Agroindustria
0,11.4,56.1,50,Femenino,7,55.5,0,1,20.0,1,Manufactura
1,56.79,89.4,18,Masculino,18,37.0,1,120,18.5,1,Tecnología
0,12.05,40.9,36,Femenino,6,46.4,0,1,60.4,1,Comercio & Retail
0,11.77,46.4,19,Masculino,8,30.1,0,1,18.4,0,Manufactura
1,47.59,75.5,61,Femenino,12,41.0,1,12,27.0,1,Servicios Personales
1,50.33,68.8,43,Masculino,14,55.2,1,45,16.1,1,Manufactura
1,50.97,59.9,49,Masculino,13,45.2,1,120,14.3,1,Manufactura
0,8.55,32.2,23,Masculino,3,58.9,0,2,54.0,0,Agroindustria
0,11.17,46.1,49,Femenino,8,29.5,0,1,6.7,1,Servicios Personales
0,13.48,58.6,21,Femenino,6,58.3,1,1,35.7,0,Comercio & Retail
0,12.3,44.1,28,Femenino,5,39.2,0,1,51.8,1,Comercio & Retail
0,13.17,58.5,34,Masculino,10,49.9,0,1,21.2,1,Agroindustria
0,10.8,37.3,55,Masculino,2,45.7,0,1,40.9,0,Comercio & Retail
1,40.58,56.5,41,Masculino,14,40.1,1,45,49.8,1,Tecnología
0,15.64,72.6,22,Femenino,13,56.7,0,1,7.2,0,Servicios Personales
1,54.31,80.0,51,Masculino,16,37.6,1,45,21.0,1,Servicios Personales
0,11.7,37.0,23,Femenino,6,33.6,1,4,26.1,0,Servicios Personales
0,9.77,36.2,39,Masculino,6,72.7,0,1,5.9,0,Comercio & Retail
1,48.29,82.1,28,Femenino,14,41.4,1,450,14.6,1,Comercio & Retail
0,15.58,52.4,33,Masculino,14,51.2,0,1,11.1,0,Tecnología
1,49.31,79.7,50,Femenino,15,39.7,1,12,34.2,1,Servicios Personales
0,13.32,56.7,26,Femenino,14,44.6,0,4,23.6,0,Servicios Personales
0,12.98,56.6,23,Masculino,11,59.2,0,1,23.6,0,Manufactura
0,13.34,46.5,33,Femenino,8,51.5,0,1,30.3,1,Servicios Personales
1,53.2,83.2,46,Masculino,13,43.5,1,120,17.8,1,Tecnología
0,12.91,41.7,20,Masculino,8,25.2,0,1,6.2,0,Agroindustria
0,13.1,55.5,37,Masculino,10,51.6,0,1,25.6,1,Logística
0,11.42,38.7,53,Femenino,9,43.6,0,1,40.3,1,Tecnología
0,12.74,64.1,36,Femenino,11,33.0,0,2,39.4,0,Servicios Personales
1,48.22,61.7,43,Masculino,15,44.0,1,120,6.2,1,Comercio & Retail
0,11.8,33.2,20,Femenino,9,50.6,0,1,10.0,0,Comercio & Retail
0,12.31,31.9,36,Masculino,8,67.7,0,1,31.4,0,Logística
0,11.61,52.2,37,Femenino,10,23.8,0,1,30.1,0,Manufactura
0,11.46,36.7,49,Femenino,6,52.4,0,8,5.6,0,Manufactura
0,13.64,78.3,24,Femenino,13,50.6,0,2,13.0,0,Logística
1,43.59,70.2,58,Femenino,10,40.0,1,12,35.7,0,Servicios Personales
1,46.15,70.0,50,Femenino,10,39.2,1,45,28.6,1,Manufactura
1,46.04,70.5,57,Masculino,11,40.9,1,120,26.1,1,Manufactura
0,8.45,51.8,56,Masculino,4,49.7,0,4,7.2,0,Manufactura
1,53.7,79.6,35,Femenino,15,40.2,1,45,23.7,1,Servicios Personales
0,10.16,51.7,57,Masculino,8,13.5,0,4,27.9,0,Agroindustria
0,14.06,69.3,18,Masculino,9,50.4,0,2,37.6,0,Comercio & Retail
1,45.14,55.9,28,Masculino,13,38.5,1,45,32.2,1,Comercio & Retail
1,47.35,72.4,45,Masculino,12,37.0,1,12,13.9,1,Manufactura
1,60.15,86.5,42,Masculino,18,40.0,1,12,30.5,1,Manufactura
0,13.69,52.3,40,Femenino,6,49.9,0,2,4.9,1,Manufactura
0,9.47,50.8,48,Femenino,6,40.5,0,1,11.6,0,Agroindustria
0,13.51,33.4,47,Femenino,5,29.9,0,1,31.7,0,Comercio & Retail
1,36.86,47.0,59,Masculino,11,44.4,1,120,37.7,1,Manufactura
0,14.11,64.5,52,Femenino,9,65.7,0,1,37.5,0,Comercio & Retail
0,11.0,38.3,24,Masculino,7,65.8,0,1,25.5,1,Logística
0,12.19,56.2,33,Femenino,10,64.1,0,2,25.3,0,Manufactura
0,11.27,27.8,43,Masculino,6,38.2,0,2,23.8,0,Comercio & Retail
1,51.1,75.4,19,Femenino,16,42.6,1,45,23.9,1,Comercio & Retail
0,11.66,53.2,18,Femenino,7,50.4,0,1,16.9,0,Manufactura
0,12.11,50.9,29,Femenino,8,60.6,0,4,24.4,0,Agroindustria
0,6.61,11.5,22,Femenino,1,47.0,0,2,68.0,0,Tecnología
0,4.73,12.2,54,Femenino,4,41.5,0,1,24.1,0,Manufactura
0,13.11,53.9,49,Masculino,8,52.8,0,2,38.9,0,Comercio & Retail
0,11.08,46.8,26,Femenino,9,34.4,0,2,11.4,0,Logística
1,51.42,68.7,58,Femenino,13,42.1,1,120,11.1,1,Tecnología
0,12.92,29.6,52,Masculino,4,53.1,0,1,57.4,0,Comercio & Retail
0,13.98,58.7,36,Femenino,12,68.1,0,2,7.8,0,Servicios Personales
1,45.8,69.2,33,Masculino,12,38.3,1,45,42.3,1,Servicios Personales
1,42.26,58.3,20,Masculino,13,45.2,1,12,14.7,1,Agroindustria
1,46.96,72.5,37,Femenino,14,36.6,1,120,44.2,1,Agroindustria
0,9.87,43.1,41,Femenino,6,59.7,0,1,4.1,1,Agroindustria
1,53.33,76.5,50,Femenino,12,39.8,0,12,28.3,1,Tecnología
1,50.69,83.5,41,Masculino,17,45.6,1,45,53.9,1,Comercio & Retail
0,12.14,63.1,28,Masculino,15,39.4,0,4,4.6,0,Tecnología
1,58.1,89.7,25,Masculino,17,45.9,1,12,24.3,1,Manufactura
0,9.19,50.1,53,Masculino,11,62.9,0,1,58.3,1,Comercio & Retail
0,11.22,40.3,55,Femenino,8,40.5,0,1,46.6,1,Servicios Personales
0,7.8,10.0,57,Masculino,0,62.9,0,1,21.0,0,Comercio & Retail
0,9.37,33.2,37,Masculino,5,37.3,0,1,37.4,1,Servicios Personales
0,14.01,59.9,52,Masculino,8,65.2,0,8,28.2,1,Agroindustria
0,9.76,57.5,42,Masculino,9,47.5,0,4,29.3,0,Comercio & Retail
0,7.15,32.0,52,Masculino,7,37.5,0,2,33.8,0,Comercio & Retail
0,14.78,74.1,42,Femenino,11,58.2,0,4,18.7,1,Tecnología
0,15.26,69.6,46,Femenino,11,43.5,0,4,19.8,0,Agroindustria
0,12.25,59.2,35,Masculino,10,35.9,0,1,51.6,1,Servicios Personales
0,12.23,43.8,63,Femenino,13,38.4,0,1,33.9,1,Servicios Personales
0,11.36,38.6,35,Masculino,8,32.4,0,2,38.9,1,Comercio & Retail
1,47.02,71.1,19,Femenino,14,43.5,1,12,19.3,1,Comercio & Retail
0,10.95,51.6,52,Masculino,5,39.1,0,1,12.4,1,Tecnología
0,13.15,64.3,33,Masculino,9,33.6,0,1,44.7,0,Comercio & Retail
0,12.21,49.3,58,Femenino,11,63.8,0,1,10.4,1,Logística
0,7.93,10.2,53,Masculino,3,61.5,0,1,52.5,0,Agroindustria
0,8.39,45.2,50,Masculino,8,62.8,0,4,17.9,0,Comercio & Retail
0,14.18,68.4,21,Masculino,13,48.2,0,1,40.0,1,Comercio & Retail
0,10.47,34.6,50,Femenino,8,36.1,0,1,11.7,0,Logística
0,7.34,18.3,31,Femenino,3,34.9,0,1,22.7,0,Manufactura
0,16.67,64.2,38,Femenino,7,55.6,0,1,57.6,0,Manufactura
0,9.78,31.3,37,Femenino,5,75.9,0,1,26.0,0,Comercio & Retail
0,11.99,60.0,25,Masculino,12,66.7,0,1,22.1,0,Comercio & Retail
1,54.62,83.3,24,Masculino,10,38.6,1,12,52.3,1,Manufactura
0,8.96,27.6,20,Masculino,4,53.5,0,1,7.9,0,Comercio & Retail
0,8.61,20.9,34,Masculino,4,44.8,0,4,7.9,1,Comercio & Retail
0,10.28,35.9,50,Masculino,7,57.9,0,1,11.7,0,Comercio & Retail
1,46.3,57.9,29,Femenino,10,40.7,1,45,44.0,1,Servicios Personales
0,9.79,38.3,39,Masculino,7,21.1,1,1,27.6,0,Tecnología
0,11.76,57.7,39,Femenino,11,38.9,0,2,28.2,0,Comercio & Retail
0,11.27,58.6,63,Masculino,11,45.8,0,8,46.7,1,Agroindustria
1,54.66,94.5,47,Femenino,12,47.1,1,120,57.0,1,Manufactura
0,11.19,42.1,55,Femenino,5,60.4,1,2,18.2,0,Comercio & Retail
0,10.6,41.5,55,Masculino,9,38.0,0,1,41.5,1,Comercio & Retail
1,48.97,69.3,62,Masculino,14,36.9,1,450,33.2,1,Logística
0,11.03,51.0,25,Masculino,7,56.5,0,2,32.0,0,Comercio & Retail
0,14.73,53.8,44,Masculino,7,48.0,0,2,17.3,0,Comercio & Retail
0,8.11,31.0,44,Femenino,8,52.7,1,2,38.5,1,Comercio & Retail
0,6.99,32.8,51,Masculino,8,56.8,0,4,37.6,1,Tecnología
0,13.11,59.7,38,Femenino,10,46.2,0,1,27.6,0,Agroindustria
0,13.61,40.6,47,Masculino,8,69.1,0,1,48.8,0,Tecnología
0,8.81,15.2,50,Masculino,2,31.3,0,4,26.5,0,Servicios Personales
1,51.69,76.9,45,Femenino,15,42.4,1,45,52.7,1,Servicios Personales
0,15.86,70.9,64,Masculino,12,47.9,0,1,26.2,0,Logística
0,11.85,56.6,50,Masculino,11,74.1,0,1,54.1,0,Manufactura
0,9.05,35.6,22,Femenino,10,37.6,0,1,16.2,0,Logística
0,11.46,45.7,36,Masculino,9,68.8,0,1,35.5,0,Comercio & Retail
0,11.17,31.4,21,Masculino,7,40.1,0,1,63.0,1,Comercio & Retail
0,8.98,32.6,52,Masculino,3,59.6,0,2,32.0,0,Servicios Personales
1,57.29,99.5,34,Femenino,16,43.7,1,120,44.3,1,Logística
1,46.0,57.9,61,Femenino,10,43.7,1,12,6.8,1,Comercio & Retail
0,11.73,35.4,45,Masculino,4,63.3,0,2,19.8,0,Servicios Personales
0,12.24,47.1,47,Femenino,6,45.3,0,4,20.4,1,Comercio & Retail
0,14.89,72.5,46,Masculino,11,38.3,0,1,29.2,0,Manufactura
1,48.37,53.2,63,Femenino,11,44.9,1,12,25.5,1,Comercio & Retail
0,10.17,42.5,23,Masculino,7,32.7,0,1,19.5,0,Comercio & Retail
0,10.15,48.5,52,Masculino,6,41.7,0,1,30.2,0,Servicios Personales
0,8.46,37.6,58,Femenino,8,48.2,0,1,24.5,0,Logística
0,5.87,11.9,54,Femenino,3,52.5,0,2,23.8,1,Comercio & Retail
0,12.26,42.3,41,Masculino,8,61.5,0,2,46.9,0,Manufactura
0,13.67,59.6,46,Masculino,8,53.5,0,1,41.3,0,Manufactura
1,51.9,80.4,63,Femenino,16,38.8,1,45,23.2,1,Comercio & Retail
0,9.63,42.3,48,Masculino,8,56.3,0,1,22.9,0,Comercio & Retail
1,47.69,69.2,52,Femenino,11,38.6,1,120,54.6,1,Servicios Personales
0,16.55,84.5,50,Femenino,16,51.4,0,2,42.6,0,Comercio & Retail
0,8.48,31.2,38,Masculino,6,54.0,0,1,17.3,0,Comercio & Retail
0,10.99,45.1,49,Femenino,8,61.7,1,2,36.8,1,Tecnología
0,10.31,36.8,40,Masculino,8,58.3,0,1,32.6,0,Tecnología
0,12.12,32.4,50,Femenino,4,41.3,0,4,38.8,1,Comercio & Retail
0,14.31,57.4,20,Femenino,9,66.3,0,8,32.7,0,Servicios Personales
0,14.38,46.4,35,Femenino,14,41.5,0,2,9.4,1,Comercio & Retail
0,11.93,56.8,42,Masculino,13,37.8,0,4,18.0,0,Agroindustria
1,53.56,87.8,59,Masculino,14,39.4,1,120,10.0,1,Manufactura
0,11.67,43.6,48,Masculino,8,54.1,0,1,36.0,0,Servicios Personales
0,14.3,55.6,20,Femenino,6,46.7,0,2,16.4,1,Agroindustria
0,17.89,78.2,57,Femenino,19,57.9,0,2,24.2,0,Manufactura
1,46.52,53.7,63,Masculino,11,38.0,1,45,30.0,1,Comercio & Retail
0,9.11,33.2,41,Femenino,4,50.0,0,1,23.6,0,Tecnología
0,14.6,91.8,49,Masculino,20,64.5,0,1,10.2,0,Servicios Personales
0,15.28,67.7,64,Femenino,10,51.9,0,2,32.9,1,Manufactura
0,6.38,13.8,39,Masculino,0,41.1,0,2,29.7,0,Comercio & Retail
1,54.1,86.1,40,Femenino,16,47.3,1,12,12.8,1,Manufactura
0,7.74,8.1,19,Masculino,1,70.7,0,1,8.9,0,Servicios Personales
0,11.2,61.6,44,Femenino,11,40.8,0,1,29.6,0,Comercio & Retail
1,49.63,63.9,59,Femenino,13,38.9,1,45,28.4,1,Manufactura
0,12.02,57.0,19,Femenino,13,36.1,1,4,11.2,1,Logística
1,55.68,83.7,43,Femenino,16,41.5,1,120,52.1,1,Comercio & Retail
1,52.9,84.6,34,Femenino,14,44.1,1,450,10.4,1,Comercio & Retail
1,45.55,77.0,57,Masculino,17,43.6,1,12,33.9,1,Comercio & Retail
1,38.37,59.2,50,Masculino,10,40.8,1,45,41.8,1,Tecnología
0,12.23,44.8,26,Masculino,8,27.0,1,1,20.6,1,Comercio & Retail
0,11.3,52.1,60,Masculino,9,47.8,0,8,67.8,1,Manufactura
0,15.09,83.4,56,Masculino,15,38.4,0,1,13.7,1,Servicios Personales
0,14.16,61.4,46,Femenino,8,50.9,0,1,39.6,0,Logística
0,15.19,79.4,59,Femenino,13,21.2,0,1,33.2,0,Comercio & Retail
0,11.86,35.5,43,Femenino,7,63.0,0,2,52.9,1,Comercio & Retail
0,9.53,29.6,52,Masculino,7,50.4,1,1,12.0,0,Servicios Personales
1,41.2,54.9,42,Femenino,15,40.4,1,120,59.6,1,Comercio & Retail
0,14.55,69.3,41,Femenino,12,42.8,0,1,25.1,0,Servicios Personales
0,7.99,17.7,30,Masculino,2,50.9,0,4,26.4,0,Comercio & Retail
0,12.76,53.6,24,Femenino,7,32.4,0,2,13.0,0,Comercio & Retail
0,4.65,5.0,53,Masculino,0,37.4,0,2,26.1,0,Servicios Personales
1,44.37,55.5,62,Masculino,9,44.8,1,450,17.3,1,Manufactura
0,12.33,33.3,37,Femenino,9,38.0,0,1,23.3,0,Servicios Personales
0,11.07,52.0,18,Femenino,8,34.8,0,1,7.1,1,Servicios Personales
1,45.7,78.9,25,Masculino,15,40.9,1,120,25.1,1,Comercio & Retail
1,41.99,52.0,63,Masculino,12,40.8,1,45,43.1,1,Logística
0,17.24,92.9,33,Femenino,19,39.9,0,1,5.1,0,Manufactura
1,55.91,83.7,31,Masculino,12,41.7,1,12,49.9,1,Comercio & Retail
0,14.25,69.9,29,Masculino,12,66.5,0,2,50.0,1,Comercio & Retail
1,61.09,88.6,40,Femenino,11,43.2,1,450,59.1,1,Comercio & Retail
0,11.49,52.5,32,Femenino,9,62.9,0,2,15.7,0,Comercio & Retail
0,13.25,52.8,45,Masculino,8,63.6,0,1,13.1,0,Servicios Personales
0,11.62,46.2,51,Femenino,9,48.5,0,1,19.0,0,Manufactura
0,12.93,53.5,19,Masculino,9,37.2,0,1,14.6,0,Servicios Personales
0,11.07,45.2,49,Femenino,10,58.4,0,2,71.0,1,Agroindustria
0,14.66,72.1,40,Masculino,12,38.8,0,1,22.2,1,Comercio & Retail
1,39.07,50.9,39,Masculino,11,39.7,1,120,59.0,1,Manufactura
0,13.33,63.7,42,Masculino,8,41.2,0,2,24.5,0,Comercio & Retail
0,8.03,29.5,39,Femenino,7,48.4,0,4,12.8,1,Manufactura
1,40.26,56.0,39,Femenino,11,46.2,1,120,50.9,1,Comercio & Retail
0,11.76,36.5,59,Masculino,6,48.1,0,1,41.7,0,Servicios Personales
0,8.8,35.8,23,Femenino,8,41.4,0,1,3.9,0,Manufactura
0,8.73,49.3,32,Femenino,8,32.6,0,1,43.7,1,Agroindustria
1,53.81,85.7,60,Masculino,19,41.6,1,45,58.5,1,Manufactura
0,11.94,49.0,54,Femenino,5,46.7,0,1,4.9,1,Agroindustria
0,9.35,34.9,50,Femenino,7,55.8,1,1,37.4,0,Manufactura
0,13.63,51.2,25,Femenino,8,59.2,1,1,23.1,0,Agroindustria
0,11.24,46.1,61,Masculino,8,40.9,0,2,17.1,1,Agroindustria
1,53.22,68.9,61,Masculino,14,39.0,1,12,29.0,1,Agroindustria
0,9.88,51.9,22,Femenino,9,40.9,0,2,41.7,1,Manufactura
0,11.21,42.1,56,Femenino,5,43.0,0,1,32.2,0,Agroindustria
1,44.04,56.1,21,Femenino,15,40.8,1,12,11.2,1,Comercio & Retail
0,13.22,59.5,23,Masculino,11,41.1,0,1,10.2,0,Comercio & Retail
1,46.48,54.7,62,Femenino,12,45.6,1,120,39.8,1,Agroindustria
0,13.09,55.5,49,Masculino,12,71.3,0,1,30.7,0,Agroindustria
0,8.52,37.4,47,Femenino,5,66.5,0,1,27.1,0,Manufactura
0,12.24,66.0,64,Masculino,10,52.9,0,1,32.5,0,Logística
0,16.03,82.5,52,Femenino,13,43.9,0,1,20.6,0,Servicios Personales
0,13.94,41.2,57,Masculino,8,48.1,0,1,22.1,0,Comercio & Retail
0,8.63,30.5,33,Femenino,11,52.2,0,2,14.8,0,Servicios Personales
0,14.45,63.7,30,Femenino,12,52.6,0,1,10.1,1,Comercio & Retail
0,7.47,12.8,59,Masculino,4,40.7,0,1,21.2,0,Manufactura
0,11.93,43.4,47,Masculino,6,71.8,0,1,8.2,1,Servicios Personales
0,7.33,10.0,36,Femenino,1,44.0,0,1,23.9,0,Manufactura
0,12.32,62.4,34,Masculino,11,31.2,0,1,35.4,0,Tecnología
0,15.84,74.5,36,Masculino,17,47.9,1,1,47.1,0,Servicios Personales
0,10.11,31.4,45,Masculino,7,32.9,0,1,76.7,0,Agroindustria
0,13.15,39.6,43,Femenino,9,47.2,0,1,55.0,1,Agroindustria
1,52.66,75.0,54,Masculino,14,41.7,1,45,25.6,1,Comercio & Retail
0,9.54,45.8,43,Femenino,11,58.0,0,1,15.1,0,Manufactura
0,12.38,44.5,40,Femenino,6,60.6,0,2,51.2,0,Comercio & Retail
0,18.8,96.8,26,Masculino,16,40.0,0,1,49.7,0,Manufactura
1,48.57,75.7,29,Femenino,11,33.3,1,45,26.2,1,Logística
0,12.23,35.0,18,Femenino,9,49.8,0,1,23.2,0,Manufactura
0,7.68,37.5,18,Masculino,9,44.1,0,2,11.3,1,Comercio & Retail
0,16.37,67.8,64,Masculino,12,41.5,0,1,35.0,1,Comercio & Retail
0,10.78,36.3,51,Femenino,8,44.6,0,1,42.0,0,Comercio & Retail
1,53.36,85.2,49,Femenino,16,43.1,1,45,5.2,0,Logística
1,42.69,57.9,42,Masculino,15,45.0,1,45,43.8,1,Servicios Personales
1,44.78,54.3,57,Femenino,10,38.2,1,12,26.7,1,Tecnología
0,13.53,64.4,62,Masculino,10,36.0,0,1,26.6,0,Comercio & Retail
0,9.5,27.5,18,Masculino,7,57.0,0,2,37.4,1,Manufactura
0,9.51,45.8,33,Femenino,8,53.2,0,2,18.1,1,Comercio & Retail
0,11.42,37.7,56,Masculino,6,45.0,1,2,60.0,0,Comercio & Retail
0,13.38,57.1,22,Masculino,9,51.7,0,1,15.8,0,Logística
0,14.09,48.3,39,Femenino,10,29.5,1,1,17.1,0,Tecnología
0,8.1,16.7,46,Masculino,4,57.7,0,1,17.8,0,Comercio & Retail
0,12.95,41.8,20,Masculino,13,36.3,0,2,13.5,0,Manufactura
0,12.81,56.3,29,Masculino,7,39.4,0,2,58.9,0,Agroindustria
1,48.89,71.3,43,Masculino,12,39.5,1,12,17.3,1,Comercio & Retail
0,15.08,66.8,33,Femenino,13,17.3,1,1,54.5,0,Servicios Personales
1,52.35,74.5,54,Femenino,15,45.1,1,450,47.4,1,Servicios Personales
1,47.67,75.3,39,Femenino,14,46.2,1,450,37.2,1,Comercio & Retail
1,53.49,88.7,46,Femenino,16,38.9,1,45,17.8,1,Servicios Personales
0,10.3,46.8,31,Femenino,13,55.5,0,4,18.8,0,Comercio & Retail
0,11.55,41.2,45,Masculino,11,52.0,0,2,14.8,0,Tecnología
0,9.89,27.7,22,Masculino,8,47.8,0,1,40.0,1,Tecnología
0,14.09,51.5,64,Masculino,10,25.0,0,2,32.4,0,Tecnología
1,55.5,80.8,47,Masculino,16,39.5,1,450,8.2,1,Comercio & Retail
1,47.89,61.1,63,Masculino,9,38.9,1,120,41.8,1,Servicios Personales
0,10.39,25.9,22,Femenino,10,27.5,0,1,33.1,0,Servicios Personales
0,11.79,65.6,29,Masculino,16,26.9,0,1,59.0,0,Servicios Personales
0,10.76,52.3,33,Femenino,9,63.7,0,1,47.9,1,Servicios Personales
0,13.03,45.5,43,Masculino,7,56.6,1,1,21.6,1,Comercio & Retail
0,12.91,69.0,43,Masculino,14,41.5,0,2,8.7,1,Servicios Personales
0,8.76,31.7,38,Femenino,7,53.5,0,1,29.2,0,Servicios Personales
0,13.72,56.0,56,Masculino,12,31.8,0,1,6.3,1,Servicios Personales
0,10.88,57.6,53,Masculino,11,54.9,0,1,13.6,0,Comercio & Retail
0,9.46,41.8,50,Femenino,11,47.6,0,2,47.8,0,Agroindustria
0,7.12,10.5,47,Masculino,1,66.6,0,2,52.7,0,Tecnología
1,42.97,53.2,54,Femenino,13,47.2,1,45,13.4,0,Servicios Personales
0,10.78,60.0,40,Femenino,10,44.0,0,4,27.5,0,Comercio & Retail
1,42.56,53.9,27,Masculino,12,43.5,1,45,32.8,1,Comercio & Retail
0,12.71,49.9,22,Masculino,12,57.1,0,1,32.8,1,Comercio & Retail
0,10.81,53.8,53,Masculino,11,58.7,0,1,13.3,0,Servicios Personales
0,12.24,54.5,51,Masculino,8,46.1,0,1,17.5,1,Comercio & Retail
0,13.93,50.8,48,Femenino,9,68.7,0,1,26.6,0,Manufactura
0,14.58,66.0,27,Masculino,10,46.9,0,1,26.9,0,Comercio & Retail
0,12.71,68.5,36,Masculino,11,45.2,1,1,20.7,0,Tecnología
0,12.43,39.5,49,Masculino,8,62.0,0,1,40.9,1,Servicios Personales
0,15.36,72.3,18,Femenino,14,47.7,0,2,27.4,0,Servicios Personales
0,12.97,62.0,22,Masculino,9,45.3,0,2,26.0,1,Servicios Personales
0,11.01,34.2,62,Masculino,6,63.8,0,1,22.6,0,Comercio & Retail
0,12.76,65.4,21,Masculino,12,45.0,0,1,10.3,0,Manufactura
1,50.55,74.0,33,Masculino,17,47.0,1,45,19.5,1,Comercio & Retail
0,9.87,36.7,41,Femenino,6,46.5,0,1,23.2,0,Logística
0,13.97,52.4,33,Masculino,10,44.0,0,1,69.3,0,Agroindustria
1,49.75,77.3,19,Masculino,14,44.4,1,12,59.2,1,Comercio & Retail
1,38.44,59.2,45,Femenino,12,43.5,1,120,38.0,1,Tecnología
1,45.69,65.2,49,Masculino,12,41.6,1,450,51.4,1,Tecnología
0,11.93,58.8,44,Femenino,10,31.5,0,1,38.6,0,Manufactura
0,5.2,7.1,37,Femenino,0,36.3,0,1,17.9,1,Manufactura
1,39.98,55.0,41,Masculino,11,42.9,1,120,15.5,1,Manufactura
1,48.46,63.6,29,Femenino,11,35.5,1,120,3.8,1,Servicios Personales
1,54.88,89.4,52,Femenino,14,41.3,1,45,31.3,1,Comercio & Retail
0,10.57,30.4,50,Masculino,7,37.8,1,2,29.1,1,Manufactura
0,13.97,84.3,50,Femenino,16,61.9,0,4,45.7,0,Servicios Personales
0,14.13,63.1,60,Femenino,9,57.2,1,4,32.8,1,Manufactura
0,8.06,48.0,54,Femenino,8,66.4,0,2,53.9,0,Manufactura
0,6.54,34.0,29,Femenino,7,50.5,0,4,19.3,0,Agroindustria
1,48.95,70.5,20,Masculino,14,45.1,1,45,18.0,1,Comercio & Retail
0,11.93,29.3,18,Masculino,6,47.8,0,2,52.7,0,Comercio & Retail
1,37.83,58.0,50,Masculino,12,42.2,1,12,20.4,1,Manufactura
0,11.29,46.9,57,Masculino,7,36.3,0,2,62.1,0,Servicios Personales
0,13.83,54.4,27,Femenino,10,43.5,0,4,21.9,0,Comercio & Retail
0,9.88,33.0,60,Masculino,4,67.1,0,2,18.0,1,Manufactura
0,13.1,55.3,61,Masculino,13,49.3,0,4,20.5,0,Logística
0,10.88,44.9,46,Masculino,9,48.5,0,1,34.3,1,Comercio & Retail
0,15.5,69.1,30,Masculino,12,47.1,0,2,36.2,0,Comercio & Retail
0,11.29,34.3,29,Masculino,9,50.0,0,1,27.1,0,Logística
0,12.56,49.7,48,Masculino,12,54.8,0,1,55.5,0,Tecnología
0,10.15,51.9,63,Femenino,10,34.1,0,1,8.0,1,Agroindustria
0,14.49,61.8,19,Masculino,13,37.0,0,1,17.3,0,Servicios Personales
0,14.9,70.7,52,Femenino,12,47.5,0,1,13.9,0,Manufactura
0,10.7,35.1,40,Femenino,11,44.2,0,1,11.3,0,Servicios Personales
0,5.29,42.2,34,Femenino,7,40.5,0,4,18.8,1,Tecnología
0,10.31,60.7,43,Femenino,8,45.1,0,2,22.2,1,Manufactura
0,12.68,46.3,25,Femenino,7,39.8,1,1,29.5,0,Comercio & Retail
1,45.53,59.7,46,Femenino,15,37.8,1,120,16.7,1,Comercio & Retail
1,54.55,91.3,43,Masculino,13,43.3,1,450,23.8,1,Comercio & Retail
0,11.72,49.5,27,Masculino,10,57.0,0,1,34.0,0,Agroindustria
0,4.67,22.7,43,Masculino,8,48.2,1,1,74.6,0,Comercio & Retail
0,11.54,51.1,51,Femenino,7,61.3,0,2,51.9,0,Servicios Personales
1,39.96,46.9,58,Masculino,10,46.0,1,12,17.0,1,Manufactura
1,63.22,100.0,24,Masculino,17,41.6,1,45,15.7,1,Comercio & Retail
1,47.58,62.2,21,Femenino,10,42.1,1,12,18.0,1,Comercio & Retail
1,57.66,96.3,62,Masculino,15,38.6,1,45,31.2,1,Servicios Personales
0,10.94,48.5,28,Masculino,11,42.0,0,1,16.6,0,Comercio & Retail
1,43.42,75.8,46,Femenino,12,38.0,1,12,36.7,1,Comercio & Retail
0,12.28,38.9,53,Masculino,8,42.1,0,1,29.7,1,Manufactura
0,10.72,54.4,42,Masculino,9,76.9,0,1,40.8,0,Agroindustria
0,9.92,44.7,38,Femenino,7,62.0,0,2,66.3,0,Manufactura
1,46.2,72.9,53,Femenino,11,42.8,1,45,6.5,1,Logística
0,12.7,59.1,27,Femenino,9,51.0,1,1,15.7,0,Comercio & Retail
0,12.89,54.4,54,Femenino,11,63.5,0,1,29.1,1,Servicios Personales
0,10.63,49.9,26,Masculino,6,73.4,0,1,1.9,1,Servicios Personales
0,15.32,62.1,41,Masculino,12,54.4,0,1,29.0,1,Comercio & Retail
1,49.55,65.9,52,Femenino,11,33.6,1,45,34.5,1,Servicios Personales
0,12.01,62.0,52,Masculino,11,45.3,0,4,23.8,0,Comercio & Retail
1,46.72,56.9,53,Femenino,11,39.6,1,450,24.6,1,Logística
0,8.35,37.8,35,Femenino,9,49.8,1,1,54.7,1,Manufactura
1,56.22,100.0,56,Femenino,22,38.0,1,12,22.0,1,Servicios Personales
0,14.98,56.2,49,Masculino,12,46.5,0,2,28.0,0,Logística
0,9.73,42.7,41,Femenino,10,46.7,1,2,51.4,1,Comercio & Retail
1,52.85,75.3,40,Femenino,13,42.3,1,45,57.4,1,Manufactura
0,10.88,40.7,49,Femenino,8,27.6,0,1,7.3,0,Tecnología
0,6.79,28.9,54,Masculino,8,65.7,0,4,37.6,0,Servicios Personales
0,15.29,67.0,29,Masculino,13,49.4,0,4,15.4,0,Manufactura
0,13.05,65.5,30,Femenino,13,38.2,0,1,38.8,1,Comercio & Retail
0,14.01,74.4,40,Femenino,15,50.0,0,1,41.6,0,Comercio & Retail
0,10.07,34.4,42,Masculino,5,55.4,1,2,37.9,1,Logística
1,39.63,44.9,52,Masculino,10,44.6,0,12,27.4,1,Servicios Personales
0,14.04,55.0,58,Femenino,11,52.9,1,2,39.1,1,Agroindustria
0,14.33,77.4,47,Masculino,13,65.8,0,2,14.1,0,Servicios Personales
0,14.89,71.5,34,Masculino,12,33.5,0,1,49.4,0,Servicios Personales
0,11.49,39.5,37,Femenino,7,44.5,0,1,12.3,0,Manufactura
0,12.58,68.9,42,Masculino,12,38.3,0,1,44.0,0,Agroindustria
1,41.19,59.9,39,Masculino,11,38.6,1,45,38.3,1,Logística
0,11.28,55.7,30,Masculino,11,61.6,0,2,44.0,0,Servicios Personales
0,12.84,51.5,36,Femenino,6,55.5,0,1,29.1,0,Manufactura
0,5.9,30.1,53,Femenino,6,53.4,0,2,31.2,1,Servicios Personales
1,50.08,86.1,29,Femenino,17,45.9,1,12,61.8,1,Comercio & Retail
1,49.1,54.4,58,Femenino,14,43.7,0,45,46.0,1,Comercio & Retail
0,13.25,58.6,36,Masculino,10,26.2,0,1,9.9,0,Comercio & Retail
0,12.16,48.4,29,Masculino,10,41.7,0,4,18.3,0,Manufactura
1,53.91,83.2,26,Masculino,18,42.7,1,12,28.8,1,Comercio & Retail
0,11.27,52.1,24,Masculino,10,53.5,0,2,55.8,0,Servicios Personales
0,10.21,32.8,45,Femenino,10,46.5,0,1,12.5,0,Comercio & Retail
0,11.08,26.9,31,Masculino,7,33.9,0,1,32.7,0,Comercio & Retail
1,44.16,59.3,48,Masculino,9,42.3,1,45,61.4,1,Agroindustria
0,9.21,32.0,36,Femenino,4,39.7,0,2,17.2,1,Comercio & Retail
1,47.96,77.6,64,Masculino,12,41.3,1,45,22.2,1,Manufactura
1,46.82,61.3,33,Femenino,15,45.1,1,45,20.5,1,Comercio & Retail
0,15.59,83.5,22,Masculino,15,54.7,0,1,23.9,0,Agroindustria
0,12.13,47.6,52,Masculino,7,49.3,0,1,2.7,0,Servicios Personales
0,10.21,30.6,29,Femenino,1,46.9,0,4,41.4,1,Comercio & Retail
0,15.28,57.9,42,Masculino,11,45.9,0,1,37.8,0,Logística
1,47.7,76.1,38,Masculino,15,45.8,0,45,7.7,1,Servicios Personales
0,10.07,22.2,53,Femenino,4,47.4,0,4,27.4,0,Logística
0,14.57,48.3,40,Femenino,9,45.3,0,2,27.5,0,Agroindustria
0,12.83,54.1,33,Femenino,11,50.8,0,1,15.7,0,Manufactura
0,10.54,29.7,56,Masculino,7,40.5,0,1,44.0,0,Servicios Personales
0,9.84,28.4,62,Masculino,3,38.9,0,2,70.3,0,Servicios Personales
0,12.18,52.4,59,Masculino,7,52.1,0,1,21.9,0,Logística
1,41.05,58.8,56,Masculino,8,45.5,1,45,22.8,1,Servicios Personales
0,6.64,18.9,31,Masculino,3,55.8,0,8,56.2,0,Agroindustria
0,12.15,70.6,48,Femenino,14,40.1,0,1,29.1,1,Tecnología
0,15.9,77.7,22,Masculino,16,43.9,0,1,28.5,0,Comercio & Retail
1,49.33,69.7,52,Femenino,10,39.5,1,450,17.6,1,Tecnología
1,49.09,84.9,40,Femenino,13,34.4,1,120,27.4,1,Comercio & Retail
0,7.19,18.0,46,Masculino,4,45.2,0,1,22.1,0,Manufactura
1,39.05,55.9,60,Femenino,9,30.8,1,45,16.5,1,Comercio & Retail
0,14.61,52.3,28,Masculino,8,37.8,0,1,12.9,0,Tecnología
0,12.8,61.0,35,Masculino,12,20.8,0,1,14.9,1,Tecnología
0,8.94,5.0,64,Femenino,0,19.3,0,1,15.0,0,Servicios Personales
0,8.39,58.1,29,Femenino,9,44.5,0,1,38.3,0,Manufactura
1,42.39,75.2,26,Masculino,12,35.6,1,120,22.9,1,Comercio & Retail
0,10.4,53.5,27,Masculino,11,14.6,0,1,27.8,1,Manufactura
0,15.29,79.0,61,Femenino,13,47.5,0,2,11.7,0,Logística
0,10.28,47.0,34,Femenino,8,62.0,0,1,39.6,1,Servicios Personales
0,9.13,29.2,55,Masculino,0,42.6,0,2,22.9,0,Comercio & Retail
0,15.82,85.2,24,Masculino,14,49.0,0,1,5.8,0,Tecnología
0,12.91,66.8,63,Femenino,13,58.8,0,1,42.1,1,Logística
1,48.32,83.2,30,Femenino,16,36.2,1,45,2.6,1,Agroindustria
0,11.98,48.0,57,Masculino,10,62.9,0,2,23.5,0,Tecnología
1,37.37,46.8,59,Masculino,12,39.9,1,45,47.0,1,Manufactura
1,56.54,93.5,26,Masculino,19,46.8,1,12,3.6,1,Manufactura
0,9.56,12.3,44,Masculino,3,42.6,0,1,31.3,1,Comercio & Retail
0,15.97,83.9,19,Masculino,12,46.0,0,2,13.7,0,Servicios Personales
0,16.47,86.4,22,Femenino,15,70.9,0,1,39.4,1,Manufactura
1,46.36,57.5,46,Masculino,11,43.5,1,45,55.6,1,Servicios Personales
1,52.34,81.7,54,Femenino,10,53.2,1,12,20.7,1,Tecnología
0,8.11,24.7,55,Masculino,4,70.0,0,1,39.5,0,Logística
1,50.69,75.1,36,Femenino,16,50.5,1,120,55.3,1,Servicios Personales
1,50.78,67.0,25,Femenino,14,41.3,1,12,54.5,1,Comercio & Retail
0,14.54,74.4,62,Masculino,15,35.2,0,1,22.6,0,Manufactura
0,15.29,51.9,18,Masculino,10,50.8,0,2,41.7,0,Manufactura
1,43.66,55.6,39,Femenino,9,38.4,1,120,34.6,1,Agroindustria
0,11.1,45.0,34,Masculino,10,29.3,0,1,51.4,1,Comercio & Retail
1,52.45,80.3,24,Femenino,16,46.8,1,45,50.3,1,Comercio & Retail
0,13.22,45.6,42,Femenino,9,41.6,0,2,19.4,0,Manufactura
1,55.23,79.6,62,Masculino,16,43.0,1,450,55.5,0,Servicios Personales
0,10.79,40.2,21,Femenino,9,45.1,0,1,14.1,0,Manufactura
0,10.15,34.4,53,Masculino,7,46.6,0,2,28.6,1,Manufactura
0,11.56,44.3,23,Femenino,2,37.5,1,1,3.3,0,Manufactura
0,11.62,53.8,48,Masculino,12,13.8,0,1,14.2,0,Comercio & Retail
0,14.31,72.2,36,Masculino,13,53.5,0,4,5.1,1,Logística
0,7.17,33.6,61,Femenino,6,69.9,0,2,33.8,0,Comercio & Retail
0,15.15,68.8,56,Femenino,16,44.8,0,2,24.1,0,Logística
0,9.04,35.6,44,Masculino,5,56.7,0,1,48.4,1,Manufactura
0,15.82,58.3,27,Masculino,13,41.5,0,4,9.1,1,Servicios Personales
0,14.69,72.2,43,Femenino,13,46.4,0,2,17.1,0,Comercio & Retail
1,50.57,69.8,36,Masculino,14,46.3,1,12,24.5,1,Agroindustria
0,8.59,40.4,56,Femenino,3,47.5,0,1,22.8,0,Comercio & Retail
0,12.54,57.9,20,Femenino,14,72.9,0,1,57.6,0,Manufactura
0,13.12,53.8,62,Femenino,9,53.9,0,1,35.3,0,Comercio & Retail
0,13.25,54.7,30,Femenino,9,23.2,0,1,12.9,0,Logística
1,40.37,57.0,45,Masculino,13,37.7,1,45,43.7,1,Comercio & Retail
0,18.57,64.4,37,Masculino,14,35.8,0,2,31.7,0,Comercio & Retail
0,8.52,8.8,45,Masculino,2,50.8,0,1,53.9,1,Logística
0,10.4,19.4,25,Masculino,5,64.5,0,1,6.6,0,Logística
1,42.93,73.8,58,Masculino,15,41.5,1,12,10.4,1,Agroindustria
0,13.01,71.1,56,Masculino,12,67.0,0,1,41.0,0,Agroindustria
0,13.12,57.7,18,Masculino,11,53.6,0,1,49.8,0,Logística
0,10.35,38.1,20,Masculino,6,33.0,0,1,15.0,0,Tecnología
0,13.19,50.0,30,Masculino,12,45.6,0,1,52.8,1,Agroindustria
0,11.89,54.0,45,Femenino,15,56.8,0,1,37.4,0,Manufactura
1,55.23,94.4,42,Masculino,19,38.4,1,45,29.2,1,Manufactura
0,8.65,44.4,50,Masculino,9,35.0,0,1,13.9,0,Servicios Personales
0,12.17,49.0,55,Masculino,13,27.1,0,1,41.0,1,Servicios Personales
0,13.97,77.6,23,Masculino,17,42.2,0,1,20.0,1,Tecnología
0,9.78,33.5,61,Masculino,4,54.8,0,1,21.9,1,Servicios Personales
1,53.6,87.0,62,Masculino,17,40.8,1,45,13.9,1,Manufactura
0,11.27,61.0,49,Femenino,11,49.7,0,2,13.0,1,Logística
0,10.97,48.0,62,Masculino,10,43.3,0,2,36.4,0,Comercio & Retail
0,11.42,52.9,64,Femenino,8,36.5,0,1,42.5,1,Logística
0,12.59,50.8,38,Masculino,9,54.8,0,1,48.4,0,Logística
0,8.9,34.2,33,Masculino,7,57.7,0,1,28.2,1,Tecnología
0,10.23,27.8,38,Femenino,6,39.8,0,4,11.3,0,Comercio & Retail
1,53.18,65.0,28,Femenino,12,43.6,0,45,16.1,1,Servicios Personales
1,53.4,79.7,54,Masculino,14,47.0,0,12,46.4,1,Comercio & Retail
0,11.14,44.9,53,Femenino,6,38.4,0,1,32.6,0,Servicios Personales
0,11.69,44.6,52,Femenino,7,67.6,0,1,16.1,1,Comercio & Retail
1,43.82,65.3,36,Masculino,11,39.0,1,45,7.9,1,Servicios Personales
0,14.09,62.7,37,Femenino,6,57.3,0,1,24.2,0,Logística
0,14.77,61.9,35,Femenino,11,51.9,0,1,16.6,1,Logística
0,14.09,52.6,64,Masculino,9,39.5,0,1,12.2,0,Agroindustria
0,11.97,36.4,58,Femenino,4,50.0,0,1,35.9,0,Comercio & Retail
1,48.33,70.5,31,Femenino,12,48.8,1,45,11.5,1,Agroindustria
0,9.09,33.6,32,Masculino,8,45.9,0,2,31.8,0,Manufactura
0,16.61,72.8,48,Masculino,14,35.0,0,1,7.3,0,Manufactura
0,13.23,61.0,18,Masculino,9,47.4,0,2,25.4,0,Manufactura
1,46.75,60.5,20,Masculino,7,40.1,1,450,10.8,1,Manufactura
0,8.49,55.2,33,Masculino,10,59.1,0,1,37.2,0,Agroindustria
0,17.1,70.5,40,Femenino,15,39.4,0,2,62.2,1,Manufactura
1,55.99,84.6,28,Femenino,17,45.1,1,45,49.0,1,Logística
0,11.06,56.6,29,Femenino,12,61.5,0,1,42.3,0,Comercio & Retail
1,40.94,62.7,27,Femenino,8,42.6,1,120,28.0,0,Comercio & Retail
1,39.5,59.8,49,Masculino,10,37.4,1,45,7.4,1,Comercio & Retail
0,10.27,54.5,33,Masculino,10,26.2,0,1,16.8,1,Servicios Personales
0,12.21,62.1,25,Femenino,9,77.4,0,1,10.2,0,Tecnología
0,14.01,39.5,55,Masculino,9,46.0,0,1,44.0,0,Servicios Personales
0,8.73,18.3,29,Femenino,6,37.7,0,1,20.4,1,Servicios Personales
1,48.9,75.2,41,Femenino,14,37.5,1,12,43.5,1,Manufactura
1,47.93,77.7,45,Masculino,13,42.0,1,120,56.8,1,Manufactura
0,9.2,53.6,25,Femenino,10,28.5,0,1,48.3,0,Servicios Personales
1,47.1,68.2,45,Femenino,15,42.7,1,120,10.4,1,Comercio & Retail
1,44.84,53.4,53,Femenino,12,39.8,1,45,5.5,1,Logística
0,8.61,26.7,43,Femenino,6,50.0,0,2,39.3,0,Comercio & Retail
0,10.3,57.7,25,Masculino,9,58.9,0,2,38.8,0,Comercio & Retail
1,57.75,87.2,45,Masculino,16,43.1,1,45,7.4,0,Comercio & Retail
0,11.78,60.2,45,Femenino,9,55.5,0,1,5.3,0,Comercio & Retail
0,10.54,43.1,54,Femenino,7,30.4,0,1,7.2,0,Logística
0,13.78,55.4,58,Masculino,13,44.3,0,1,22.2,0,Servicios Personales
0,9.87,43.9,53,Masculino,9,52.8,0,2,14.2,1,Agroindustria
1,47.01,69.0,44,Femenino,12,38.4,1,120,2.0,1,Comercio & Retail
0,11.94,44.6,34,Femenino,10,52.5,0,2,53.6,0,Logística
0,14.04,42.0,26,Masculino,7,29.9,0,2,19.8,0,Servicios Personales
0,9.64,32.8,50,Masculino,7,37.6,0,1,20.9,0,Manufactura
0,10.04,24.0,37,Femenino,4,28.9,0,2,54.9,0,Agroindustria
0,8.72,27.5,30,Masculino,6,58.4,0,2,18.3,1,Servicios Personales
1,47.2,63.2,45,Femenino,12,40.8,1,45,28.9,1,Manufactura
0,10.59,60.4,46,Masculino,15,49.1,0,1,9.9,0,Manufactura
0,8.57,39.4,30,Masculino,8,39.6,0,4,6.2,1,Comercio & Retail
0,11.42,43.5,63,Masculino,5,65.5,0,1,38.7,1,Manufactura
1,50.77,81.5,52,Femenino,14,45.2,1,12,14.0,1,Manufactura
1,53.23,77.7,23,Femenino,14,43.5,1,45,51.3,1,Servicios Personales
1,51.53,81.2,35,Femenino,13,53.4,1,12,19.6,1,Servicios Personales
0,5.4,17.8,22,Masculino,4,45.7,0,4,23.7,0,Comercio & Retail
1,45.89,62.1,64,Femenino,12,43.0,1,12,35.2,1,Manufactura
0,14.08,63.8,42,Femenino,12,60.1,0,2,13.5,1,Servicios Personales
1,52.82,86.5,19,Femenino,13,44.0,1,45,20.2,1,Manufactura
0,12.05,56.6,27,Masculino,11,48.6,0,1,53.0,1,Tecnología
0,13.24,51.0,47,Femenino,7,51.6,0,1,9.5,1,Tecnología
0,14.58,63.9,62,Femenino,8,52.6,1,8,9.3,0,Manufactura
0,16.91,72.3,22,Femenino,14,63.5,0,2,34.7,0,Comercio & Retail
1,43.52,54.3,50,Masculino,11,43.3,1,450,7.9,1,Comercio & Retail
0,7.38,31.2,18,Masculino,5,39.6,0,2,54.5,1,Manufactura
1,47.44,61.9,35,Masculino,16,43.8,1,45,31.6,1,Comercio & Retail
1,52.18,66.4,49,Masculino,14,43.3,0,450,24.9,1,Manufactura
0,14.82,64.8,64,Masculino,16,56.2,1,2,19.6,1,Comercio & Retail
1,50.82,78.8,28,Femenino,14,36.8,1,120,45.2,1,Manufactura
0,8.34,23.4,38,Masculino,6,39.6,0,1,38.9,1,Manufactura
0,15.1,62.9,43,Femenino,11,42.2,0,1,30.6,1,Servicios Personales
0,14.5,74.4,42,Femenino,12,29.5,0,1,44.9,0,Logística
0,10.87,42.3,39,Masculino,5,36.8,0,1,35.9,0,Logística
0,12.24,34.2,44,Femenino,6,35.1,0,4,30.3,1,Comercio & Retail
0,15.84,74.6,30,Femenino,13,44.9,0,2,8.5,1,Manufactura
1,43.58,67.1,50,Femenino,13,38.3,1,120,42.5,1,Manufactura
1,49.46,86.4,51,Masculino,19,40.0,1,45,2.7,1,Manufactura
0,12.77,47.4,58,Femenino,9,64.9,0,4,23.9,0,Comercio & Retail
0,10.12,35.4,52,Masculino,4,26.1,0,1,29.2,1,Comercio & Retail
0,11.1,35.4,18,Masculino,9,42.2,0,2,46.6,0,Comercio & Retail
1,46.95,62.0,38,Masculino,13,41.2,1,45,13.0,1,Comercio & Retail
0,13.84,54.7,23,Femenino,9,64.6,0,4,18.9,0,Manufactura
0,11.38,49.9,45,Masculino,10,58.8,0,1,11.5,0,Manufactura
0,8.87,34.1,34,Femenino,8,61.0,0,1,12.0,0,Comercio & Retail
1,48.63,66.1,22,Femenino,15,46.4,1,45,21.4,1,Comercio & Retail
1,46.28,68.7,48,Femenino,13,38.7,1,45,39.7,1,Agroindustria
0,12.11,47.8,22,Masculino,7,68.1,0,1,8.4,0,Comercio & Retail
1,42.64,57.8,55,Femenino,8,38.0,1,45,60.4,1,Servicios Personales
0,9.75,50.8,20,Femenino,7,47.5,1,2,39.4,0,Servicios Personales
0,11.28,34.7,40,Femenino,3,39.8,1,2,76.6,0,Agroindustria
0,8.64,23.8,54,Femenino,7,56.5,0,1,28.2,1,Comercio & Retail
0,12.5,34.5,54,Masculino,3,44.4,0,2,24.6,0,Servicios Personales
0,17.62,65.8,27,Masculino,14,53.5,0,1,28.9,0,Comercio & Retail
0,13.3,56.6,27,Masculino,14,46.3,0,2,13.3,0,Comercio & Retail
0,13.46,56.6,36,Femenino,9,58.8,0,8,30.8,0,Tecnología
1,41.56,60.8,34,Femenino,11,40.5,1,120,35.7,1,Manufactura
0,12.83,79.8,38,Masculino,14,45.0,0,2,14.9,0,Manufactura
0,11.13,61.7,31,Femenino,13,54.3,0,1,5.1,0,Servicios Personales
1,55.9,86.9,26,Masculino,18,43.5,1,12,33.6,1,Agroindustria
0,11.9,41.0,63,Femenino,11,55.0,0,1,23.9,0,Logística
1,58.71,98.6,18,Masculino,16,49.7,1,120,7.4,0,Servicios Personales
0,11.73,41.6,62,Femenino,10,51.1,0,4,61.6,1,Comercio & Retail
0,9.8,46.9,30,Femenino,10,45.9,0,8,38.4,0,Tecnología
0,9.71,56.7,21,Masculino,13,67.1,0,2,53.9,0,Servicios Personales
0,13.1,65.1,18,Masculino,12,44.1,0,2,49.6,1,Manufactura
0,9.99,38.5,57,Femenino,8,54.2,1,4,49.9,0,Comercio & Retail
0,13.62,53.8,49,Masculino,7,53.3,0,1,66.8,0,Agroindustria
0,14.61,58.1,51,Masculino,10,28.5,0,1,15.9,0,Logística
0,7.7,12.1,45,Femenino,3,44.1,0,4,24.2,0,Agroindustria
1,52.13,58.8,48,Femenino,9,38.6,1,45,38.7,1,Servicios Personales
0,11.87,48.1,25,Femenino,6,53.0,0,1,9.0,0,Servicios Personales
0,7.82,39.7,56,Femenino,8,70.9,0,2,13.4,0,Agroindustria
0,9.39,31.6,43,Masculino,7,43.9,0,4,21.2,0,Comercio & Retail
0,16.29,71.0,51,Femenino,13,50.9,0,2,15.7,0,Logística
0,14.14,69.6,20,Femenino,12,57.0,0,1,37.8,0,Servicios Personales
0,13.36,45.0,29,Femenino,10,41.5,0,1,43.7,0,Logística
0,12.63,60.2,18,Masculino,9,43.3,0,1,58.9,0,Tecnología
1,45.88,65.3,61,Femenino,14,37.0,1,120,30.6,1,Agroindustria
1,49.09,78.8,22,Femenino,13,37.0,1,45,35.2,1,Servicios Personales
0,11.32,39.2,47,Femenino,10,51.0,0,1,11.5,0,Tecnología
1,47.85,67.7,47,Masculino,15,42.7,1,45,23.6,1,Comercio & Retail
0,11.24,48.9,34,Femenino,9,55.7,0,1,14.1,0,Comercio & Retail
0,13.71,49.1,64,Masculino,11,31.5,0,2,13.0,1,Logística
0,12.34,46.7,40,Femenino,8,50.9,0,2,13.7,1,Comercio & Retail
0,11.11,47.5,32,Femenino,9,38.8,0,2,18.0,0,Manufactura
0,13.34,44.9,54,Masculino,8,33.5,0,4,3.0,0,Manufactura
1,38.04,63.0,38,Femenino,13,38.6,1,12,22.5,1,Servicios Personales
0,9.86,46.1,31,Masculino,11,46.9,0,4,12.9,0,Comercio & Retail
0,10.17,38.8,19,Masculino,6,41.1,0,1,37.3,0,Agroindustria
1,45.89,61.7,28,Masculino,12,42.7,1,12,32.6,1,Manufactura
0,18.86,72.9,56,Masculino,17,36.5,0,2,18.5,0,Logística
1,46.58,55.5,55,Femenino,7,42.5,1,45,44.9,1,Logística
0,11.28,46.1,51,Femenino,7,69.4,0,1,20.4,1,Comercio & Retail
0,15.35,62.2,55,Masculino,10,59.0,0,1,34.5,0,Tecnología
1,44.73,66.9,51,Masculino,15,50.1,1,120,67.9,1,Servicios Personales
0,7.27,23.9,35,Masculino,8,62.7,0,8,12.2,1,Agroindustria
1,58.63,100.0,47,Femenino,17,40.8,1,45,34.7,1,Servicios Personales
0,10.45,40.7,32,Femenino,6,31.8,0,8,52.7,1,Agroindustria
0,10.67,62.6,44,Masculino,11,48.3,0,2,41.6,1,Comercio & Retail
0,8.81,34.2,51,Femenino,4,33.2,0,4,19.2,0,Tecnología
0,12.26,43.0,55,Femenino,6,53.3,0,1,66.8,0,Logística
0,9.92,40.4,50,Femenino,9,72.3,0,1,11.1,1,Manufactura
0,13.37,48.7,41,Masculino,11,47.8,0,1,47.9,0,Servicios Personales
1,45.82,64.7,32,Femenino,15,42.9,0,45,28.4,1,Logística
0,12.1,48.5,47,Masculino,7,55.2,0,4,31.5,0,Servicios Personales
1,41.53,50.9,59,Femenino,12,43.1,1,12,36.5,1,Manufactura
0,8.63,19.7,34,Masculino,5,68.9,0,2,12.6,0,Comercio & Retail
0,15.53,64.6,22,Masculino,14,56.5,0,1,11.6,1,Manufactura
1,51.66,72.3,46,Femenino,15,45.6,1,45,34.2,1,Manufactura
0,12.71,70.5,21,Masculino,14,43.9,0,1,36.8,0,Agroindustria
0,15.89,66.1,27,Femenino,14,47.8,0,1,16.6,0,Manufactura
1,48.23,59.8,34,Femenino,10,44.3,1,45,39.4,0,Servicios Personales
1,46.75,70.7,27,Masculino,11,44.8,1,450,29.6,1,Manufactura
1,40.87,55.5,34,Femenino,10,45.6,1,45,14.8,1,Comercio & Retail
1,43.3,66.6,37,Femenino,10,39.0,0,12,15.3,1,Manufactura
0,10.73,48.5,41,Femenino,7,52.1,0,1,21.4,0,Agroindustria
0,13.21,49.4,22,Femenino,11,41.8,0,1,28.0,0,Comercio & Retail
1,45.66,54.5,51,Masculino,12,52.5,1,12,40.1,1,Servicios Personales
1,44.69,62.0,23,Femenino,14,38.1,1,12,43.1,1,Manufactura
0,13.88,57.1,19,Masculino,11,51.6,0,8,17.7,0,Manufactura
0,13.63,64.2,30,Masculino,13,34.7,0,1,11.4,0,Servicios Personales
0,13.75,48.9,60,Femenino,7,58.2,1,8,4.5,1,Comercio & Retail
1,50.09,73.4,60,Femenino,15,35.5,1,12,11.1,1,Servicios Personales
0,14.06,53.5,28,Masculino,9,59.8,0,1,30.0,0,Manufactura
0,7.02,11.3,64,Femenino,2,68.4,0,2,18.5,1,Comercio & Retail
0,10.08,53.4,40,Femenino,9,49.3,0,2,24.0,1,Logística
1,47.02,58.2,33,Femenino,12,43.6,1,120,41.0,1,Tecnología
0,13.26,49.5,48,Masculino,10,53.0,0,1,17.9,1,Tecnología
0,9.75,20.5,28,Masculino,3,47.8,0,4,24.8,1,Comercio & Retail
0,13.79,74.1,33,Femenino,11,40.1,0,1,41.0,1,Comercio & Retail
0,12.65,43.2,25,Femenino,10,38.1,0,1,50.0,0,Manufactura
0,10.85,45.8,21,Masculino,6,50.5,0,2,15.8,1,Agroindustria
1,42.6,62.5,57,Masculino,12,39.4,1,450,16.5,0,Servicios Personales
0,10.31,37.4,21,Masculino,9,34.2,0,1,21.0,0,Manufactura
0,6.99,24.0,42,Masculino,3,32.4,0,2,45.6,0,Servicios Personales
0,9.8,43.6,20,Femenino,13,37.0,0,1,28.6,0,Comercio & Retail
0,14.23,76.2,49,Masculino,11,48.9,0,4,35.5,0,Servicios Personales
1,52.3,75.3,20,Femenino,16,41.6,1,45,38.0,1,Logística
0,12.42,54.2,44,Femenino,7,41.2,0,2,45.7,0,Logística
1,47.5,64.5,46,Masculino,9,51.3,1,12,58.4,1,Agroindustria
0,17.82,65.3,49,Femenino,14,26.5,0,1,35.7,0,Comercio & Retail
0,10.84,43.3,36,Masculino,7,51.4,1,1,52.6,0,Logística
1,49.34,72.9,38,Femenino,14,47.2,1,45,20.4,1,Servicios Personales
0,20.26,90.0,22,Masculino,14,42.1,0,1,36.6,0,Comercio & Retail
0,11.75,57.1,35,Masculino,11,35.8,0,4,28.7,0,Tecnología
1,41.4,50.5,45,Femenino,9,40.9,1,45,18.5,1,Manufactura
0,11.75,33.0,59,Masculino,8,47.6,0,4,58.1,0,Comercio & Retail
0,8.88,34.1,39,Femenino,7,47.3,0,2,33.9,0,Manufactura
0,12.08,54.0,38,Masculino,11,66.3,0,2,11.0,0,Manufactura
0,9.64,28.0,23,Femenino,0,40.3,0,1,14.7,0,Logística
0,13.47,65.9,18,Masculino,8,42.3,0,2,70.4,1,Logística
0,11.43,48.0,22,Femenino,7,42.0,0,8,49.7,0,Logística
0,12.0,42.5,58,Femenino,6,36.2,0,1,54.3,1,Tecnología
0,13.7,65.8,29,Femenino,11,32.6,0,1,10.2,0,Tecnología
0,7.62,24.2,43,Femenino,4,49.3,0,1,24.2,1,Servicios Personales
0,16.41,88.9,63,Masculino,15,50.1,0,2,19.6,1,Servicios Personales
0,14.08,52.7,51,Masculino,13,49.2,0,1,18.4,0,Comercio & Retail
1,51.13,70.5,31,Masculino,15,42.2,1,45,39.7,1,Servicios Personales
0,13.88,53.5,43,Femenino,8,53.4,0,1,55.0,1,Comercio & Retail
0,12.82,54.2,62,Femenino,11,60.8,0,2,53.4,0,Comercio & Retail
1,55.73,91.7,44,Femenino,13,36.9,1,450,33.1,1,Manufactura
0,12.4,61.7,26,Masculino,10,37.7,0,1,51.8,0,Agroindustria
0,12.86,56.8,43,Masculino,8,43.6,0,1,25.5,1,Tecnología
0,13.88,47.4,64,Femenino,10,36.1,0,2,8.8,0,Tecnología
0,12.96,60.6,39,Femenino,9,25.8,0,2,24.7,0,Comercio & Retail
0,10.1,47.1,64,Femenino,6,51.0,0,1,23.3,0,Servicios Personales
0,9.02,34.6,47,Masculino,1,60.9,0,4,21.5,0,Comercio & Retail
0,9.23,17.1,60,Masculino,6,64.8,0,4,17.1,0,Comercio & Retail
0,6.34,11.2,34,Masculino,1,54.1,0,2,25.8,0,Manufactura
0,13.77,46.4,43,Femenino,7,58.0,0,1,7.3,0,Servicios Personales
0,17.05,78.7,53,Masculino,15,64.5,0,2,16.6,1,Comercio & Retail
0,7.97,26.5,18,Masculino,3,51.9,0,8,10.6,0,Servicios Personales
0,11.58,47.7,25,Femenino,12,46.4,0,4,38.6,0,Comercio & Retail
1,51.39,77.0,52,Masculino,15,46.7,0,12,13.3,1,Logística
0,9.5,34.1,32,Femenino,4,43.4,0,1,33.6,1,Manufactura
1,53.37,83.0,64,Femenino,17,46.3,1,45,22.6,1,Comercio & Retail
1,39.18,54.6,39,Masculino,10,42.8,0,450,21.8,1,Tecnología
1,51.24,84.4,31,Femenino,15,39.5,1,45,37.4,1,Comercio & Retail
1,42.62,57.5,43,Masculino,11,43.7,0,12,31.7,1,Comercio & Retail
0,10.36,34.5,45,Masculino,8,27.9,0,1,53.4,0,Comercio & Retail
0,8.92,29.0,40,Femenino,0,54.8,0,1,9.6,0,Comercio & Retail
0,10.4,52.5,31,Masculino,6,62.4,0,2,41.2,0,Agroindustria
1,46.71,66.6,41,Masculino,13,38.7,1,450,41.5,0,Agroindustria
1,54.41,87.8,19,Femenino,16,37.4,1,12,52.7,1,Servicios Personales
0,9.42,19.8,62,Femenino,5,58.2,0,2,52.2,0,Tecnología
0,12.17,53.6,43,Femenino,10,35.6,1,1,23.3,0,Comercio & Retail
0,9.62,29.9,31,Femenino,8,39.7,0,4,18.6,0,Logística
1,47.7,74.2,24,Femenino,12,38.8,1,12,15.4,1,Tecnología
0,10.89,40.0,20,Femenino,10,58.8,0,1,66.5,0,Manufactura
0,10.81,46.9,64,Femenino,9,34.2,0,1,12.0,1,Comercio & Retail
0,12.05,65.2,40,Masculino,12,40.7,0,8,2.4,0,Agroindustria
0,11.48,51.2,63,Femenino,7,32.4,0,8,39.1,0,Manufactura
0,11.81,60.3,60,Masculino,10,35.7,0,4,9.8,1,Servicios Personales
1,53.45,78.4,64,Masculino,13,43.3,1,12,59.3,1,Servicios Personales
0,16.36,51.0,62,Masculino,7,53.8,0,1,45.5,0,Logística
1,38.93,64.1,35,Femenino,9,43.5,1,450,39.1,1,Servicios Personales
0,10.05,29.4,55,Masculino,8,48.7,0,1,48.4,0,Manufactura
1,45.47,58.2,52,Masculino,12,44.5,1,450,2.1,1,Comercio & Retail
0,12.14,63.5,32,Masculino,11,56.2,0,2,38.8,1,Manufactura
0,14.12,62.7,42,Femenino,8,66.4,0,2,51.5,0,Servicios Personales
1,41.16,53.9,54,Femenino,11,47.4,1,45,33.6,0,Manufactura
0,10.67,34.7,45,Masculino,0,45.7,0,2,70.2,0,Agroindustria
0,13.81,70.5,27,Femenino,13,33.3,0,2,40.0,0,Manufactura
1,43.7,59.9,56,Femenino,13,43.6,1,12,28.7,1,Manufactura
0,8.93,35.5,34,Femenino,8,30.6,0,2,27.1,1,Servicios Personales
0,11.75,50.4,56,Masculino,7,69.3,0,8,3.0,0,Servicios Personales
1,39.5,48.6,39,Masculino,10,42.4,1,120,17.5,1,Manufactura
0,11.71,40.3,43,Femenino,7,31.2,0,4,17.0,0,Logística
0,13.21,44.6,61,Masculino,7,43.6,0,1,17.2,0,Tecnología
0,14.51,61.0,42,Masculino,11,45.8,0,2,47.4,0,Manufactura
0,17.28,86.1,34,Masculino,13,39.8,0,1,69.9,0,Comercio & Retail
0,13.52,62.9,30,Masculino,11,56.3,0,2,3.4,0,Agroindustria
0,16.35,93.0,37,Masculino,21,24.0,0,2,23.2,1,Comercio & Retail
1,46.27,67.5,42,Masculino,15,42.6,1,120,21.3,0,Comercio & Retail
1,49.91,83.7,21,Femenino,13,38.1,1,12,31.8,1,Comercio & Retail
1,46.92,61.8,27,Masculino,13,40.1,1,45,33.5,0,Logística
0,13.93,60.8,20,Femenino,10,57.6,0,1,21.4,0,Servicios Personales
0,15.54,64.9,58,Femenino,12,43.9,0,1,14.2,0,Logística
1,47.33,63.2,62,Femenino,11,42.4,1,120,7.9,1,Comercio & Retail
1,55.01,85.0,35,Masculino,14,44.6,1,12,5.7,1,Tecnología
0,15.17,53.8,64,Masculino,9,44.7,0,1,61.8,0,Manufactura
1,46.35,59.2,53,Femenino,9,43.8,1,120,24.2,1,Logística
1,50.54,74.1,64,Femenino,14,48.8,1,45,10.8,1,Manufactura
0,10.98,42.5,39,Masculino,8,49.1,0,2,19.1,0,Servicios Personales
0,10.61,43.9,51,Femenino,6,44.4,0,1,51.3,0,Comercio & Retail
0,7.75,36.5,64,Masculino,7,61.1,0,4,8.0,1,Comercio & Retail
1,47.87,55.4,25,Femenino,13,45.8,1,12,5.0,1,Servicios Personales
1,53.96,100.0,57,Femenino,20,47.1,1,12,31.5,1,Comercio & Retail
0,14.43,47.6,61,Masculino,7,24.9,0,2,39.2,0,Comercio & Retail
0,15.7,66.6,36,Femenino,12,53.1,0,1,47.5,1,Servicios Personales
1,40.37,58.8,59,Femenino,11,43.9,1,120,27.3,1,Agroindustria
1,53.04,70.3,58,Femenino,14,42.3,1,120,23.9,1,Comercio & Retail
0,12.94,52.2,54,Masculino,12,45.1,0,1,24.8,1,Comercio & Retail
0,12.66,56.4,23,Masculino,15,80.0,0,1,32.4,0,Agroindustria
0,11.4,67.9,43,Femenino,11,28.5,0,1,37.5,0,Tecnología
0,13.46,51.7,51,Femenino,7,26.4,0,1,19.5,0,Servicios Personales
0,8.28,40.5,62,Masculino,7,62.6,0,1,16.1,0,Logística
0,12.81,73.7,23,Femenino,11,59.8,0,1,31.4,0,Servicios Personales
1,49.38,68.0,54,Masculino,12,40.9,0,120,30.4,1,Comercio & Retail
0,10.99,54.4,50,Femenino,9,48.0,0,1,27.6,0,Manufactura
1,59.73,100.0,39,Femenino,18,45.4,1,12,37.8,1,Servicios Personales
0,13.25,58.5,38,Masculino,14,36.0,0,1,12.5,0,Logística
0,9.83,22.5,23,Femenino,2,29.7,0,1,33.7,0,Manufactura
0,11.13,46.5,23,Masculino,10,30.9,0,1,66.6,0,Manufactura
0,12.71,35.3,21,Femenino,6,45.8,0,2,56.5,0,Servicios Personales
1,49.21,82.3,47,Femenino,17,39.9,0,12,14.7,1,Comercio & Retail
0,10.57,22.6,28,Masculino,2,47.1,0,1,30.0,1,Logística
1,43.03,52.3,47,Femenino,12,50.0,1,45,14.1,0,Manufactura
0,15.51,55.7,48,Masculino,10,42.9,0,1,63.8,0,Tecnología
0,15.25,58.8,41,Femenino,13,67.1,0,1,49.0,0,Servicios Personales
0,15.08,71.0,26,Masculino,11,42.9,0,1,11.9,0,Servicios Personales
1,50.76,94.6,20,Masculino,18,31.0,1,12,41.0,1,Comercio & Retail
0,15.99,70.4,48,Femenino,13,68.3,0,2,8.8,0,Servicios Personales
0,8.25,22.2,57,Masculino,3,43.2,0,1,23.8,0,Comercio & Retail
1,53.33,76.5,54,Masculino,15,42.6,1,120,5.7,1,Comercio & Retail
1,44.14,66.1,53,Femenino,11,47.0,1,120,37.2,0,Tecnología
0,12.71,71.6,41,Masculino,15,31.0,0,1,19.7,0,Servicios Personales
0,11.95,35.1,48,Masculino,9,49.3,0,4,29.3,1,Comercio & Retail
0,11.6,46.2,23,Femenino,6,61.0,0,4,17.1,0,Manufactura
0,12.52,40.3,19,Femenino,5,43.8,0,2,10.8,0,Servicios Personales
1,57.68,74.2,37,Femenino,14,42.2,1,120,20.5,1,Servicios Personales
1,42.3,59.4,45,Femenino,13,38.3,1,45,1.2,1,Manufactura
0,14.92,56.6,28,Masculino,8,54.7,1,2,18.5,0,Logística
0,11.02,26.5,21,Femenino,0,41.9,0,1,35.2,0,Servicios Personales
1,47.84,73.8,32,Masculino,14,46.0,1,12,13.3,1,Comercio & Retail
0,6.28,19.0,23,Femenino,2,28.5,0,1,24.5,0,Manufactura
1,52.19,83.2,47,Femenino,18,40.8,1,12,39.9,1,Servicios Personales
0,11.72,31.0,55,Masculino,5,42.9,0,1,49.5,0,Servicios Personales
0,13.36,50.6,19,Masculino,10,36.1,1,1,44.6,1,Manufactura
0,10.42,55.5,32,Masculino,11,59.0,0,2,42.2,1,Manufactura
0,13.3,62.2,28,Femenino,11,68.4,0,1,21.6,0,Comercio & Retail
1,46.68,68.0,25,Femenino,11,38.2,1,45,4.3,1,Comercio & Retail
0,13.11,69.5,43,Femenino,10,51.3,0,1,41.7,0,Comercio & Retail
0,10.58,37.9,62,Masculino,8,50.3,0,1,22.9,0,Servicios Personales
0,12.76,43.5,61,Femenino,9,41.8,0,2,22.0,0,Manufactura
0,13.83,55.4,22,Masculino,8,29.5,0,1,35.5,1,Comercio & Retail
0,9.72,45.9,23,Masculino,10,39.5,0,1,39.8,0,Comercio & Retail
0,8.93,15.4,43,Femenino,3,38.0,0,1,8.0,0,Manufactura
0,12.32,49.6,21,Masculino,11,31.9,0,1,6.2,0,Comercio & Retail
0,13.67,53.2,36,Masculino,10,61.5,0,1,13.7,0,Agroindustria
1,51.43,83.4,37,Masculino,13,45.9,1,45,7.2,1,Manufactura
0,13.37,49.7,50,Femenino,9,56.4,0,4,12.4,0,Comercio & Retail
1,44.16,65.7,37,Femenino,12,40.7,1,120,18.0,1,Comercio & Retail
0,14.43,51.0,29,Femenino,12,34.2,0,1,35.0,1,Comercio & Retail
0,13.22,61.7,64,Femenino,9,69.0,0,2,11.7,0,Comercio & Retail
0,13.03,67.7,18,Masculino,11,56.5,0,1,45.1,1,Comercio & Retail
0,7.78,30.3,43,Masculino,5,48.6,0,1,10.6,0,Comercio & Retail
0,16.11,68.1,31,Femenino,15,58.9,0,2,33.6,0,Servicios Personales
0,9.5,56.6,55,Masculino,8,65.0,1,2,38.2,0,Comercio & Retail
0,9.45,48.7,54,Masculino,9,39.2,0,2,30.3,0,Comercio & Retail
0,9.98,32.4,28,Femenino,6,32.8,0,1,30.8,1,Comercio & Retail
0,9.86,39.3,53,Femenino,7,49.3,0,4,19.8,1,Comercio & Retail
1,51.08,81.4,30,Masculino,16,40.6,1,12,10.2,1,Comercio & Retail
1,48.8,66.3,60,Masculino,11,41.3,1,45,29.4,1,Tecnología
0,13.45,54.2,20,Masculino,9,56.7,0,2,41.1,0,Servicios Personales
0,12.79,53.7,50,Femenino,9,42.7,0,4,31.1,0,Agroindustria
0,13.81,52.6,23,Femenino,10,57.2,0,1,58.0,0,Logística
1,45.98,68.5,27,Femenino,13,39.8,1,45,27.5,1,Manufactura
0,9.47,55.1,22,Masculino,11,51.8,0,2,60.9,0,Logística
0,12.25,56.3,40,Masculino,11,51.1,0,4,24.2,1,Comercio & Retail
0,12.73,53.2,27,Femenino,6,31.6,0,2,33.5,1,Servicios Personales
0,13.08,51.4,61,Masculino,9,35.5,0,1,25.7,1,Comercio & Retail
0,13.11,55.3,19,Masculino,11,51.5,0,1,71.2,0,Comercio & Retail
0,12.68,48.3,30,Masculino,10,37.1,0,1,48.8,0,Manufactura
0,8.18,25.0,57,Masculino,8,48.6,0,4,24.4,1,Manufactura
1,50.88,67.9,19,Femenino,8,38.2,1,45,30.8,1,Logística
0,17.08,85.0,37,Masculino,12,64.4,0,1,26.2,0,Manufactura
0,17.72,69.3,18,Femenino,12,66.9,0,1,27.1,0,Agroindustria
1,40.79,60.6,54,Femenino,14,49.2,1,120,41.3,1,Comercio & Retail
0,17.32,86.3,26,Masculino,11,40.7,1,1,19.7,0,Manufactura
0,5.39,9.0,34,Masculino,2,41.4,0,4,14.4,1,Manufactura
1,56.65,94.9,26,Masculino,19,41.0,1,12,8.0,1,Logística
0,12.06,37.9,28,Masculino,10,27.1,0,4,63.3,0,Agroindustria
0,9.53,25.3,32,Masculino,8,47.6,0,1,47.7,0,Manufactura
0,12.58,57.3,41,Masculino,10,63.9,0,1,6.2,0,Manufactura
0,15.42,50.6,55,Femenino,8,28.0,0,2,36.7,0,Agroindustria
0,10.46,44.2,52,Masculino,7,55.0,0,4,22.0,0,Comercio & Retail
1,45.71,77.9,47,Femenino,12,45.1,1,12,42.2,1,Comercio & Retail
0,13.16,50.5,48,Femenino,9,43.4,0,1,23.2,0,Comercio & Retail
0,11.12,63.1,22,Femenino,10,32.2,0,2,39.2,0,Manufactura
0,6.56,7.2,61,Masculino,0,48.9,0,1,19.8,1,Servicios Personales
0,11.87,64.0,31,Masculino,9,32.0,0,1,40.3,0,Comercio & Retail
0,8.85,52.8,28,Masculino,6,41.3,0,4,22.9,1,Comercio & Retail
0,11.89,44.5,26,Masculino,8,39.4,0,4,20.8,1,Tecnología
0,14.29,62.8,51,Femenino,11,38.5,0,8,29.5,1,Manufactura
0,9.89,40.0,29,Masculino,8,36.5,0,1,29.4,0,Servicios Personales
0,9.88,44.8,52,Masculino,8,28.6,0,1,15.7,0,Tecnología
1,46.26,62.4,52,Masculino,10,46.5,1,120,21.0,1,Comercio & Retail
0,15.16,51.8,18,Masculino,8,30.4,0,2,19.6,1,Manufactura
0,9.53,21.7,57,Masculino,6,36.3,0,1,16.3,1,Logística
0,7.97,15.6,39,Masculino,3,52.2,0,2,10.5,0,Comercio & Retail
0,11.46,53.1,46,Masculino,11,36.7,0,1,57.7,0,Agroindustria
0,12.34,49.2,25,Femenino,8,43.6,1,1,6.5,0,Servicios Personales
0,8.53,21.8,28,Masculino,4,55.9,1,4,42.0,0,Servicios Personales
1,42.52,60.9,58,Femenino,15,41.7,1,45,30.9,1,Comercio & Retail
0,11.8,32.7,54,Femenino,11,39.8,0,1,15.4,0,Comercio & Retail
0,13.18,55.9,31,Masculino,5,49.0,0,1,28.8,1,Agroindustria
0,11.5,45.0,47,Femenino,7,22.7,0,1,17.2,0,Agroindustria
1,48.12,56.6,52,Masculino,14,37.5,1,120,20.7,1,Manufactura
0,14.0,61.3,38,Femenino,9,54.1,0,4,16.0,1,Agroindustria
1,49.05,61.9,54,Femenino,8,44.0,1,12,48.4,1,Comercio & Retail
0,15.88,69.1,22,Masculino,13,42.2,0,2,14.5,0,Comercio & Retail
0,10.22,57.2,36,Femenino,9,52.2,0,1,24.7,1,Manufactura
1,48.91,88.1,31,Masculino,15,44.5,1,12,18.7,1,Manufactura
0,11.35,53.1,43,Femenino,8,38.1,0,2,14.5,0,Comercio & Retail
0,13.49,53.3,21,Femenino,8,58.4,1,1,44.8,0,Comercio & Retail
0,11.07,39.7,42,Femenino,10,61.7,0,1,81.8,0,Comercio & Retail
1,36.86,43.7,62,Femenino,14,33.1,1,120,14.9,1,Comercio & Retail
0,16.63,67.6,59,Masculino,11,51.5,0,2,4.1,0,Logística
1,39.82,52.8,42,Femenino,10,32.7,1,45,19.0,1,Servicios Personales
0,9.68,38.5,35,Masculino,7,19.0,0,2,18.3,0,Servicios Personales
0,11.21,48.7,57,Masculino,6,53.4,0,1,44.4,1,Comercio & Retail
0,10.57,61.5,25,Masculino,14,29.9,0,4,31.5,0,Comercio & Retail
1,51.45,70.6,56,Masculino,14,39.7,1,12,56.0,1,Servicios Personales
1,53.39,71.6,57,Femenino,14,35.7,1,12,23.1,1,Servicios Personales
0,14.94,73.9,31,Femenino,13,47.9,0,1,9.7,0,Manufactura
1,43.07,66.4,49,Masculino,12,35.9,1,120,16.2,1,Comercio & Retail
0,14.32,66.4,55,Masculino,12,41.7,0,1,23.7,0,Tecnología
0,13.03,55.0,50,Masculino,11,32.0,0,2,6.8,0,Comercio & Retail
0,13.05,59.2,40,Masculino,12,46.4,0,2,4.9,0,Comercio & Retail
0,12.07,58.4,32,Femenino,10,59.9,0,1,41.5,1,Logística
0,13.87,58.0,50,Femenino,12,36.8,1,1,4.0,0,Servicios Personales
0,13.33,58.7,42,Masculino,13,35.0,0,1,9.3,1,Servicios Personales
0,10.08,47.9,34,Masculino,5,64.2,0,1,13.6,1,Comercio & Retail
0,14.64,64.3,50,Femenino,14,57.2,0,2,32.7,0,Comercio & Retail
0,14.4,50.4,64,Masculino,10,48.0,0,1,39.6,0,Manufactura
0,17.49,91.3,19,Femenino,16,41.0,0,1,15.4,1,Comercio & Retail
0,13.25,68.1,31,Femenino,15,25.7,0,1,19.4,0,Servicios Personales
0,11.43,42.2,57,Masculino,6,32.3,0,8,43.2,0,Logística
1,45.26,59.1,57,Masculino,10,37.7,1,12,23.6,1,Manufactura
0,7.52,26.1,56,Masculino,3,39.4,0,2,30.8,1,Servicios Personales
0,10.91,47.1,23,Femenino,9,35.9,0,2,49.5,1,Comercio & Retail
0,11.77,47.7,23,Femenino,11,57.7,0,1,17.4,0,Servicios Personales
0,14.31,73.3,20,Masculino,13,26.4,0,1,55.2,0,Comercio & Retail
1,49.61,66.0,24,Femenino,10,47.7,1,12,27.0,1,Tecnología
1,49.08,73.0,25,Masculino,12,37.1,1,12,34.6,1,Tecnología
0,9.38,46.7,59,Masculino,7,42.0,0,2,33.0,1,Comercio & Retail
0,8.17,35.2,32,Masculino,10,48.2,0,1,22.0,0,Comercio & Retail
0,11.94,54.7,64,Femenino,8,40.5,1,4,34.8,0,Comercio & Retail
0,13.31,57.9,46,Masculino,11,33.0,0,2,51.1,0,Logística
1,47.73,69.1,50,Femenino,15,45.2,1,120,55.4,1,Servicios Personales
0,16.1,61.6,47,Femenino,10,51.7,0,2,20.3,0,Servicios Personales
0,11.81,37.3,56,Femenino,5,54.6,0,2,55.8,0,Servicios Personales
0,12.33,69.1,44,Femenino,11,57.6,0,1,39.4,1,Servicios Personales
1,48.34,70.4,53,Masculino,13,38.7,1,12,6.5,1,Tecnología
0,11.45,40.3,46,Femenino,7,27.9,1,1,16.9,0,Comercio & Retail
0,13.29,71.5,55,Femenino,15,59.6,0,1,22.9,0,Comercio & Retail
0,9.84,53.1,50,Masculino,8,59.2,0,2,9.6,1,Comercio & Retail
0,8.35,29.6,54,Femenino,7,34.0,0,1,22.3,1,Comercio & Retail
0,10.11,22.0,44,Masculino,3,49.8,0,2,26.9,1,Manufactura
0,8.56,37.1,50,Femenino,11,47.4,0,4,25.5,0,Logística
0,18.45,87.2,21,Femenino,17,49.5,1,4,17.0,1,Manufactura
1,45.6,65.5,39,Masculino,11,44.5,1,45,29.7,1,Servicios Personales
0,6.35,35.3,19,Femenino,7,47.4,0,2,18.8,1,Manufactura
0,14.03,52.1,27,Masculino,12,42.7,0,1,12.9,0,Manufactura
0,14.46,76.5,22,Femenino,13,68.6,0,1,18.5,1,Agroindustria
0,13.31,63.9,27,Femenino,14,35.3,0,1,15.8,0,Servicios Personales
0,11.4,41.4,50,Femenino,5,34.2,0,1,29.3,0,Manufactura
1,45.17,78.9,55,Femenino,16,42.8,1,12,37.5,1,Manufactura
0,10.8,53.7,30,Femenino,11,42.9,1,1,47.7,0,Manufactura
0,16.06,88.8,48,Masculino,17,34.1,0,2,28.1,0,Servicios Personales
0,14.64,59.3,64,Femenino,11,55.8,0,1,43.7,1,Manufactura
0,15.78,77.9,53,Femenino,12,42.2,0,2,36.0,1,Logística
0,10.2,31.6,62,Femenino,6,43.0,0,1,5.5,1,Comercio & Retail
1,46.33,57.8,41,Masculino,14,36.9,1,120,26.0,1,Comercio & Retail
0,11.87,38.8,32,Masculino,6,57.8,0,4,38.8,0,Manufactura
0,12.39,63.8,46,Masculino,11,46.9,0,1,21.2,1,Tecnología
0,10.25,45.1,25,Masculino,8,66.8,1,2,42.5,0,Servicios Personales
0,15.54,73.0,22,Femenino,10,56.8,0,1,21.8,1,Servicios Personales
1,46.02,83.1,46,Femenino,14,41.9,1,120,19.6,0,Logística
1,41.35,45.7,64,Masculino,9,46.5,1,45,30.1,1,Comercio & Retail
0,11.55,71.6,21,Masculino,14,41.9,1,1,12.4,1,Comercio & Retail
0,9.45,28.9,29,Femenino,8,43.2,0,1,15.8,1,Manufactura
0,15.03,65.5,62,Femenino,10,73.6,0,2,32.5,0,Comercio & Retail
1,54.22,80.2,19,Masculino,18,42.6,1,120,56.4,1,Logística
0,12.51,57.0,44,Masculino,10,43.5,0,4,19.9,1,Manufactura
0,14.59,52.4,48,Femenino,10,33.3,0,1,13.3,0,Manufactura
0,10.31,44.1,53,Masculino,11,26.2,0,1,22.4,0,Manufactura
1,43.46,59.3,53,Femenino,9,44.2,1,120,44.2,1,Servicios Personales
0,7.01,28.4,43,Femenino,6,45.2,0,4,11.5,0,Comercio & Retail
1,54.89,81.8,60,Femenino,18,38.3,1,120,6.6,1,Comercio & Retail
0,10.11,55.5,44,Femenino,8,68.2,0,2,29.5,1,Comercio & Retail
0,9.46,21.3,22,Femenino,4,33.0,0,2,54.2,0,Comercio & Retail
0,12.49,65.9,37,Masculino,9,79.7,0,2,32.7,0,Tecnología
0,10.1,49.1,28,Femenino,11,36.8,0,2,10.9,0,Tecnología
0,9.8,39.3,27,Masculino,9,33.5,1,1,61.4,1,Comercio & Retail
0,11.66,55.5,57,Femenino,10,44.4,0,2,38.1,0,Agroindustria
0,13.96,67.3,55,Femenino,9,55.3,1,1,15.9,0,Logística
0,14.68,62.9,23,Masculino,12,43.3,0,2,39.6,1,Manufactura
0,17.05,76.8,25,Masculino,13,44.3,0,2,33.9,1,Servicios Personales
0,13.42,37.6,40,Masculino,9,56.9,0,4,25.8,0,Servicios Personales
0,16.69,91.3,64,Masculino,20,64.2,0,2,19.9,0,Comercio & Retail
1,42.76,68.0,43,Femenino,14,45.8,1,120,36.7,1,Servicios Personales
0,11.32,42.4,63,Femenino,10,77.6,1,2,44.1,0,Tecnología
0,7.57,19.1,60,Masculino,5,55.0,0,1,20.6,0,Servicios Personales
0,8.91,52.6,29,Masculino,10,64.5,0,1,35.4,0,Manufactura
1,50.19,82.8,43,Masculino,13,42.5,1,45,15.1,1,Servicios Personales
0,12.5,69.2,30,Masculino,13,43.3,0,1,30.1,0,Comercio & Retail
0,8.41,20.2,57,Masculino,3,52.3,0,1,31.0,1,Comercio & Retail
0,9.44,34.6,35,Femenino,10,40.5,0,1,22.2,0,Logística
0,9.48,43.3,42,Masculino,8,53.9,0,1,39.2,0,Comercio & Retail
0,13.95,74.6,50,Masculino,16,40.6,0,1,19.3,0,Servicios Personales
1,47.13,58.8,64,Masculino,10,46.2,1,12,30.2,1,Comercio & Retail
0,8.14,16.5,57,Femenino,1,53.0,0,1,27.5,1,Comercio & Retail
0,13.17,65.3,60,Femenino,11,40.0,0,1,44.0,0,Servicios Personales
0,10.41,34.7,29,Femenino,3,76.5,0,1,45.6,0,Comercio & Retail
0,11.55,62.3,61,Femenino,12,28.2,0,2,24.8,0,Servicios Personales
0,17.91,94.4,53,Masculino,20,43.7,0,1,66.8,1,Manufactura
0,17.44,75.3,21,Femenino,15,59.6,0,1,10.1,1,Agroindustria
0,11.4,41.6,22,Femenino,11,39.4,0,1,41.3,0,Logística
0,13.6,50.2,54,Femenino,7,29.5,0,2,43.6,1,Comercio & Retail
0,16.63,92.0,25,Masculino,15,32.8,0,2,56.0,0,Comercio & Retail
0,13.16,63.6,59,Masculino,12,55.3,0,4,34.3,0,Comercio & Retail
0,12.16,43.2,45,Femenino,9,51.5,0,1,20.7,0,Servicios Personales
0,11.3,46.9,48,Femenino,8,50.7,0,2,47.9,1,Comercio & Retail
0,12.23,38.7,26,Femenino,7,50.6,0,4,6.8,0,Servicios Personales
0,12.94,59.3,46,Masculino,11,57.2,0,2,55.3,0,Servicios Personales
0,11.59,43.9,31,Femenino,8,26.6,0,2,49.4,1,Manufactura
0,9.75,37.5,57,Masculino,11,72.5,0,1,21.8,0,Comercio & Retail
1,44.81,72.0,58,Femenino,14,39.7,1,450,61.9,0,Manufactura
0,14.12,69.2,39,Femenino,8,43.9,0,1,42.1,1,Servicios Personales
0,11.59,49.6,28,Masculino,12,58.6,0,1,9.4,1,Servicios Personales
1,57.24,86.0,40,Femenino,15,44.1,1,45,23.0,1,Logística
0,14.76,67.0,18,Masculino,12,47.6,0,2,38.9,0,Agroindustria
1,44.18,57.8,63,Femenino,13,43.7,1,12,38.0,1,Manufactura
1,42.57,49.6,54,Masculino,12,41.1,0,120,5.4,1,Manufactura
1,45.69,57.6,38,Masculino,10,45.4,1,450,15.2,1,Servicios Personales
0,13.61,70.6,43,Masculino,13,49.8,0,1,18.2,0,Tecnología
1,49.48,63.9,63,Femenino,16,40.4,1,450,26.9,1,Tecnología
1,47.65,76.3,53,Femenino,13,33.0,1,45,37.8,1,Comercio & Retail
0,13.46,46.1,40,Femenino,9,48.3,0,1,50.0,0,Manufactura
0,12.78,55.9,18,Masculino,9,55.2,0,8,32.8,0,Comercio & Retail
1,42.43,62.0,57,Masculino,10,38.5,1,45,28.8,1,Agroindustria
1,53.38,80.0,32,Femenino,14,46.8,1,45,15.9,1,Comercio & Retail
0,11.78,37.1,38,Femenino,8,65.7,0,2,39.8,0,Tecnología
0,12.02,59.1,64,Masculino,6,47.3,0,2,8.4,1,Comercio & Retail
1,43.25,53.8,26,Femenino,12,46.8,1,120,35.7,1,Manufactura
0,14.68,63.9,26,Femenino,10,30.0,0,1,18.7,1,Comercio & Retail
0,14.92,74.0,27,Femenino,16,43.7,0,4,38.4,1,Comercio & Retail
0,8.41,19.5,43,Masculino,1,44.6,0,2,10.5,0,Agroindustria
0,12.96,57.8,58,Masculino,11,49.0,0,2,44.3,1,Manufactura
1,40.93,51.7,52,Masculino,8,43.9,1,45,68.1,1,Servicios Personales
1,50.12,77.5,42,Femenino,13,38.3,1,45,68.3,1,Servicios Personales
0,11.31,44.9,43,Masculino,9,49.7,0,2,25.3,0,Manufactura
0,8.66,38.2,28,Masculino,8,24.5,0,1,20.1,0,Comercio & Retail
0,10.67,50.4,55,Femenino,14,54.6,0,1,12.5,1,Tecnología
0,17.46,76.8,19,Masculino,15,43.2,0,2,0.7,0,Tecnología
0,12.75,53.3,24,Femenino,10,45.1,1,2,15.0,0,Comercio & Retail
0,13.08,56.1,35,Femenino,10,43.9,0,1,12.4,0,Tecnología
1,54.54,74.0,44,Femenino,15,38.0,1,45,43.7,1,Agroindustria
0,16.34,78.6,51,Femenino,14,30.8,0,1,27.3,0,Comercio & Retail
1,43.96,65.9,44,Masculino,14,46.1,1,45,24.5,1,Manufactura
0,10.96,50.5,34,Femenino,8,60.1,0,2,60.4,0,Logística
0,9.64,42.7,60,Femenino,7,62.8,0,2,28.9,1,Logística
1,47.6,69.4,61,Femenino,16,39.8,1,45,50.0,1,Tecnología
0,15.01,56.1,41,Masculino,12,23.8,0,1,3.6,0,Servicios Personales
0,8.72,52.2,42,Masculino,7,25.2,1,1,31.3,0,Manufactura
0,14.81,63.2,24,Masculino,10,56.9,0,2,18.9,0,Logística
0,11.61,62.4,23,Masculino,10,49.3,0,1,4.6,1,Tecnología
0,13.01,53.3,41,Femenino,10,62.6,0,1,27.8,0,Comercio & Retail
0,9.08,28.6,50,Femenino,9,42.3,0,4,56.1,0,Comercio & Retail
0,12.37,58.4,46,Masculino,15,28.1,0,1,36.8,0,Comercio & Retail
0,13.37,60.4,60,Femenino,12,70.4,0,1,36.9,0,Logística
1,54.79,75.8,39,Femenino,19,38.6,1,450,47.5,1,Comercio & Retail
1,51.84,86.4,43,Masculino,15,39.7,1,12,70.0,1,Manufactura
0,11.07,50.9,45,Femenino,11,55.9,0,1,54.2,1,Logística
0,15.42,72.3,38,Femenino,15,44.2,1,4,4.0,0,Tecnología
0,15.63,76.4,24,Femenino,11,54.5,0,2,20.4,0,Manufactura
1,54.74,100.0,34,Femenino,19,41.2,1,12,10.6,1,Servicios Personales
0,12.38,54.5,37,Masculino,9,55.6,0,1,44.1,0,Comercio & Retail
0,14.6,65.2,58,Masculino,12,41.6,1,1,30.3,0,Manufactura
0,13.57,39.4,37,Masculino,8,69.5,0,1,30.4,0,Comercio & Retail
0,13.29,58.6,39,Masculino,9,61.6,0,2,36.0,1,Servicios Personales
0,12.13,53.1,45,Femenino,9,54.7,1,1,54.9,0,Servicios Personales
1,50.39,73.6,57,Femenino,15,46.1,1,120,27.7,1,Servicios Personales
0,14.17,65.4,24,Femenino,11,58.8,0,4,5.0,0,Comercio & Retail
0,8.92,25.6,18,Femenino,1,40.3,0,4,20.9,0,Logística
0,13.9,45.3,49,Masculino,10,40.6,0,4,25.4,1,Tecnología
0,10.04,48.2,30,Masculino,6,39.6,1,4,30.1,0,Manufactura
0,13.6,46.1,47,Femenino,8,36.5,0,4,19.7,0,Tecnología
1,50.49,71.8,40,Femenino,14,47.5,1,12,25.4,1,Manufactura
0,8.51,21.8,36,Femenino,5,40.2,0,1,21.5,1,Comercio & Retail
0,9.59,22.1,49,Femenino,5,73.7,0,1,43.8,1,Servicios Personales
0,7.17,16.5,47,Femenino,4,42.9,0,8,62.5,0,Servicios Personales
1,50.15,74.9,46,Masculino,9,43.1,1,45,23.9,1,Servicios Personales
0,11.15,53.7,62,Masculino,4,48.4,1,1,39.4,0,Manufactura
0,6.59,14.0,46,Masculino,4,51.6,0,1,47.7,0,Agroindustria
0,10.56,35.9,47,Femenino,9,49.1,0,1,20.7,0,Comercio & Retail
0,15.47,53.9,33,Femenino,11,51.4,0,2,18.0,0,Comercio & Retail
0,13.37,54.1,57,Masculino,7,38.6,0,4,18.1,0,Comercio & Retail
0,15.06,65.3,36,Masculino,11,35.7,0,1,17.4,0,Comercio & Retail
1,44.61,76.7,35,Masculino,10,37.0,1,120,31.2,0,Logística
0,11.57,60.0,18,Masculino,12,34.0,0,1,65.5,0,Tecnología
0,11.06,32.0,31,Masculino,6,34.0,0,1,66.1,0,Agroindustria
1,51.77,87.6,64,Masculino,18,48.0,1,45,26.2,0,Manufactura
0,10.36,37.3,19,Femenino,6,53.8,0,1,35.6,1,Tecnología
0,13.32,46.7,45,Masculino,8,42.8,0,1,49.9,1,Logística
0,13.39,64.1,47,Femenino,12,49.8,0,1,24.1,0,Manufactura
1,51.8,76.2,55,Femenino,10,40.2,1,12,10.5,1,Comercio & Retail
1,49.98,68.2,21,Masculino,13,46.1,0,450,34.5,1,Comercio & Retail
0,10.57,40.4,18,Femenino,9,70.1,0,2,60.2,1,Comercio & Retail
0,11.34,32.1,25,Femenino,5,63.0,0,2,72.1,0,Manufactura
0,9.64,38.3,46,Femenino,4,54.6,0,2,6.4,0,Logística
1,55.36,89.0,56,Femenino,17,45.4,1,12,36.0,1,Comercio & Retail
0,12.75,56.5,20,Femenino,9,47.4,1,2,25.1,0,Tecnología
0,8.07,34.0,49,Femenino,9,28.9,0,1,23.0,0,Manufactura
0,14.49,67.4,27,Femenino,17,62.8,0,1,41.3,1,Comercio & Retail
0,9.37,45.7,27,Femenino,8,36.6,0,4,25.2,0,Manufactura
0,13.17,59.5,36,Masculino,10,55.6,0,2,45.4,0,Comercio & Retail
0,8.22,30.7,63,Femenino,6,32.8,1,2,21.4,0,Logística
0,9.39,49.9,51,Femenino,5,53.4,0,1,24.9,0,Servicios Personales
0,13.63,88.4,50,Masculino,17,28.5,0,4,67.7,1,Comercio & Retail
0,16.57,77.8,40,Masculino,17,33.4,0,1,11.1,0,Agroindustria
1,56.15,98.8,45,Masculino,14,36.9,1,45,40.5,1,Comercio & Retail
0,14.73,66.3,49,Femenino,14,50.0,0,1,5.5,1,Comercio & Retail
1,46.66,63.3,24,Masculino,13,41.2,1,120,21.8,1,Tecnología
0,12.64,38.8,46,Masculino,7,60.9,0,2,15.8,0,Agroindustria
1,38.98,59.4,25,Masculino,11,40.4,1,45,54.2,1,Comercio & Retail
0,7.15,36.3,18,Masculino,8,58.3,1,2,39.0,0,Tecnología
0,10.16,22.4,20,Masculino,0,44.4,0,1,19.1,0,Logística
0,15.19,79.7,41,Masculino,14,55.9,0,1,28.7,1,Comercio & Retail
0,16.53,69.7,40,Masculino,12,48.1,0,2,12.2,1,Logística
0,10.0,30.5,25,Femenino,5,31.4,0,1,20.6,0,Servicios Personales
0,12.57,46.5,64,Masculino,9,50.0,0,1,48.0,0,Servicios Personales
0,16.51,77.1,54,Masculino,14,22.4,0,1,40.7,1,Servicios Personales
0,12.14,61.2,20,Femenino,11,35.1,0,1,42.5,0,Manufactura
0,9.85,23.0,50,Masculino,4,38.5,0,2,31.3,0,Comercio & Retail
0,8.36,14.8,45,Femenino,5,49.4,0,2,19.3,1,Comercio & Retail
0,16.54,79.1,64,Femenino,17,68.4,0,1,4.2,0,Tecnología
0,13.46,60.2,25,Masculino,10,21.8,0,4,30.0,1,Comercio & Retail
1,46.7,75.9,51,Femenino,14,50.6,1,12,18.8,1,Comercio & Retail
1,49.32,67.9,52,Femenino,17,42.7,1,450,35.2,1,Manufactura
0,12.56,55.4,49,Femenino,8,54.9,0,2,35.2,0,Logística
0,16.52,77.5,41,Femenino,11,40.0,0,1,53.2,0,Servicios Personales
0,8.74,23.5,31,Femenino,3,46.0,0,2,29.4,0,Manufactura
0,12.09,45.0,49,Femenino,8,44.9,0,2,38.5,1,Logística
1,44.13,57.8,63,Femenino,12,40.0,1,120,11.7,1,Comercio & Retail
1,42.28,47.5,60,Masculino,9,43.1,1,12,46.0,1,Servicios Personales
0,16.15,75.1,33,Masculino,12,53.7,1,2,68.0,1,Comercio & Retail
1,46.08,63.2,21,Femenino,14,45.7,1,120,46.0,1,Tecnología
0,15.62,65.4,54,Masculino,12,35.2,1,1,26.5,1,Comercio & Retail
0,12.97,56.2,38,Femenino,11,35.3,0,1,25.6,0,Comercio & Retail
0,14.82,60.9,31,Femenino,11,63.5,0,1,3.2,0,Manufactura
0,11.24,44.1,48,Femenino,8,64.3,1,2,14.2,0,Manufactura
0,11.04,47.2,35,Masculino,6,39.2,0,1,8.9,1,Comercio & Retail
1,52.15,85.4,24,Masculino,15,44.3,1,45,13.2,1,Servicios Personales
0,12.72,70.7,27,Femenino,13,65.7,0,1,35.4,0,Logística
0,12.64,40.8,24,Femenino,7,26.9,0,1,47.2,1,Comercio & Retail
1,46.05,62.9,50,Femenino,10,46.5,1,45,19.3,1,Servicios Personales
0,12.04,27.5,40,Masculino,5,42.9,0,1,18.8,0,Comercio & Retail
0,12.03,51.3,38,Masculino,8,45.5,0,1,33.4,0,Agroindustria
0,13.18,57.9,36,Femenino,12,51.5,0,2,48.4,0,Logística
0,13.57,61.1,36,Masculino,11,36.5,0,1,26.5,0,Agroindustria
0,10.87,45.4,53,Femenino,10,57.8,0,4,9.4,1,Manufactura
0,12.94,54.8,46,Masculino,7,31.6,0,1,17.6,0,Manufactura
0,9.63,26.4,35,Masculino,6,60.0,0,1,46.5,0,Servicios Personales
0,10.57,69.7,19,Femenino,14,56.3,0,2,37.0,0,Tecnología
1,43.76,64.2,18,Masculino,16,47.5,1,450,74.7,1,Manufactura
1,47.37,74.6,64,Masculino,12,41.6,1,45,2.8,1,Comercio & Retail
1,46.58,66.5,22,Femenino,9,41.6,1,120,42.3,1,Logística
1,49.4,63.1,37,Femenino,15,38.4,1,12,20.7,1,Comercio & Retail
0,10.05,46.2,28,Masculino,7,41.1,0,1,33.1,0,Servicios Personales
1,45.22,68.0,59,Femenino,14,37.6,1,120,18.9,1,Servicios Personales
0,10.98,52.1,19,Femenino,8,35.7,0,2,32.0,0,Comercio & Retail
0,14.38,62.8,20,Femenino,8,58.0,0,2,24.3,0,Manufactura
1,47.62,54.9,40,Masculino,9,40.5,1,12,31.5,1,Servicios Personales
0,12.5,47.3,29,Masculino,10,41.8,0,1,28.4,1,Comercio & Retail
0,13.32,60.1,37,Masculino,13,43.7,0,2,37.7,0,Servicios Personales
0,9.68,31.5,22,Masculino,5,47.5,0,2,10.0,0,Comercio & Retail
0,13.36,39.7,54,Femenino,8,35.8,0,2,47.7,1,Servicios Personales
0,12.64,66.6,55,Masculino,11,53.5,0,1,30.8,0,Servicios Personales
1,50.14,71.5,47,Masculino,12,38.9,1,12,59.0,1,Manufactura
0,8.62,43.6,26,Femenino,4,53.4,0,1,8.5,1,Manufactura
0,9.38,38.8,51,Femenino,7,49.5,0,1,26.0,1,Manufactura
0,13.53,38.5,61,Femenino,3,63.7,0,2,7.2,1,Servicios Personales
0,14.54,59.8,52,Masculino,7,40.3,0,2,33.3,0,Comercio & Retail
0,8.25,33.7,39,Masculino,8,43.8,0,4,25.2,1,Comercio & Retail
0,11.6,58.1,61,Masculino,12,50.3,0,4,10.7,0,Manufactura
0,8.76,17.9,41,Masculino,1,39.1,0,1,17.1,1,Tecnología
0,14.26,71.2,34,Femenino,12,35.6,0,4,12.2,0,Servicios Personales
1,42.44,60.4,27,Masculino,8,35.3,1,120,29.5,1,Comercio & Retail
0,8.15,33.7,47,Masculino,9,36.6,0,4,53.8,0,Servicios Personales
1,44.59,64.3,63,Femenino,14,39.8,0,120,42.0,0,Servicios Personales
0,14.74,86.5,40,Masculino,15,49.3,0,1,39.1,0,Servicios Personales
0,9.35,38.5,49,Femenino,8,45.4,0,1,7.6,0,Logística
0,12.34,51.0,34,Masculino,7,66.7,0,2,25.6,0,Manufactura
0,13.07,56.7,34,Masculino,9,58.8,0,8,16.0,0,Logística
0,9.06,50.8,31,Masculino,7,53.4,0,2,10.2,0,Agroindustria
0,11.05,42.9,26,Masculino,5,62.0,0,1,40.5,0,Tecnología
0,11.06,50.7,57,Femenino,10,64.1,1,1,36.0,0,Agroindustria
0,11.33,40.3,19,Masculino,7,46.9,0,2,51.4,1,Manufactura
0,13.57,51.5,62,Femenino,10,65.6,0,1,31.1,0,Servicios Personales
1,50.08,81.3,42,Masculino,16,47.1,1,45,20.8,1,Comercio & Retail
0,8.14,33.7,56,Masculino,10,28.8,0,1,22.7,1,Servicios Personales
0,11.95,47.8,26,Masculino,7,22.2,0,1,50.0,0,Agroindustria
0,15.71,68.2,39,Femenino,9,26.9,0,1,29.6,0,Agroindustria
1,44.19,57.0,60,Masculino,10,45.8,1,45,29.1,1,Servicios Personales
1,35.04,49.8,63,Masculino,9,40.6,1,45,12.7,1,Manufactura
0,12.86,47.7,21,Masculino,8,72.7,0,1,9.2,1,Logística
0,8.5,36.3,43,Femenino,4,49.0,0,1,10.5,0,Logística
1,49.63,74.4,46,Femenino,12,42.3,1,45,21.2,1,Servicios Personales
0,10.53,42.3,62,Femenino,7,31.4,0,1,64.3,0,Logística
1,49.19,77.3,51,Masculino,16,37.7,1,45,30.2,1,Logística
0,8.95,37.3,40,Masculino,9,39.0,0,1,23.1,0,Servicios Personales
0,11.18,47.5,54,Masculino,8,48.2,0,1,14.5,1,Tecnología
0,10.9,35.0,28,Femenino,8,30.5,0,8,48.6,0,Agroindustria
1,36.51,53.5,23,Femenino,11,38.3,1,120,10.3,0,Manufactura
0,12.86,51.8,35,Masculino,7,52.0,0,1,29.9,0,Servicios Personales
0,12.83,53.2,38,Masculino,7,40.7,0,1,15.3,1,Comercio & Retail
0,14.63,67.6,59,Masculino,12,49.8,0,4,12.4,0,Comercio & Retail
0,10.34,51.1,53,Masculino,6,49.6,0,1,22.9,0,Manufactura
1,44.96,46.5,58,Femenino,12,45.5,1,45,31.1,1,Comercio & Retail
1,47.77,83.3,55,Masculino,13,46.3,1,450,34.4,1,Comercio & Retail
1,47.7,58.5,51,Masculino,13,35.2,1,450,52.4,1,Comercio & Retail
1,44.81,62.0,34,Masculino,11,34.6,1,450,51.2,1,Servicios Personales
0,8.48,20.3,54,Femenino,3,31.3,0,2,4.4,0,Comercio & Retail
0,10.0,38.1,42,Femenino,5,55.5,0,1,33.7,1,Manufactura
0,9.59,35.2,55,Femenino,5,41.8,0,1,12.7,0,Servicios Personales
0,14.02,62.4,29,Masculino,9,43.2,0,4,46.5,0,Agroindustria
0,15.42,79.6,40,Femenino,10,61.7,0,1,19.3,0,Logística
0,12.0,43.8,59,Femenino,5,62.0,0,1,13.6,0,Manufactura
0,12.98,49.8,39,Femenino,9,36.7,0,1,25.5,0,Servicios Personales
0,11.69,82.3,38,Masculino,13,18.5,1,1,32.2,1,Comercio & Retail
0,11.09,22.0,44,Femenino,6,40.7,0,1,39.0,0,Tecnología
0,8.75,37.2,48,Masculino,7,53.5,0,1,25.9,0,Agroindustria
0,14.77,68.7,23,Femenino,14,48.0,0,1,19.9,1,Logística
0,11.7,36.2,44,Femenino,6,49.2,0,4,5.4,0,Manufactura
0,13.21,51.6,57,Masculino,11,38.0,0,1,35.6,0,Comercio & Retail
1,49.32,82.0,51,Femenino,15,37.2,1,12,14.7,1,Tecnología
0,8.86,39.0,29,Femenino,6,43.5,0,1,13.0,1,Servicios Personales
0,10.38,37.6,62,Femenino,6,72.2,0,1,23.3,0,Agroindustria
0,14.93,65.1,24,Masculino,9,57.0,0,2,37.0,1,Comercio & Retail
0,11.55,50.5,27,Masculino,10,48.8,0,2,31.0,1,Logística
1,45.58,57.3,62,Femenino,8,42.8,1,12,21.1,1,Manufactura
1,54.55,80.3,34,Femenino,17,45.8,1,12,57.9,1,Manufactura
0,13.37,60.5,43,Masculino,12,37.5,0,1,28.0,0,Logística
0,11.82,35.4,38,Masculino,7,52.7,0,2,13.1,1,Servicios Personales
0,5.58,20.4,45,Femenino,5,49.4,0,1,37.3,0,Servicios Personales
0,9.22,48.4,63,Masculino,10,55.9,0,4,48.1,0,Comercio & Retail
0,12.4,45.2,19,Masculino,12,36.1,0,1,10.1,0,Servicios Personales
1,56.53,85.6,60,Masculino,17,48.2,1,120,20.8,1,Servicios Personales
0,11.98,51.9,18,Femenino,10,55.0,1,1,3.7,1,Manufactura
0,13.18,61.8,53,Femenino,9,41.7,0,1,17.2,0,Servicios Personales
0,11.67,31.7,43,Femenino,6,57.7,1,1,30.3,0,Comercio & Retail
0,12.08,56.4,46,Masculino,11,36.9,0,2,14.6,0,Comercio & Retail
1,53.45,83.2,38,Masculino,14,40.2,1,45,25.9,1,Tecnología
0,10.76,35.9,28,Femenino,3,55.8,0,2,38.8,1,Logística
0,14.39,56.4,57,Masculino,10,43.5,0,2,28.0,1,Servicios Personales
0,9.81,28.7,28,Masculino,6,64.4,1,4,28.8,0,Manufactura
0,11.51,40.9,53,Masculino,5,44.0,1,2,55.1,0,Agroindustria
0,13.24,76.1,56,Masculino,16,70.4,0,2,26.0,1,Tecnología
1,46.28,61.8,57,Masculino,13,40.7,1,12,42.6,1,Logística
0,11.88,60.3,52,Femenino,8,54.3,0,1,7.9,1,Agroindustria
1,46.88,65.7,51,Masculino,9,42.5,1,12,25.5,1,Manufactura
0,9.89,42.1,64,Masculino,9,47.6,0,1,13.1,1,Comercio & Retail
0,12.6,56.2,41,Femenino,6,49.9,0,2,24.6,0,Comercio & Retail
0,11.09,46.1,39,Femenino,8,35.0,0,4,19.4,1,Servicios Personales
0,11.69,74.8,22,Masculino,13,59.7,1,2,16.8,0,Comercio & Retail
1,44.69,65.3,50,Femenino,8,36.6,1,12,52.2,1,Tecnología
1,46.99,61.4,53,Masculino,12,38.3,1,120,24.1,1,Comercio & Retail
0,13.35,49.6,64,Femenino,8,48.9,0,1,19.8,0,Servicios Personales
0,12.25,46.2,37,Femenino,6,24.6,0,1,21.7,1,Agroindustria
1,53.33,90.8,36,Femenino,15,41.6,1,450,55.8,1,Servicios Personales
0,10.56,23.2,52,Femenino,2,40.5,0,1,10.6,1,Servicios Personales
1,48.14,91.1,60,Masculino,17,40.0,0,120,30.2,1,Comercio & Retail
1,43.58,63.3,34,Masculino,14,46.2,1,120,44.1,1,Comercio & Retail
0,12.24,44.2,62,Femenino,11,59.3,0,1,55.2,0,Manufactura
0,10.24,40.2,60,Femenino,8,53.6,0,1,33.9,0,Comercio & Retail
0,10.84,44.2,51,Femenino,9,53.5,0,4,9.5,0,Manufactura
0,12.37,68.8,26,Femenino,11,70.5,1,2,12.8,0,Agroindustria
1,45.73,58.3,43,Masculino,11,44.9,1,45,21.9,1,Comercio & Retail
0,12.56,32.9,19,Femenino,6,22.5,0,2,21.0,0,Manufactura
0,11.24,46.1,26,Femenino,10,54.3,1,1,46.0,1,Tecnología
1,40.53,54.8,26,Femenino,11,43.5,1,45,28.8,1,Agroindustria
1,40.45,60.2,57,Femenino,9,42.0,1,12,27.9,1,Comercio & Retail
0,15.49,82.1,34,Femenino,19,39.2,0,4,38.5,0,Servicios Personales
0,10.27,49.7,18,Femenino,9,71.2,0,1,70.9,1,Comercio & Retail
0,9.77,23.2,42,Masculino,3,46.8,0,2,22.0,0,Manufactura
0,10.8,42.5,60,Masculino,6,51.6,0,2,12.0,0,Manufactura
0,16.79,85.4,57,Masculino,13,50.1,0,1,26.3,0,Manufactura
0,7.78,36.5,59,Femenino,7,42.5,0,1,28.2,1,Manufactura
0,9.24,42.2,42,Femenino,6,56.1,0,2,28.2,1,Comercio & Retail
1,49.35,74.8,56,Masculino,15,40.0,1,45,53.2,1,Logística
1,45.29,54.3,52,Masculino,11,39.3,0,45,12.5,1,Agroindustria
0,11.3,47.5,20,Masculino,8,49.4,0,2,32.6,0,Comercio & Retail
0,10.5,33.2,54,Femenino,0,53.0,0,1,19.1,0,Comercio & Retail
1,51.08,62.3,61,Femenino,12,41.8,1,12,26.2,1,Comercio & Retail
0,11.48,54.3,61,Masculino,10,48.6,0,1,10.2,1,Servicios Personales
1,49.84,71.2,47,Masculino,15,41.6,1,45,16.3,1,Manufactura
0,10.86,43.2,55,Masculino,6,38.5,0,8,41.2,0,Comercio & Retail
0,8.92,41.0,51,Masculino,9,45.3,1,4,26.7,0,Comercio & Retail
1,47.08,60.2,29,Masculino,11,41.1,1,12,27.4,1,Servicios Personales
0,14.11,79.5,36,Masculino,15,27.8,0,1,43.7,1,Tecnología
1,40.49,50.5,54,Masculino,11,37.8,1,45,28.0,1,Servicios Personales
0,7.21,59.0,61,Masculino,7,16.2,0,1,20.7,1,Servicios Personales
1,54.13,90.6,34,Masculino,15,41.0,1,12,21.7,1,Comercio & Retail
0,14.98,73.5,27,Femenino,9,69.8,1,1,28.0,1,Comercio & Retail
1,43.64,64.7,64,Femenino,11,41.1,1,12,9.6,1,Agroindustria
1,44.56,71.2,29,Masculino,13,39.8,1,45,43.6,1,Manufactura
1,46.92,78.2,33,Femenino,16,39.0,1,45,10.0,1,Comercio & Retail
1,47.74,59.7,41,Masculino,11,42.9,1,45,11.7,1,Agroindustria
1,56.73,100.0,36,Femenino,20,41.0,1,120,31.7,1,Comercio & Retail
0,15.66,55.2,25,Femenino,10,48.0,0,2,24.7,0,Servicios Personales
0,8.28,57.5,48,Masculino,11,52.4,0,1,42.4,0,Comercio & Retail
0,11.99,52.6,38,Femenino,8,42.3,1,1,17.2,0,Agroindustria
0,14.68,52.7,34,Femenino,11,40.3,0,2,15.7,1,Servicios Personales
0,14.16,74.8,40,Femenino,11,46.7,0,2,50.1,1,Comercio & Retail
1,46.33,71.1,54,Masculino,14,41.8,1,45,23.8,1,Tecnología
0,15.37,70.6,33,Femenino,12,22.2,0,1,35.0,1,Comercio & Retail
0,13.44,39.0,23,Masculino,8,80.0,0,1,58.5,0,Tecnología
1,43.19,58.6,25,Femenino,11,37.1,1,45,13.9,1,Comercio & Retail
0,9.16,39.1,42,Masculino,7,63.7,0,2,29.0,1,Manufactura
0,13.87,59.5,35,Femenino,12,48.9,0,2,26.1,0,Comercio & Retail
0,12.1,35.6,42,Femenino,8,73.6,0,1,6.8,0,Comercio & Retail
0,12.38,45.6,29,Femenino,5,52.1,0,1,5.3,0,Servicios Personales
0,12.01,43.8,32,Femenino,6,53.2,0,1,48.2,0,Servicios Personales
0,8.14,24.8,43,Masculino,6,73.5,0,1,53.4,0,Comercio & Retail
0,10.85,44.9,58,Femenino,8,46.2,0,1,29.4,0,Logística
0,10.04,40.8,62,Femenino,7,39.5,1,1,48.1,1,Logística
0,10.97,59.0,43,Masculino,10,64.6,0,1,34.3,1,Logística
0,10.4,49.5,64,Femenino,9,53.0,0,1,21.1,0,Agroindustria
0,13.5,73.9,49,Femenino,12,63.3,0,1,45.6,1,Agroindustria
1,41.97,68.6,27,Masculino,11,43.9,1,45,15.0,1,Servicios Personales
1,48.91,73.1,33,Masculino,9,41.1,1,450,14.2,0,Manufactura
0,11.94,52.7,24,Femenino,15,45.9,0,1,50.0,1,Comercio & Retail
0,11.42,52.7,34,Femenino,6,59.8,0,1,25.5,0,Servicios Personales
0,11.99,78.9,40,Masculino,14,32.5,0,1,48.4,0,Manufactura
0,12.31,57.2,43,Femenino,11,59.3,0,4,14.1,0,Comercio & Retail
0,12.07,48.4,38,Masculino,9,36.3,0,1,45.7,1,Tecnología
1,49.8,70.1,39,Femenino,14,41.2,1,45,6.5,1,Manufactura
0,15.37,65.5,24,Masculino,12,50.4,0,1,38.3,0,Servicios Personales
0,10.1,33.6,31,Femenino,6,56.6,0,1,28.7,0,Tecnología
0,11.08,43.0,32,Masculino,11,52.8,0,1,23.8,1,Comercio & Retail
0,10.71,53.8,24,Femenino,11,54.0,0,1,18.7,1,Manufactura
0,14.55,68.3,26,Masculino,14,26.6,0,8,10.6,0,Comercio & Retail
1,48.58,68.7,25,Femenino,12,40.4,1,45,46.9,1,Agroindustria
0,12.52,51.1,40,Femenino,12,41.0,0,1,32.2,1,Comercio & Retail
0,11.0,53.4,46,Masculino,8,56.1,0,2,16.2,1,Logística
0,13.22,39.0,35,Masculino,9,50.8,0,2,25.6,0,Comercio & Retail
0,15.44,55.0,48,Masculino,9,43.4,0,1,55.5,0,Comercio & Retail
0,10.3,36.5,47,Femenino,4,54.7,1,2,17.5,0,Manufactura
1,48.84,73.7,56,Masculino,15,44.4,1,45,51.0,1,Manufactura
0,8.29,39.5,52,Femenino,6,37.4,0,1,76.2,0,Servicios Personales
1,48.29,66.0,35,Masculino,11,40.6,1,120,56.2,1,Comercio & Retail
0,12.27,45.2,59,Masculino,9,48.4,0,8,54.3,1,Comercio & Retail
0,13.3,54.1,56,Femenino,9,55.7,0,2,38.8,1,Servicios Personales
0,14.45,63.5,34,Masculino,13,45.5,0,2,39.8,0,Comercio & Retail
0,13.03,58.5,31,Masculino,7,39.3,0,1,23.3,0,Tecnología
1,48.96,68.4,48,Femenino,12,41.3,1,45,11.6,1,Servicios Personales
0,10.76,52.6,41,Masculino,12,69.0,0,4,13.7,0,Comercio & Retail
0,12.88,61.2,52,Femenino,7,42.2,0,1,45.4,0,Logística
0,18.24,77.0,61,Masculino,13,39.3,1,1,15.4,0,Comercio & Retail
0,13.28,62.9,62,Femenino,15,47.1,0,4,28.3,0,Comercio & Retail
1,50.94,71.7,51,Femenino,18,39.1,1,12,32.0,1,Comercio & Retail
0,10.24,38.7,20,Femenino,9,40.1,0,2,33.5,0,Manufactura
0,12.3,49.2,54,Masculino,11,52.7,0,4,10.5,0,Manufactura
0,14.89,60.5,60,Masculino,11,61.3,0,1,19.2,0,Servicios Personales
1,46.28,67.8,57,Masculino,13,40.4,1,45,39.4,1,Manufactura
1,54.15,90.3,43,Femenino,17,43.2,1,12,5.2,1,Comercio & Retail
1,39.69,59.9,40,Femenino,12,40.5,1,12,18.3,1,Agroindustria
0,14.01,60.4,61,Masculino,12,36.4,0,1,11.8,0,Servicios Personales
0,9.71,40.1,56,Masculino,6,51.3,0,1,28.1,1,Comercio & Retail
0,16.85,98.3,32,Femenino,18,51.1,0,1,11.0,0,Manufactura
0,7.2,28.1,21,Femenino,8,38.3,0,1,34.5,1,Servicios Personales
0,6.11,12.4,46,Masculino,0,42.5,0,4,15.3,0,Servicios Personales
0,9.88,32.2,39,Femenino,1,40.4,0,2,16.9,1,Logística
0,13.25,59.7,42,Masculino,11,62.5,0,2,14.1,0,Tecnología
0,10.94,32.1,30,Masculino,5,40.5,0,2,26.5,1,Comercio & Retail
0,11.25,46.9,35,Masculino,10,50.7,0,1,54.9,0,Manufactura
0,12.35,40.0,50,Masculino,4,25.2,0,1,36.7,0,Comercio & Retail
1,34.92,54.2,33,Femenino,11,44.8,1,12,41.5,0,Manufactura
1,41.01,58.1,62,Masculino,12,39.5,1,45,11.3,1,Comercio & Retail
0,9.1,72.6,59,Masculino,11,67.0,0,2,7.2,0,Agroindustria
0,10.42,32.5,61,Femenino,7,56.9,0,1,47.8,0,Manufactura
1,51.68,83.3,19,Masculino,13,44.5,1,45,30.3,1,Servicios Personales
1,43.78,48.7,52,Femenino,8,36.9,1,120,14.6,1,Servicios Personales
0,14.43,51.2,59,Masculino,9,48.3,0,1,21.7,0,Comercio & Retail
0,11.3,49.9,51,Femenino,8,39.4,0,4,24.2,0,Logística
0,10.56,51.2,47,Masculino,9,48.5,0,2,8.6,1,Comercio & Retail
1,48.49,77.7,30,Femenino,17,44.8,1,45,35.0,1,Tecnología
0,12.49,58.4,30,Femenino,10,45.1,1,1,20.6,0,Tecnología
0,9.61,30.1,35,Masculino,5,59.0,0,4,45.5,1,Manufactura
0,11.75,43.3,49,Masculino,6,33.9,0,1,17.0,1,Comercio & Retail
0,12.91,74.1,49,Femenino,9,56.2,0,1,28.8,1,Logística
0,10.85,49.6,52,Femenino,7,62.7,0,2,19.5,1,Servicios Personales
0,13.97,69.1,56,Femenino,14,45.1,0,1,50.8,0,Comercio & Retail
0,12.85,37.6,63,Masculino,5,52.3,0,1,15.0,0,Logística
0,10.79,51.8,46,Masculino,10,55.4,0,1,5.9,0,Servicios Personales
0,15.78,69.2,46,Masculino,14,65.5,0,1,32.4,1,Servicios Personales
0,12.18,45.9,61,Masculino,8,36.2,0,2,36.7,1,Manufactura
0,13.94,67.8,33,Masculino,12,45.9,0,1,5.8,1,Comercio & Retail
0,12.57,64.1,61,Femenino,10,52.9,0,8,4.4,0,Manufactura
1,51.2,76.1,64,Femenino,10,42.2,1,450,42.7,1,Manufactura
0,19.18,69.5,27,Masculino,12,62.5,0,2,6.6,0,Servicios Personales
0,9.58,16.0,47,Masculino,3,32.6,0,2,49.5,0,Servicios Personales
1,49.36,62.2,42,Masculino,15,41.7,1,45,53.2,1,Comercio & Retail
0,8.97,26.3,56,Masculino,3,51.5,0,1,72.7,0,Logística
1,54.33,81.0,37,Masculino,14,41.3,1,120,17.2,1,Servicios Personales
0,11.1,60.9,22,Masculino,12,65.5,0,2,64.5,0,Servicios Personales
0,12.46,61.1,18,Femenino,12,48.1,0,4,42.3,0,Comercio & Retail
1,53.51,88.0,47,Femenino,16,36.7,0,450,11.6,1,Logística
1,46.35,70.7,20,Masculino,14,43.7,1,450,18.9,1,Comercio & Retail
0,15.33,77.3,62,Masculino,13,65.5,0,1,55.1,0,Logística
0,9.38,36.0,31,Femenino,9,43.0,0,8,23.0,0,Manufactura
0,15.26,55.8,47,Femenino,9,49.5,0,2,16.7,1,Manufactura
0,10.82,49.2,21,Femenino,13,44.8,0,2,41.7,0,Manufactura
0,13.43,65.7,35,Femenino,12,54.8,0,2,65.0,0,Servicios Personales
1,43.71,68.0,54,Masculino,11,39.4,1,12,28.9,1,Comercio & Retail
0,9.08,38.7,42,Femenino,10,44.7,0,2,17.2,0,Logística
0,7.79,24.0,18,Masculino,8,64.5,0,1,26.6,0,Comercio & Retail
0,10.36,43.5,63,Femenino,5,53.8,0,1,23.2,1,Logística
1,51.9,67.5,32,Masculino,12,32.8,1,120,26.8,1,Servicios Personales
0,8.31,40.0,26,Femenino,9,37.3,0,4,7.6,1,Comercio & Retail
0,12.08,53.4,32,Masculino,9,53.6,0,1,34.9,0,Comercio & Retail
0,6.93,21.6,41,Masculino,3,39.0,0,1,42.2,1,Manufactura
0,11.98,53.2,21,Masculino,10,57.6,0,1,17.0,0,Comercio & Retail
0,10.64,32.3,29,Femenino,5,53.1,0,1,21.3,0,Comercio & Retail
0,8.31,33.7,54,Femenino,8,41.9,0,1,21.0,0,Comercio & Retail
1,50.16,76.0,54,Femenino,13,42.8,1,12,35.1,1,Servicios Personales
0,10.55,44.4,60,Femenino,10,53.2,0,1,41.1,1,Logística
0,11.86,55.9,23,Masculino,10,59.7,0,2,6.4,1,Agroindustria
0,13.01,49.5,56,Masculino,7,45.6,0,1,34.3,1,Logística
0,7.76,38.7,63,Masculino,8,59.9,0,4,35.9,0,Comercio & Retail
1,48.98,76.3,41,Masculino,16,46.5,1,45,35.2,1,Manufactura
1,40.7,61.9,28,Femenino,13,40.6,1,45,40.2,1,Comercio & Retail
0,11.67,64.2,30,Femenino,8,43.0,0,2,9.3,0,Comercio & Retail
1,48.56,64.1,51,Femenino,10,40.8,1,12,29.1,1,Comercio & Retail
1,46.2,66.6,42,Masculino,11,33.5,1,450,54.2,1,Agroindustria
0,14.34,85.1,24,Masculino,12,60.0,0,1,25.3,0,Comercio & Retail
0,11.57,58.5,21,Femenino,10,34.9,0,1,23.2,0,Servicios Personales
0,8.41,23.6,25,Femenino,3,25.3,0,1,11.4,0,Comercio & Retail
0,9.19,40.6,37,Masculino,10,25.8,0,4,55.9,1,Logística
0,11.66,48.0,46,Masculino,10,30.0,0,2,73.5,0,Tecnología
1,55.17,88.6,62,Masculino,18,44.9,1,12,53.5,1,Comercio & Retail
1,55.04,100.0,63,Femenino,20,41.1,1,12,41.4,1,Logística
1,41.55,56.5,27,Femenino,12,44.9,1,45,46.9,1,Tecnología
1,44.94,58.8,60,Masculino,7,44.0,1,45,35.0,1,Servicios Personales
0,9.82,51.6,51,Masculino,13,47.4,0,1,52.4,1,Comercio & Retail
0,7.17,27.2,43,Femenino,4,52.3,0,1,23.2,1,Servicios Personales
0,12.51,51.0,58,Masculino,8,62.2,0,2,3.7,0,Manufactura
0,9.25,32.3,20,Masculino,4,52.7,0,2,19.0,0,Comercio & Retail
0,13.65,67.8,23,Femenino,12,43.7,0,1,53.5,0,Comercio & Retail
0,9.53,36.3,22,Femenino,5,35.4,1,4,52.8,0,Logística
0,14.03,57.5,22,Femenino,9,46.5,0,2,24.9,0,Comercio & Retail
0,14.48,52.6,64,Femenino,10,24.7,0,1,26.8,0,Logística
0,11.29,52.0,40,Masculino,10,54.2,0,2,22.4,0,Servicios Personales
0,10.59,38.8,26,Femenino,8,62.5,0,4,10.2,1,Comercio & Retail
1,52.0,80.7,52,Masculino,11,42.7,1,45,6.8,1,Comercio & Retail
0,10.9,34.2,37,Masculino,5,44.7,1,1,35.3,0,Comercio & Retail
1,52.38,87.4,59,Femenino,17,44.2,1,45,24.8,1,Comercio & Retail
0,7.64,36.9,52,Femenino,6,42.8,0,2,14.4,0,Manufactura
0,17.22,70.9,35,Masculino,10,50.3,0,4,26.2,0,Comercio & Retail
0,11.8,62.9,34,Masculino,12,62.2,0,4,19.3,1,Comercio & Retail
1,47.51,70.3,41,Masculino,13,46.2,1,450,46.3,1,Agroindustria
0,15.96,58.3,20,Femenino,13,63.8,0,1,4.7,0,Agroindustria
0,12.68,48.6,49,Femenino,4,49.1,1,2,24.2,0,Servicios Personales
0,12.65,45.2,52,Masculino,7,61.4,0,2,68.3,0,Agroindustria
1,44.15,77.0,55,Masculino,11,42.1,1,12,41.3,1,Manufactura
0,12.97,57.0,30,Femenino,12,42.9,0,1,6.7,0,Comercio & Retail
1,46.29,70.6,64,Masculino,15,40.6,1,450,8.2,1,Logística
0,12.87,41.7,42,Femenino,8,60.6,0,1,27.7,1,Servicios Personales
0,14.26,40.2,26,Masculino,7,49.0,0,2,22.6,0,Agroindustria
0,14.32,53.7,21,Masculino,8,44.8,0,4,70.6,0,Manufactura
0,13.95,70.5,31,Femenino,19,37.7,0,2,19.8,0,Tecnología
0,13.72,78.5,54,Masculino,16,38.2,0,2,23.6,1,Servicios Personales
0,14.06,43.2,51,Femenino,9,42.7,0,1,25.2,1,Servicios Personales
1,41.3,66.1,28,Femenino,15,44.1,1,120,14.9,1,Logística
0,12.59,51.7,58,Femenino,8,36.7,0,1,10.0,0,Tecnología
1,49.27,74.0,20,Femenino,14,42.2,1,12,31.3,0,Tecnología
0,12.92,43.6,45,Femenino,5,41.7,0,1,18.3,0,Manufactura
0,15.42,62.9,46,Masculino,11,46.7,0,4,11.5,1,Logística
1,49.17,72.8,26,Masculino,14,35.5,1,45,12.2,1,Comercio & Retail
0,10.68,45.4,20,Femenino,9,41.6,0,1,5.7,1,Servicios Personales
0,10.65,53.7,42,Masculino,12,54.3,0,1,2.9,0,Servicios Personales
0,9.17,53.0,51,Masculino,8,42.4,0,2,30.1,0,Manufactura
0,12.91,56.4,29,Masculino,11,47.8,0,2,21.8,0,Logística
0,13.96,51.0,59,Masculino,8,49.6,0,1,30.1,0,Logística
0,13.02,67.0,26,Femenino,13,50.0,0,2,31.2,0,Comercio & Retail
0,8.26,14.6,32,Femenino,5,45.1,1,1,70.0,1,Comercio & Retail
0,12.02,43.8,57,Masculino,6,41.8,0,4,12.2,0,Agroindustria
1,46.4,68.7,42,Femenino,15,42.8,1,45,29.8,1,Logística
0,10.35,27.6,22,Femenino,1,23.2,0,2,43.9,1,Comercio & Retail
0,13.56,28.4,28,Femenino,8,39.8,0,2,22.2,1,Tecnología
0,14.27,70.0,51,Femenino,9,58.8,0,2,35.0,0,Manufactura
1,43.98,53.0,41,Femenino,11,48.3,1,450,24.0,1,Manufactura
0,12.36,51.7,32,Femenino,8,43.9,0,1,11.8,0,Servicios Personales
0,7.08,31.9,55,Femenino,6,76.1,0,4,14.9,0,Tecnología
1,46.86,69.2,25,Masculino,15,44.9,1,450,20.5,1,Servicios Personales
0,15.58,77.9,22,Masculino,14,54.5,0,2,37.9,1,Servicios Personales
0,11.79,49.0,43,Femenino,9,47.4,0,4,37.9,1,Servicios Personales
0,7.99,25.7,35,Femenino,3,56.0,1,1,29.8,0,Manufactura
0,14.24,67.5,23,Femenino,11,63.3,0,1,53.6,0,Agroindustria
1,44.24,60.9,54,Femenino,11,41.1,1,45,12.9,1,Logística
0,9.82,47.5,30,Femenino,7,63.7,1,1,23.4,0,Manufactura
0,7.45,20.8,45,Femenino,3,48.4,0,1,25.5,0,Servicios Personales
0,8.68,57.7,22,Masculino,9,43.5,0,1,48.6,0,Servicios Personales
1,48.66,68.1,30,Masculino,13,43.6,0,45,68.5,1,Manufactura
1,51.26,71.3,34,Femenino,13,44.9,1,45,28.8,1,Comercio & Retail
0,13.46,58.6,57,Femenino,10,54.0,0,2,21.1,0,Tecnología
1,42.67,58.3,62,Masculino,8,40.6,1,12,29.6,1,Servicios Personales
1,46.67,72.0,49,Masculino,13,47.3,1,12,17.1,1,Comercio & Retail
0,9.99,27.4,46,Masculino,6,29.9,0,2,44.6,0,Tecnología
0,8.46,29.1,20,Masculino,5,33.9,0,1,32.5,0,Manufactura
0,14.09,57.3,57,Femenino,10,43.8,0,8,36.8,1,Comercio & Retail
1,58.87,83.0,51,Femenino,16,46.2,1,120,18.5,1,Tecnología
1,51.01,65.8,57,Masculino,16,42.4,1,45,24.4,1,Manufactura
0,7.12,25.1,44,Femenino,5,27.5,0,8,16.8,0,Tecnología
0,11.97,57.9,30,Masculino,8,53.9,0,1,27.1,1,Comercio & Retail
1,54.7,100.0,62,Masculino,19,36.3,1,450,16.2,1,Comercio & Retail
0,10.48,26.5,50,Masculino,7,61.9,0,1,5.4,1,Servicios Personales
0,14.79,81.6,23,Femenino,16,50.5,0,2,22.3,0,Comercio & Retail
1,47.44,71.5,41,Masculino,14,45.5,0,12,57.8,1,Servicios Personales
1,51.11,85.1,36,Femenino,15,43.9,1,45,10.2,1,Comercio & Retail
0,13.66,52.0,33,Femenino,8,52.1,0,2,23.3,0,Servicios Personales
0,13.81,55.3,57,Femenino,8,52.4,0,2,25.5,0,Manufactura
0,7.77,20.2,45,Masculino,7,27.7,0,1,34.2,1,Agroindustria
0,12.02,66.9,50,Masculino,13,60.6,0,1,39.3,1,Comercio & Retail
0,8.76,21.9,58,Femenino,4,43.0,0,4,35.5,0,Agroindustria
0,8.63,42.2,30,Femenino,9,49.8,0,2,6.4,0,Tecnología
0,12.08,66.7,60,Masculino,16,38.8,0,1,28.1,1,Comercio & Retail
1,45.87,65.3,62,Masculino,12,40.4,1,45,5.0,1,Agroindustria
1,48.33,74.3,42,Masculino,14,38.6,1,450,26.1,1,Servicios Personales
0,7.2,37.3,59,Masculino,4,80.0,0,2,30.9,0,Servicios Personales
0,10.88,35.0,53,Femenino,6,41.2,0,1,33.7,0,Tecnología
1,56.1,84.8,44,Masculino,14,45.3,1,12,15.4,1,Comercio & Retail
0,11.21,45.7,55,Femenino,10,58.3,0,1,45.8,1,Agroindustria
0,7.93,24.7,24,Masculino,6,54.5,0,2,19.7,1,Comercio & Retail
0,14.52,65.2,22,Masculino,12,69.9,0,1,36.8,1,Servicios Personales
0,11.4,40.2,60,Femenino,8,50.5,0,1,14.4,1,Servicios Personales
1,56.3,100.0,62,Femenino,20,42.9,1,45,59.9,1,Manufactura
0,10.76,56.4,48,Masculino,12,53.4,0,2,15.1,0,Manufactura
0,10.62,33.2,40,Femenino,6,50.6,0,1,35.1,0,Servicios Personales
1,38.41,60.4,59,Femenino,13,35.6,1,120,18.3,1,Comercio & Retail
0,14.36,71.7,27,Masculino,16,53.0,0,4,44.9,0,Comercio & Retail
1,40.39,55.0,49,Femenino,10,37.3,1,120,39.3,1,Comercio & Retail
0,13.55,45.4,60,Masculino,7,49.8,0,1,8.4,1,Manufactura
0,12.01,47.7,47,Femenino,10,34.9,0,2,43.6,0,Logística
0,7.7,35.3,56,Masculino,8,35.1,0,2,17.6,0,Comercio & Retail
0,14.46,56.0,48,Femenino,9,55.1,0,4,35.7,0,Tecnología
0,10.37,38.9,35,Femenino,5,45.1,0,1,51.0,1,Tecnología
0,15.72,74.1,53,Masculino,13,38.4,0,1,62.2,1,Manufactura
0,9.36,28.6,19,Masculino,6,73.3,1,1,37.7,0,Comercio & Retail
0,10.13,54.7,31,Femenino,12,39.7,1,1,7.0,1,Servicios Personales
0,12.06,59.2,30,Femenino,9,46.5,0,4,26.9,0,Agroindustria
1,53.47,68.0,46,Masculino,11,46.3,1,12,2.6,1,Comercio & Retail
0,9.49,42.9,29,Masculino,8,46.1,0,1,45.5,0,Agroindustria
1,38.4,49.5,56,Masculino,11,45.5,1,12,34.5,1,Comercio & Retail
0,14.29,56.0,19,Masculino,12,52.1,0,2,13.9,0,Comercio & Retail
0,12.3,41.3,49,Masculino,9,44.1,0,2,59.7,1,Comercio & Retail
0,12.79,35.0,30,Femenino,3,70.6,0,1,24.2,0,Logística
1,46.28,66.1,63,Masculino,11,40.0,1,45,46.1,1,Comercio & Retail
0,14.07,59.8,44,Masculino,11,51.5,0,2,57.9,1,Comercio & Retail
0,9.69,28.2,58,Femenino,5,58.8,0,1,2.7,0,Servicios Personales
0,6.94,30.2,34,Femenino,6,53.2,0,1,20.0,1,Logística
1,41.48,44.8,57,Femenino,9,42.8,1,120,34.1,1,Manufactura
0,7.11,10.1,48,Femenino,1,45.8,0,4,32.3,1,Servicios Personales
0,14.37,69.3,51,Femenino,13,64.0,0,1,2.8,0,Comercio & Retail
0,13.34,54.6,41,Femenino,8,48.4,0,1,25.2,0,Tecnología
0,13.99,66.9,62,Masculino,11,52.6,0,2,21.7,0,Tecnología
0,7.3,30.2,52,Femenino,6,36.1,0,2,45.6,1,Manufactura
1,48.08,81.0,23,Femenino,18,38.8,1,120,37.4,1,Servicios Personales
0,9.28,29.5,36,Femenino,5,36.8,0,4,8.6,0,Manufactura
1,45.02,57.2,47,Masculino,8,36.1,1,45,50.7,1,Manufactura
0,12.95,61.7,24,Femenino,15,54.2,0,1,19.3,1,Comercio & Retail
0,9.12,39.0,27,Masculino,6,55.4,0,2,55.2,0,Comercio & Retail
1,42.03,46.3,58,Masculino,10,41.6,1,450,35.9,1,Manufactura
1,45.98,61.1,49,Femenino,12,43.0,1,45,28.8,1,Manufactura
0,9.67,37.9,51,Femenino,4,54.6,0,2,35.2,0,Manufactura
0,10.36,39.8,45,Femenino,7,60.8,0,1,25.6,0,Agroindustria
0,13.5,51.5,32,Masculino,11,40.4,0,2,28.3,0,Manufactura
1,47.32,70.5,47,Masculino,12,39.7,1,450,32.8,1,Comercio & Retail
0,13.32,44.3,54,Masculino,7,45.5,0,4,66.1,0,Comercio & Retail
1,52.83,87.8,46,Femenino,17,49.8,1,12,18.2,1,Manufactura
1,43.65,65.6,39,Masculino,12,37.3,1,12,53.8,1,Comercio & Retail
0,10.51,54.9,21,Femenino,13,40.3,0,1,37.8,0,Logística
1,56.0,80.1,37,Femenino,13,47.5,1,45,22.2,1,Tecnología
0,9.29,29.0,49,Masculino,4,64.6,0,4,27.1,0,Comercio & Retail
0,13.74,63.4,53,Masculino,10,60.8,0,1,33.5,0,Manufactura
0,12.5,51.5,21,Femenino,10,48.3,1,2,31.3,1,Servicios Personales
0,14.47,56.7,44,Femenino,9,57.1,0,2,17.4,0,Comercio & Retail
1,43.59,69.1,34,Femenino,11,51.4,1,45,56.3,0,Manufactura
0,10.29,31.8,29,Femenino,2,45.9,0,1,20.0,0,Tecnología
0,11.41,56.1,39,Femenino,10,62.8,0,2,7.2,0,Comercio & Retail
0,13.99,47.6,34,Masculino,9,54.1,0,4,5.4,0,Manufactura
0,7.0,8.9,27,Masculino,2,50.8,0,1,10.3,0,Manufactura
0,11.88,50.6,18,Masculino,12,45.1,0,1,10.6,0,Comercio & Retail
0,12.67,50.2,39,Masculino,6,36.4,0,8,17.1,1,Tecnología
0,9.98,42.8,43,Masculino,9,47.3,0,1,51.4,0,Servicios Personales
0,14.1,59.0,35,Masculino,9,60.8,0,2,7.4,0,Comercio & Retail
0,12.79,36.1,31,Masculino,3,58.0,0,1,44.1,0,Logística
0,8.92,31.6,64,Femenino,3,44.1,0,1,43.3,0,Comercio & Retail
1,49.54,66.9,46,Masculino,12,44.2,1,12,27.9,1,Manufactura
0,9.51,35.3,29,Masculino,8,36.7,1,1,49.7,0,Manufactura
0,11.02,37.5,53,Masculino,9,48.5,0,1,62.7,1,Manufactura
0,12.67,48.4,52,Masculino,10,62.4,0,2,43.7,1,Manufactura
0,11.89,43.5,29,Femenino,3,57.2,0,1,20.0,0,Servicios Personales
0,14.48,60.7,24,Masculino,8,74.9,0,1,48.3,0,Servicios Personales
0,10.57,55.4,46,Femenino,10,49.7,0,1,58.8,0,Tecnología
0,18.48,95.9,28,Masculino,17,67.2,0,1,25.5,0,Manufactura
0,10.28,33.7,50,Femenino,7,38.5,0,1,21.2,0,Servicios Personales
0,16.62,63.3,23,Femenino,13,62.2,1,1,45.5,0,Manufactura
1,47.81,70.9,64,Femenino,10,36.3,1,120,18.8,1,Comercio & Retail
0,15.91,60.0,32,Masculino,6,51.3,0,2,29.5,0,Agroindustria
1,42.8,54.7,49,Femenino,8,40.6,1,45,19.8,1,Comercio & Retail
0,13.61,51.1,28,Masculino,13,20.7,0,2,55.4,0,Comercio & Retail
0,15.77,80.5,40,Femenino,13,39.7,0,4,35.7,0,Servicios Personales
0,13.69,44.3,43,Masculino,8,44.9,0,2,36.9,0,Manufactura
1,48.25,66.2,51,Masculino,11,43.7,0,120,38.5,1,Tecnología
0,11.83,40.0,63,Femenino,6,45.3,1,1,51.3,1,Comercio & Retail
1,41.76,61.1,51,Femenino,9,38.6,1,45,23.8,1,Comercio & Retail
0,11.23,47.5,46,Masculino,8,53.4,0,4,59.5,1,Comercio & Retail
0,18.59,98.3,21,Masculino,14,24.4,0,1,9.4,0,Comercio & Retail
0,13.28,72.7,34,Masculino,12,68.8,0,4,27.7,1,Manufactura
0,12.58,30.4,52,Femenino,7,35.5,0,1,13.5,0,Manufactura
0,9.17,30.2,30,Femenino,8,42.8,0,4,18.3,1,Servicios Personales
0,10.46,38.3,58,Masculino,10,40.1,0,1,20.9,0,Comercio & Retail
0,11.95,56.9,56,Femenino,9,47.7,0,1,25.7,0,Agroindustria
0,12.69,60.6,32,Femenino,9,37.7,0,2,17.5,0,Logística
0,8.6,24.9,46,Femenino,9,25.5,0,1,26.3,1,Manufactura
0,17.14,87.2,46,Masculino,15,45.4,1,1,13.3,0,Logística
0,11.76,50.5,28,Masculino,8,34.0,1,2,28.2,0,Comercio & Retail
1,44.83,75.2,49,Femenino,11,45.0,1,120,7.2,1,Servicios Personales
0,16.54,81.3,19,Femenino,19,32.3,0,2,5.4,0,Logística
0,14.2,45.9,64,Femenino,7,30.9,0,2,8.4,1,Comercio & Retail
0,11.22,61.8,31,Femenino,11,39.3,0,8,63.2,0,Servicios Personales
0,12.76,51.3,37,Femenino,11,55.1,0,4,38.8,1,Servicios Personales
0,15.43,42.3,39,Masculino,10,46.0,0,2,16.3,0,Comercio & Retail
0,13.21,64.3,28,Femenino,10,72.9,0,1,17.3,0,Logística
0,11.43,45.3,44,Femenino,7,68.6,1,1,35.1,0,Agroindustria
0,12.64,62.9,20,Masculino,11,62.2,0,1,17.0,1,Servicios Personales
0,12.65,40.6,34,Masculino,3,49.0,0,2,55.3,1,Tecnología
1,45.54,82.6,61,Masculino,17,37.8,1,12,14.2,1,Comercio & Retail
1,53.81,86.1,45,Femenino,17,43.2,1,45,26.4,1,Manufactura
0,12.96,54.5,46,Femenino,9,39.9,1,1,5.2,0,Tecnología
1,47.08,74.8,38,Masculino,14,43.4,1,45,76.6,1,Agroindustria
0,9.41,36.9,64,Masculino,9,46.0,0,2,17.6,0,Manufactura
1,43.54,54.8,33,Femenino,10,42.3,1,120,28.5,1,Manufactura
0,11.87,54.6,54,Masculino,7,50.1,0,2,7.3,1,Comercio & Retail
1,43.44,65.7,37,Masculino,13,45.8,1,45,2.7,1,Servicios Personales
0,11.2,42.3,23,Femenino,8,60.3,0,4,29.5,0,Servicios Personales
0,17.62,76.7,36,Masculino,13,32.8,0,1,62.5,1,Tecnología
1,43.47,55.1,22,Masculino,10,29.8,1,120,16.8,1,Agroindustria
0,10.67,48.7,20,Femenino,10,42.3,0,1,41.6,0,Comercio & Retail
0,9.38,22.4,18,Masculino,4,55.7,0,2,49.4,1,Logística
1,41.51,54.5,55,Masculino,10,32.8,1,45,26.0,1,Tecnología
0,8.62,32.4,32,Masculino,6,35.4,0,2,22.1,1,Servicios Personales
1,44.62,64.0,51,Femenino,10,37.5,1,450,18.2,1,Servicios Personales
0,14.98,75.4,52,Femenino,17,65.6,0,2,14.6,0,Servicios Personales
0,9.94,37.8,42,Masculino,5,57.9,0,2,49.5,0,Servicios Personales
0,13.99,55.2,41,Femenino,9,29.9,0,1,12.0,0,Manufactura
0,11.84,53.3,29,Femenino,8,50.8,1,1,63.6,0,Tecnología
0,14.24,54.7,35,Femenino,6,48.6,0,1,31.5,0,Logística
0,10.01,29.5,32,Femenino,7,59.1,1,2,56.8,0,Tecnología
1,50.65,85.1,61,Masculino,16,42.2,1,120,12.7,1,Logística
1,51.26,89.2,33,Femenino,17,36.3,1,120,11.4,1,Servicios Personales
0,8.71,28.1,44,Masculino,6,43.8,0,1,55.4,0,Comercio & Retail
0,11.97,65.6,25,Femenino,12,36.6,0,2,24.3,0,Servicios Personales
0,10.65,38.8,63,Masculino,7,31.5,0,1,14.8,0,Comercio & Retail
1,46.49,57.0,42,Femenino,7,41.0,1,12,10.7,1,Servicios Personales
0,11.38,17.3,34,Masculino,2,37.3,0,1,52.5,0,Servicios Personales
1,49.12,84.8,46,Masculino,18,44.6,1,120,23.1,1,Comercio & Retail
1,44.43,67.2,25,Femenino,14,41.2,1,12,3.3,1,Comercio & Retail
0,9.37,38.6,32,Masculino,8,46.7,0,1,48.9,0,Servicios Personales
0,10.99,43.5,44,Femenino,11,34.3,0,4,40.3,0,Tecnología
0,11.48,38.7,63,Masculino,8,39.0,0,1,6.0,1,Agroindustria
1,50.48,72.4,24,Masculino,14,42.4,1,450,30.1,1,Manufactura
0,12.83,53.8,20,Masculino,9,39.5,1,4,54.7,0,Manufactura
0,10.8,59.1,46,Masculino,9,51.1,0,2,25.8,0,Comercio & Retail
0,14.72,53.5,61,Femenino,7,63.7,0,2,33.5,0,Tecnología
1,44.71,67.0,41,Femenino,12,48.6,1,12,29.8,1,Comercio & Retail
1,50.88,95.0,20,Femenino,18,42.2,1,45,16.1,1,Comercio & Retail
0,10.45,56.2,37,Masculino,9,60.5,0,2,11.8,0,Comercio & Retail
0,10.11,40.0,63,Masculino,9,57.8,0,1,50.8,1,Comercio & Retail
0,11.65,58.8,32,Femenino,10,45.1,0,2,48.1,1,Manufactura
1,40.13,59.1,42,Masculino,11,47.6,1,45,14.2,1,Manufactura
0,10.62,45.4,47,Femenino,9,46.9,0,1,32.2,0,Comercio & Retail
0,13.55,51.1,31,Femenino,9,47.8,1,2,52.5,0,Tecnología
0,14.63,58.6,24,Masculino,10,37.7,0,1,19.3,1,Servicios Personales
0,7.19,25.0,34,Femenino,3,28.5,1,1,36.4,0,Tecnología
1,39.45,56.9,61,Masculino,8,46.4,1,120,1.7,1,Agroindustria
0,11.35,26.4,37,Femenino,2,66.7,0,1,8.2,0,Comercio & Retail
0,8.38,55.7,53,Masculino,8,74.1,0,8,10.0,1,Comercio & Retail
0,10.83,51.6,26,Femenino,6,80.0,0,2,4.8,1,Manufactura
0,11.37,59.0,55,Femenino,12,45.7,0,2,15.8,0,Comercio & Retail
0,9.17,38.6,39,Masculino,7,39.8,0,1,12.1,1,Manufactura
0,9.75,62.6,19,Masculino,9,53.0,1,2,11.5,0,Logística
0,8.09,15.3,41,Femenino,2,40.4,0,2,42.0,0,Tecnología
0,13.22,70.0,25,Femenino,14,68.8,0,1,40.6,0,Servicios Personales
0,10.92,34.1,28,Masculino,6,49.2,0,1,21.5,1,Comercio & Retail
0,14.0,37.1,30,Femenino,8,54.5,0,1,36.8,1,Agroindustria
0,17.13,72.0,34,Masculino,13,29.7,0,1,28.0,0,Manufactura
0,12.76,64.3,25,Masculino,13,58.7,0,1,15.9,0,Servicios Personales
0,9.5,29.7,38,Femenino,6,33.6,0,2,47.8,1,Comercio & Retail
1,50.48,72.3,35,Femenino,12,32.9,1,45,31.3,1,Servicios Personales
0,11.87,25.8,47,Masculino,6,36.6,0,1,37.4,0,Agroindustria
0,13.02,57.5,35,Femenino,11,35.0,0,1,14.5,0,Comercio & Retail
0,10.5,51.9,63,Masculino,7,53.5,1,1,28.7,0,Agroindustria
0,12.77,48.2,64,Femenino,6,46.8,0,2,23.6,0,Servicios Personales
0,11.22,59.3,48,Masculino,10,29.5,0,1,48.8,0,Tecnología
0,8.25,34.2,55,Femenino,7,38.1,0,1,39.2,1,Logística
0,18.16,88.6,49,Masculino,18,53.8,0,2,51.8,0,Manufactura
0,13.95,50.6,28,Femenino,8,40.1,0,1,24.1,0,Comercio & Retail
0,12.13,30.6,62,Femenino,5,43.5,0,1,61.5,0,Comercio & Retail
0,13.96,46.8,42,Masculino,7,46.3,0,1,19.5,1,Servicios Personales
0,11.88,40.2,50,Femenino,10,37.8,0,2,45.7,0,Servicios Personales
0,9.77,37.5,55,Femenino,10,39.2,0,1,35.7,1,Comercio & Retail
0,10.2,52.6,58,Femenino,11,36.4,0,2,23.8,0,Servicios Personales
1,50.54,73.9,25,Femenino,13,41.0,1,12,50.2,1,Logística
0,10.31,39.6,28,Masculino,4,60.8,0,4,9.5,1,Comercio & Retail
0,12.7,58.2,39,Masculino,14,47.0,0,8,8.9,0,Servicios Personales
1,36.09,57.7,41,Femenino,7,41.8,1,120,52.2,1,Servicios Personales
1,44.29,63.9,58,Masculino,12,34.9,0,45,4.7,1,Servicios Personales
1,43.17,67.5,34,Masculino,17,40.5,1,120,12.8,1,Comercio & Retail
0,9.95,46.0,29,Masculino,7,23.9,0,1,19.9,0,Comercio & Retail
0,13.37,55.7,63,Femenino,7,40.4,0,2,21.8,0,Manufactura
0,8.09,34.2,49,Masculino,6,52.2,0,1,22.2,0,Logística
0,13.82,60.8,32,Masculino,9,44.0,1,1,19.6,1,Manufactura
1,55.29,89.4,33,Femenino,15,48.5,1,120,54.7,1,Agroindustria
0,11.37,39.4,39,Femenino,6,52.8,0,2,64.5,1,Comercio & Retail
0,13.11,39.5,45,Femenino,8,69.5,0,1,68.1,0,Manufactura
0,12.75,82.7,37,Masculino,14,47.4,0,4,49.4,0,Tecnología
1,48.88,74.7,50,Femenino,12,48.1,1,12,20.4,1,Manufactura
0,10.67,34.4,27,Masculino,8,55.0,0,1,32.1,0,Comercio & Retail
0,11.47,50.0,57,Femenino,9,43.3,0,1,14.3,0,Manufactura
0,15.04,74.2,49,Masculino,13,69.8,0,1,8.7,1,Tecnología
1,53.89,86.8,50,Masculino,16,42.9,1,120,54.7,1,Servicios Personales
1,49.81,76.1,19,Masculino,16,37.8,1,45,27.5,1,Manufactura
1,50.82,65.4,50,Masculino,15,42.0,1,12,33.5,0,Manufactura
1,44.93,58.7,50,Masculino,7,33.7,1,120,22.7,1,Comercio & Retail
1,52.8,83.9,58,Femenino,17,38.1,1,120,51.2,0,Servicios Personales
0,12.95,41.2,30,Masculino,7,43.7,0,4,16.0,0,Logística
0,10.81,25.1,47,Femenino,4,53.7,0,4,33.5,0,Logística
1,43.77,53.0,50,Masculino,10,40.0,1,120,27.5,1,Servicios Personales
0,11.76,63.3,30,Femenino,16,22.2,1,8,56.8,1,Logística
0,15.89,77.0,43,Masculino,13,55.5,1,1,51.0,0,Logística
1,46.57,52.3,39,Masculino,10,38.1,1,12,20.9,1,Comercio & Retail
0,8.44,38.0,56,Femenino,11,21.0,0,8,45.6,0,Manufactura
0,11.29,53.2,19,Femenino,12,61.1,0,4,34.3,0,Logística
1,48.07,68.6,55,Masculino,11,46.2,1,45,38.2,1,Comercio & Retail
1,39.62,49.6,56,Femenino,9,46.8,0,12,40.1,1,Comercio & Retail
0,12.08,35.1,43,Femenino,7,38.6,0,1,15.2,0,Tecnología
0,13.21,56.3,63,Femenino,10,60.4,0,2,60.1,0,Manufactura
0,10.2,52.0,32,Masculino,10,48.5,0,1,17.3,0,Comercio & Retail
0,13.23,56.1,51,Masculino,10,24.4,0,1,4.1,1,Servicios Personales
1,49.15,74.2,59,Masculino,14,40.3,1,45,38.7,1,Agroindustria
0,11.8,42.8,61,Masculino,9,56.8,1,1,14.7,1,Comercio & Retail
0,10.98,45.2,57,Femenino,9,58.2,0,1,21.7,1,Servicios Personales
0,15.58,51.7,28,Masculino,11,45.9,0,1,27.9,0,Comercio & Retail
1,55.86,88.0,20,Femenino,20,45.8,1,45,53.2,0,Manufactura
0,11.75,32.7,23,Femenino,6,61.9,0,2,30.5,0,Comercio & Retail
0,13.89,68.1,26,Femenino,14,48.3,0,4,55.2,0,Servicios Personales
0,10.64,44.9,23,Masculino,9,58.1,0,2,18.5,0,Comercio & Retail
0,13.64,56.6,26,Masculino,10,31.3,0,1,37.2,1,Logística
0,8.95,31.9,56,Femenino,5,43.4,0,1,21.7,0,Comercio & Retail
0,15.52,75.9,48,Masculino,17,47.3,0,1,20.5,0,Comercio & Retail
0,9.57,39.7,49,Femenino,11,74.5,1,2,18.3,0,Manufactura
0,15.66,58.0,58,Femenino,13,42.2,0,1,9.9,0,Tecnología
0,9.37,27.4,29,Femenino,4,43.1,0,2,10.5,0,Servicios Personales
0,11.67,56.6,25,Masculino,8,56.5,0,1,25.1,0,Manufactura
0,12.77,62.3,25,Masculino,12,56.7,0,1,11.2,1,Manufactura
0,11.78,35.9,45,Femenino,9,49.8,0,4,6.7,1,Comercio & Retail
0,13.97,64.0,37,Masculino,12,57.7,0,2,11.0,1,Servicios Personales
0,14.6,82.5,64,Femenino,18,50.4,0,2,34.1,0,Servicios Personales
0,16.11,68.7,24,Masculino,12,68.5,0,1,45.5,0,Agroindustria
0,10.01,32.4,28,Masculino,8,65.2,0,1,58.4,1,Tecnología
0,13.52,59.1,37,Femenino,8,59.6,1,1,11.9,0,Logística
0,10.54,47.5,33,Masculino,7,58.1,0,1,36.0,1,Agroindustria
0,10.93,44.9,21,Masculino,8,74.4,0,4,41.2,1,Manufactura
0,10.09,35.6,23,Femenino,9,49.5,0,4,53.5,0,Tecnología
0,9.41,40.4,39,Masculino,10,37.9,1,1,41.8,1,Logística
1,48.57,69.9,43,Femenino,12,38.2,1,12,20.3,1,Comercio & Retail
1,44.74,71.0,20,Femenino,12,34.5,1,45,22.5,1,Agroindustria
1,49.18,69.4,58,Femenino,11,39.7,1,45,34.1,1,Manufactura
1,49.72,75.7,59,Femenino,11,34.5,1,45,23.6,1,Comercio & Retail
0,17.13,100.0,31,Masculino,20,32.6,0,1,14.8,0,Agroindustria
0,14.22,47.1,28,Masculino,7,49.7,0,2,14.5,0,Logística
1,48.21,78.9,35,Masculino,10,40.9,1,12,45.5,1,Servicios Personales
0,9.05,21.5,29,Femenino,3,58.3,0,4,41.3,0,Servicios Personales
0,13.12,50.0,40,Femenino,9,57.4,1,1,10.6,1,Comercio & Retail
0,11.38,27.6,29,Femenino,7,35.0,0,2,23.1,0,Comercio & Retail
0,10.88,49.2,30,Masculino,7,30.0,0,1,13.8,1,Comercio & Retail
0,10.85,33.0,42,Masculino,5,40.1,0,4,25.9,1,Servicios Personales
0,8.36,28.8,62,Masculino,5,61.4,0,1,13.3,1,Servicios Personales
0,9.25,49.0,36,Femenino,10,62.4,0,1,11.8,0,Logística
0,12.87,59.1,63,Masculino,13,63.4,0,2,21.7,0,Manufactura
0,9.84,41.3,53,Masculino,7,71.9,0,2,28.6,0,Manufactura
0,9.59,8.6,62,Femenino,2,61.1,0,1,22.5,1,Servicios Personales
0,13.27,41.5,25,Masculino,10,41.4,0,2,18.2,0,Manufactura
0,13.92,51.9,46,Femenino,12,42.8,0,1,32.8,1,Manufactura
1,43.29,60.8,49,Femenino,13,45.6,1,45,31.0,1,Logística
0,10.08,34.4,61,Femenino,6,22.7,0,2,23.3,0,Servicios Personales
0,9.68,26.5,35,Femenino,8,32.5,0,1,44.0,0,Comercio & Retail
0,10.02,33.8,23,Femenino,6,49.6,0,4,32.7,0,Servicios Personales
0,9.21,34.6,35,Femenino,7,41.0,0,2,10.3,0,Servicios Personales
0,11.35,50.8,36,Femenino,7,51.5,0,2,21.0,1,Logística
0,11.71,38.0,39,Masculino,8,47.0,0,4,12.0,1,Servicios Personales
1,42.91,61.0,54,Masculino,9,44.8,1,45,46.7,1,Logística
1,51.92,72.4,49,Masculino,10,40.7,1,120,23.6,1,Comercio & Retail
0,12.58,54.7,58,Femenino,7,46.9,0,1,14.3,0,Logística
0,9.95,41.2,20,Femenino,9,35.2,0,1,30.7,0,Comercio & Retail
0,9.14,48.2,45,Femenino,7,55.3,0,1,37.2,0,Servicios Personales
0,9.05,17.4,27,Femenino,3,66.9,0,1,51.4,0,Manufactura
0,11.16,54.7,52,Masculino,12,39.5,0,1,11.5,1,Comercio & Retail
0,7.55,35.4,46,Masculino,7,42.4,0,1,60.3,1,Manufactura
0,11.74,28.4,32,Masculino,3,37.2,0,1,17.1,0,Logística
1,41.25,54.3,50,Masculino,12,36.9,1,120,23.7,1,Logística
0,9.64,51.4,24,Femenino,9,26.9,0,1,5.3,1,Servicios Personales
1,46.59,75.6,29,Femenino,12,41.4,1,45,46.2,1,Tecnología
0,9.92,52.0,47,Masculino,12,63.1,0,4,54.2,0,Comercio & Retail
0,6.44,22.9,38,Femenino,6,64.4,0,8,29.7,0,Manufactura
0,10.95,64.6,48,Femenino,14,41.4,0,4,55.8,1,Comercio & Retail
0,10.27,41.3,41,Femenino,3,55.3,0,1,42.7,1,Tecnología
0,14.35,53.9,37,Femenino,8,32.7,0,1,20.6,1,Agroindustria
0,8.11,38.5,54,Femenino,8,52.0,0,2,7.4,1,Manufactura
0,8.86,32.5,21,Masculino,7,13.5,0,1,69.3,0,Servicios Personales
1,48.66,78.2,45,Masculino,15,44.5,1,12,35.6,1,Comercio & Retail
0,12.38,60.0,61,Femenino,11,44.7,0,1,4.5,0,Comercio & Retail
0,10.95,41.2,37,Femenino,5,38.3,0,2,22.1,0,Servicios Personales
0,10.24,23.4,41,Masculino,5,68.2,0,1,1.7,0,Tecnología
0,15.45,86.2,49,Femenino,18,41.6,0,1,3.3,0,Manufactura
0,11.26,56.0,58,Femenino,8,46.1,0,4,52.2,0,Comercio & Retail
0,13.13,54.3,53,Femenino,7,31.6,0,2,31.0,1,Comercio & Retail
1,42.93,58.6,51,Femenino,14,40.6,1,12,12.0,1,Servicios Personales
0,10.26,26.1,53,Masculino,3,42.1,0,1,18.0,1,Comercio & Retail
0,16.01,72.1,19,Masculino,15,57.9,0,4,50.5,1,Tecnología
0,7.22,34.6,32,Femenino,7,69.8,0,4,34.8,1,Servicios Personales
0,11.47,55.6,51,Femenino,12,60.1,0,1,40.0,1,Logística
0,11.5,52.7,53,Femenino,8,66.6,1,2,26.0,1,Manufactura
0,8.18,23.3,23,Femenino,4,65.2,0,2,18.4,0,Agroindustria
0,15.52,57.8,56,Masculino,11,44.5,0,1,44.0,1,Comercio & Retail
1,50.6,75.9,59,Masculino,14,37.4,1,12,21.3,0,Manufactura
0,9.64,36.5,29,Masculino,1,47.8,1,1,27.8,1,Comercio & Retail
0,9.45,42.0,20,Masculino,6,33.3,0,1,29.4,1,Servicios Personales
1,50.63,82.2,62,Masculino,15,37.8,1,120,60.0,1,Agroindustria
0,12.56,65.6,35,Masculino,12,41.8,0,2,29.9,0,Comercio & Retail
0,15.61,60.9,57,Femenino,12,59.4,0,4,26.2,0,Comercio & Retail
1,44.09,68.8,38,Femenino,14,50.4,1,45,30.0,1,Manufactura
1,46.42,61.8,32,Masculino,12,36.1,1,12,20.3,1,Manufactura
0,9.6,37.6,50,Femenino,11,52.4,0,1,15.1,0,Comercio & Retail
1,41.97,67.7,52,Masculino,14,41.4,1,12,32.7,1,Logística
0,9.88,55.4,43,Masculino,9,49.4,0,4,13.2,1,Servicios Personales
0,9.45,47.6,25,Masculino,10,47.9,0,1,10.2,1,Comercio & Retail
1,51.03,81.5,53,Femenino,13,39.3,1,120,34.9,1,Manufactura
0,12.41,44.3,47,Masculino,7,42.5,0,1,45.7,1,Comercio & Retail
0,16.35,73.7,40,Femenino,15,57.5,0,1,9.2,0,Comercio & Retail
0,11.47,67.4,59,Masculino,11,34.1,0,4,6.8,0,Comercio & Retail
0,12.77,44.6,61,Femenino,6,51.1,0,2,33.3,0,Agroindustria
0,13.83,62.3,31,Masculino,9,51.9,0,1,26.6,1,Comercio & Retail
0,12.77,48.3,31,Masculino,5,34.8,0,2,29.4,0,Servicios Personales
1,51.17,69.7,19,Femenino,10,40.1,1,45,6.1,1,Logística
0,14.14,55.6,54,Femenino,9,56.2,0,1,14.6,1,Manufactura
0,8.79,32.6,22,Masculino,7,37.7,0,4,26.7,0,Servicios Personales
0,8.72,24.6,55,Femenino,3,38.4,0,1,16.8,1,Comercio & Retail
0,11.47,59.4,62,Masculino,7,51.3,1,8,51.3,0,Tecnología
0,10.07,53.6,58,Femenino,9,23.7,0,1,26.0,0,Logística
0,6.56,46.7,64,Masculino,9,42.0,0,1,14.3,0,Manufactura
0,8.37,29.6,31,Masculino,5,44.5,0,1,54.7,1,Comercio & Retail
0,11.33,44.2,56,Femenino,10,46.6,0,2,28.0,0,Servicios Personales
0,13.05,48.2,42,Femenino,6,59.2,0,1,40.6,0,Comercio & Retail
0,15.86,66.5,37,Masculino,14,44.8,0,4,19.2,0,Manufactura
0,16.92,61.2,19,Femenino,14,53.8,0,1,56.6,1,Servicios Personales
0,10.37,42.3,56,Femenino,9,47.1,0,1,48.6,0,Servicios Personales
1,42.64,52.9,23,Masculino,16,42.7,1,12,30.8,1,Comercio & Retail
0,18.3,58.1,34,Femenino,9,46.3,0,2,8.7,0,Manufactura
0,10.0,32.6,42,Femenino,5,36.9,0,1,3.7,1,Comercio & Retail
1,44.54,62.7,45,Masculino,15,45.7,1,120,52.3,1,Agroindustria
1,56.04,92.9,19,Femenino,16,34.0,1,12,11.1,1,Manufactura
1,51.14,71.5,52,Femenino,14,41.2,1,12,33.5,1,Comercio & Retail
0,9.47,20.6,54,Femenino,7,53.1,0,1,50.4,1,Tecnología
0,10.71,42.2,22,Masculino,5,32.7,1,4,19.9,1,Comercio & Retail
0,10.42,40.9,18,Masculino,9,58.0,0,1,4.2,0,Manufactura
1,61.92,97.0,57,Masculino,19,40.1,1,12,46.2,1,Servicios Personales
0,10.82,44.1,29,Femenino,6,77.6,0,1,4.3,0,Comercio & Retail
0,13.69,68.4,53,Femenino,13,43.4,0,1,17.2,0,Comercio & Retail
1,40.69,42.5,62,Femenino,10,38.3,1,45,51.1,1,Tecnología
1,47.37,58.7,40,Femenino,14,47.6,1,12,18.0,1,Tecnología
0,11.58,34.5,64,Masculino,5,30.2,0,2,32.1,0,Comercio & Retail
0,11.49,41.6,48,Femenino,9,30.8,0,1,42.1,1,Servicios Personales
0,12.47,55.2,28,Femenino,7,38.6,0,1,37.2,0,Comercio & Retail
0,12.86,42.0,27,Femenino,7,36.9,0,2,22.1,1,Logística
0,10.47,57.0,20,Masculino,13,40.1,0,2,50.0,0,Agroindustria
0,13.74,49.0,31,Masculino,6,49.2,0,1,24.8,0,Manufactura
0,11.5,39.9,33,Masculino,11,43.6,0,4,63.7,0,Servicios Personales
0,10.78,53.7,27,Masculino,10,44.0,0,1,27.4,0,Manufactura
0,8.7,44.6,46,Femenino,6,59.7,0,2,13.1,0,Comercio & Retail
0,8.96,32.7,27,Femenino,7,67.5,0,1,33.2,1,Comercio & Retail
1,38.82,54.7,29,Femenino,11,48.3,1,120,17.4,1,Agroindustria
0,13.12,48.3,47,Masculino,10,44.5,0,1,11.4,0,Servicios Personales
0,12.4,43.8,58,Masculino,10,43.2,0,2,38.1,0,Comercio & Retail
0,13.06,51.8,18,Masculino,9,44.7,1,1,4.3,0,Servicios Personales
0,14.41,59.5,22,Masculino,9,45.5,0,1,31.2,1,Manufactura
0,17.09,75.0,37,Masculino,10,42.2,0,4,31.8,0,Comercio & Retail
0,18.92,82.6,25,Masculino,15,72.4,0,4,20.7,0,Manufactura
1,43.38,60.3,60,Masculino,12,29.9,1,45,13.1,1,Comercio & Retail
0,13.84,66.1,29,Masculino,10,44.0,0,1,38.9,0,Agroindustria
0,7.54,27.7,18,Femenino,6,47.8,0,1,39.1,1,Comercio & Retail
0,10.94,41.6,37,Masculino,8,56.0,0,1,26.6,0,Comercio & Retail
0,11.04,52.5,45,Masculino,7,36.7,0,2,55.6,1,Servicios Personales
0,12.66,36.4,60,Femenino,7,60.7,0,1,15.1,0,Manufactura
0,9.25,27.6,54,Masculino,3,47.2,0,1,3.0,1,Servicios Personales
0,9.96,48.0,64,Masculino,10,44.2,0,1,24.1,0,Manufactura
0,15.21,84.8,54,Femenino,18,18.7,0,1,28.5,1,Manufactura
0,12.4,58.3,29,Masculino,11,43.0,0,4,39.4,1,Comercio & Retail
1,50.04,71.7,54,Femenino,13,41.1,1,120,15.1,1,Tecnología
0,14.81,72.7,61,Masculino,14,42.8,0,1,40.0,0,Manufactura
0,14.84,58.1,45,Masculino,9,65.7,0,2,25.4,0,Tecnología
0,10.15,54.9,64,Femenino,9,48.5,0,1,20.5,0,Manufactura
0,10.58,33.0,32,Femenino,5,32.8,0,1,16.0,0,Servicios Personales
0,8.76,52.9,23,Masculino,11,35.4,0,1,14.3,0,Manufactura
1,40.07,45.9,61,Femenino,10,43.6,1,45,14.2,1,Comercio & Retail
0,6.34,15.7,37,Femenino,7,63.0,0,1,55.5,1,Tecnología
0,16.52,69.8,31,Masculino,14,52.9,0,2,16.0,1,Servicios Personales
0,11.28,31.6,19,Femenino,7,76.8,0,1,25.1,0,Comercio & Retail
0,17.55,90.2,26,Femenino,21,43.0,0,1,37.1,0,Tecnología
0,12.94,60.0,54,Masculino,12,49.5,0,1,29.2,0,Comercio & Retail
0,10.58,49.8,37,Masculino,10,32.2,1,1,45.9,1,Comercio & Retail
1,53.6,88.5,43,Masculino,17,42.4,1,12,9.3,1,Manufactura
0,8.17,17.3,46,Masculino,1,66.5,0,1,39.9,0,Manufactura
0,14.67,67.3,18,Femenino,9,26.3,0,2,31.3,0,Comercio & Retail
1,49.66,68.9,52,Femenino,8,42.1,1,120,30.8,1,Comercio & Retail
0,13.94,47.9,23,Femenino,9,40.5,0,2,60.9,0,Servicios Personales
0,14.56,50.5,54,Masculino,11,53.6,0,1,17.9,1,Comercio & Retail
0,9.38,33.4,22,Masculino,9,40.2,0,2,12.5,0,Manufactura
1,54.85,93.3,50,Masculino,15,43.4,1,120,19.9,1,Agroindustria
1,50.71,55.8,31,Masculino,12,40.5,1,12,31.0,1,Servicios Personales
1,46.24,57.6,29,Masculino,12,42.5,1,120,39.7,0,Manufactura
0,11.49,56.0,59,Femenino,12,47.8,0,1,6.2,0,Comercio & Retail
0,10.67,31.7,37,Femenino,5,60.1,0,1,33.6,0,Manufactura
1,41.06,54.2,41,Femenino,11,41.9,1,120,20.5,1,Logística
1,44.3,67.3,60,Femenino,11,37.1,1,120,27.5,1,Logística
0,4.26,11.5,51,Masculino,6,47.3,1,1,48.0,1,Logística
1,45.77,65.1,42,Femenino,13,44.5,1,45,34.6,1,Comercio & Retail
0,10.02,30.2,46,Masculino,2,33.4,0,4,31.4,0,Tecnología
1,49.62,88.1,56,Masculino,20,40.8,1,45,23.5,1,Comercio & Retail
0,13.98,60.9,48,Femenino,10,49.7,0,2,42.4,0,Comercio & Retail
0,13.75,43.9,64,Femenino,7,40.4,1,1,19.1,1,Comercio & Retail
0,15.22,55.8,60,Femenino,12,47.6,0,1,33.0,1,Agroindustria
0,12.35,44.9,40,Femenino,12,44.3,0,1,56.2,0,Manufactura
1,56.19,91.1,61,Masculino,18,36.9,1,12,18.7,1,Manufactura
1,54.6,86.2,55,Femenino,17,42.9,1,12,53.5,1,Manufactura
0,10.78,27.6,37,Masculino,5,33.9,1,1,15.4,1,Comercio & Retail
0,11.66,58.6,40,Masculino,9,48.5,1,2,8.3,0,Manufactura
0,11.23,38.1,62,Masculino,7,68.2,0,1,5.8,0,Comercio & Retail
0,14.82,77.3,33,Masculino,13,20.5,0,1,35.2,0,Manufactura
1,49.63,78.0,59,Femenino,15,44.0,1,45,21.2,0,Servicios Personales
0,13.1,49.8,25,Femenino,5,62.3,0,1,47.6,0,Manufactura
0,12.69,58.6,38,Femenino,10,52.7,0,2,52.7,0,Manufactura
0,11.39,47.3,18,Femenino,8,42.3,0,2,29.1,0,Agroindustria
0,9.45,48.2,25,Masculino,13,51.7,0,1,32.6,0,Comercio & Retail
1,49.82,63.5,46,Masculino,12,44.7,1,450,34.9,1,Tecnología
0,13.35,68.6,49,Femenino,14,33.9,0,2,22.7,1,Manufactura
1,48.65,63.2,55,Femenino,8,48.4,1,12,38.9,1,Servicios Personales
0,17.23,57.1,22,Femenino,10,52.5,0,2,39.9,0,Manufactura
1,46.8,66.8,64,Masculino,11,37.2,1,12,73.8,1,Manufactura
1,43.92,65.0,39,Masculino,9,39.9,1,120,59.5,1,Servicios Personales
1,46.64,72.4,64,Masculino,11,40.1,1,120,13.4,1,Tecnología
1,49.04,74.1,51,Masculino,15,39.5,0,120,30.2,1,Manufactura
1,58.06,100.0,18,Femenino,18,40.0,1,12,25.2,1,Logística
0,11.42,41.9,43,Femenino,8,37.5,0,2,36.1,0,Comercio & Retail
1,58.9,100.0,60,Femenino,18,50.1,0,120,28.5,0,Comercio & Retail
0,11.44,39.5,27,Femenino,8,42.0,0,2,8.7,0,Manufactura
1,50.67,75.6,47,Masculino,13,43.6,1,120,30.5,0,Comercio & Retail
0,12.92,37.4,35,Masculino,8,44.7,0,2,49.5,0,Comercio & Retail
0,12.51,45.2,34,Masculino,6,60.9,0,1,10.8,0,Manufactura
1,44.16,66.5,43,Masculino,15,44.5,1,450,34.6,1,Comercio & Retail
0,10.26,44.6,25,Femenino,10,64.4,0,2,8.2,0,Manufactura
0,14.9,65.3,64,Femenino,15,70.1,0,1,47.0,1,Comercio & Retail
0,15.72,72.0,57,Masculino,13,46.9,0,1,52.8,0,Manufactura
0,12.56,67.9,29,Masculino,12,49.2,0,1,31.6,0,Tecnología
1,51.33,67.9,44,Femenino,12,47.4,1,45,16.0,1,Manufactura
0,15.17,73.2,25,Masculino,14,52.2,0,1,6.8,0,Comercio & Retail
0,14.3,66.2,42,Masculino,14,56.6,0,1,22.3,1,Comercio & Retail
0,11.36,39.8,63,Femenino,8,62.4,0,1,18.2,0,Comercio & Retail
0,12.26,52.6,21,Masculino,12,47.1,0,1,14.1,0,Servicios Personales
1,53.03,68.1,50,Femenino,16,41.7,1,120,21.3,1,Manufactura
0,13.71,67.1,18,Masculino,10,38.1,0,1,9.9,0,Logística
0,10.39,36.4,36,Masculino,8,52.1,1,2,23.1,0,Comercio & Retail
0,11.85,37.7,48,Masculino,8,37.9,0,2,53.2,0,Comercio & Retail
0,12.31,57.0,33,Femenino,13,44.2,0,1,75.6,0,Comercio & Retail
0,11.86,37.7,31,Femenino,9,59.8,0,1,36.4,1,Servicios Personales
0,14.11,62.0,22,Femenino,11,50.1,0,1,21.3,1,Servicios Personales
0,13.71,45.6,58,Femenino,9,64.6,0,1,10.2,0,Tecnología
1,49.76,69.4,43,Masculino,14,41.6,1,12,33.3,1,Comercio & Retail
0,14.06,57.8,45,Masculino,11,52.4,0,2,37.1,1,Servicios Personales
0,9.79,77.9,19,Femenino,15,28.8,0,2,54.9,1,Comercio & Retail
0,13.55,76.0,23,Femenino,15,31.4,0,2,48.5,0,Servicios Personales
0,14.45,66.8,26,Femenino,10,57.2,0,4,25.2,0,Servicios Personales
1,48.86,68.3,50,Femenino,15,39.3,1,120,13.0,1,Servicios Personales
0,11.99,45.1,58,Femenino,9,51.3,0,2,20.0,0,Tecnología
0,12.39,58.1,42,Femenino,11,62.1,0,1,27.9,0,Tecnología
0,9.47,42.3,30,Masculino,7,54.2,1,1,39.9,0,Agroindustria
0,11.43,48.2,26,Femenino,12,61.7,0,1,17.7,1,Comercio & Retail
0,11.97,43.2,30,Masculino,11,57.1,0,2,28.6,1,Tecnología
1,44.91,61.6,48,Masculino,12,40.7,1,45,21.1,1,Logística
0,13.18,48.9,58,Femenino,5,44.1,0,1,30.8,0,Logística
0,10.34,37.8,28,Masculino,2,60.7,0,1,42.7,0,Tecnología
0,9.54,27.8,21,Masculino,6,37.4,0,8,40.6,0,Comercio & Retail
0,10.75,58.7,51,Masculino,12,50.5,0,1,8.6,0,Agroindustria
1,48.35,68.6,55,Femenino,13,41.0,1,45,13.2,1,Manufactura
1,52.37,74.0,63,Femenino,14,38.9,1,120,36.3,1,Comercio & Retail
0,11.48,37.3,21,Masculino,8,57.6,0,1,39.5,0,Comercio & Retail
1,52.39,76.0,55,Masculino,11,35.1,1,45,61.0,1,Comercio & Retail
0,9.79,37.3,36,Femenino,7,45.8,0,2,17.7,0,Comercio & Retail
1,48.42,78.7,23,Femenino,15,45.6,1,12,24.3,1,Tecnología
0,11.25,39.7,51,Femenino,7,58.2,0,2,8.8,0,Manufactura
1,46.77,67.8,35,Femenino,14,40.9,1,12,34.2,1,Comercio & Retail
0,13.66,58.6,30,Masculino,9,34.6,0,1,45.5,1,Comercio & Retail
0,17.82,88.8,58,Femenino,16,44.2,0,4,7.1,0,Comercio & Retail
1,44.7,65.8,40,Femenino,11,38.4,1,120,14.5,0,Servicios Personales
0,10.96,50.2,36,Masculino,11,26.4,1,4,18.0,0,Servicios Personales
0,9.59,29.5,62,Femenino,7,28.0,1,4,36.1,0,Manufactura
1,56.44,100.0,28,Masculino,18,38.1,1,12,30.9,1,Servicios Personales
0,14.27,74.1,18,Masculino,14,31.1,0,4,5.1,0,Manufactura
1,35.68,54.0,41,Femenino,12,45.7,1,45,3.8,1,Manufactura
0,12.68,68.4,24,Masculino,11,57.2,1,4,31.5,0,Manufactura
0,11.46,33.9,42,Masculino,7,34.0,0,1,59.7,0,Comercio & Retail
1,50.82,86.7,38,Femenino,13,39.9,1,12,24.2,1,Logística
0,14.78,50.9,32,Femenino,10,49.5,1,1,35.6,1,Servicios Personales
0,14.92,63.6,18,Masculino,10,50.9,0,1,12.4,0,Comercio & Retail
0,13.86,66.6,29,Masculino,13,60.2,1,1,3.4,1,Manufactura
0,8.32,43.8,24,Masculino,11,46.1,0,2,19.8,1,Comercio & Retail
0,11.35,45.2,32,Femenino,10,53.3,0,1,12.4,1,Logística
1,43.44,67.3,38,Masculino,15,33.3,1,450,36.6,1,Manufactura
0,9.6,36.2,36,Femenino,7,52.8,0,1,19.3,0,Manufactura
0,12.76,32.9,46,Masculino,4,27.3,0,1,35.4,0,Servicios Personales
0,7.97,18.7,42,Masculino,7,55.6,0,4,28.2,0,Servicios Personales
1,45.02,60.9,50,Masculino,11,39.4,1,120,6.8,1,Comercio & Retail
0,11.08,47.2,49,Masculino,13,70.7,0,2,27.2,1,Agroindustria
0,12.21,46.6,52,Masculino,7,28.9,0,2,23.8,0,Agroindustria
1,54.61,95.0,61,Masculino,22,47.3,1,12,44.7,1,Manufactura
1,39.16,60.3,55,Femenino,11,39.7,1,120,14.2,1,Tecnología
1,44.4,45.7,43,Masculino,11,38.6,1,12,34.0,1,Comercio & Retail
0,9.74,28.7,28,Masculino,5,59.3,0,1,49.6,1,Comercio & Retail
0,7.58,14.5,52,Femenino,5,57.3,0,8,34.2,1,Comercio & Retail
0,7.56,14.5,25,Femenino,3,53.5,0,8,55.1,1,Tecnología
1,53.82,89.0,63,Femenino,15,41.6,1,45,33.1,1,Servicios Personales
1,52.86,89.3,31,Masculino,15,39.7,1,12,12.9,1,Manufactura
0,9.16,42.6,27,Masculino,10,44.0,0,1,19.8,0,Servicios Personales
0,10.93,31.6,19,Femenino,5,48.7,0,1,8.9,0,Servicios Personales
1,38.16,55.6,63,Masculino,9,44.5,1,45,66.6,1,Agroindustria
0,18.16,75.8,26,Femenino,15,38.1,0,2,36.9,0,Manufactura
0,11.05,41.2,20,Masculino,8,46.7,1,1,25.7,0,Manufactura
0,8.91,27.4,38,Femenino,7,44.2,1,4,45.9,1,Comercio & Retail
0,14.9,59.8,43,Femenino,9,61.4,0,4,30.4,0,Agroindustria
0,11.27,45.9,25,Femenino,9,53.9,0,1,29.4,0,Comercio & Retail
0,12.98,50.5,19,Femenino,13,40.5,0,1,36.8,1,Manufactura
0,11.75,22.5,23,Masculino,2,14.7,0,1,54.4,0,Servicios Personales
0,13.12,55.6,45,Masculino,11,47.6,0,1,49.4,1,Comercio & Retail
0,11.64,37.9,46,Femenino,7,51.9,0,2,36.8,1,Comercio & Retail
0,11.47,48.3,43,Femenino,8,37.2,0,1,12.8,1,Tecnología
1,39.08,64.9,42,Femenino,13,34.2,1,45,23.2,1,Tecnología
0,13.03,46.2,29,Masculino,5,40.5,0,2,46.7,0,Comercio & Retail
0,12.78,49.9,22,Masculino,11,67.0,0,2,20.6,1,Logística
1,39.97,55.3,51,Femenino,12,33.0,0,120,43.3,1,Manufactura
0,13.07,70.7,54,Masculino,12,27.1,0,1,10.0,0,Servicios Personales
1,49.8,92.0,32,Femenino,13,43.1,1,45,29.8,1,Tecnología
1,51.13,86.4,61,Masculino,12,38.0,1,120,35.6,1,Comercio & Retail
1,53.17,74.3,53,Masculino,13,42.5,1,12,4.2,1,Comercio & Retail
0,8.93,39.5,32,Masculino,7,64.4,0,1,23.8,0,Logística
0,12.81,69.7,60,Masculino,15,45.1,0,2,36.4,0,Manufactura
0,9.36,31.1,40,Masculino,5,48.4,0,2,46.3,1,Manufactura
0,10.24,41.6,23,Masculino,11,64.1,0,2,20.3,1,Comercio & Retail
0,10.24,49.8,63,Masculino,7,44.3,0,1,23.2,0,Servicios Personales
0,9.56,40.2,61,Femenino,3,66.1,0,1,16.5,0,Manufactura
0,11.38,45.6,60,Femenino,8,59.4,0,1,44.5,0,Servicios Personales
1,42.34,75.9,62,Femenino,10,47.1,1,12,37.7,1,Comercio & Retail
1,59.91,100.0,38,Masculino,15,44.7,1,45,25.6,1,Servicios Personales
1,54.4,91.9,40,Femenino,17,43.2,1,45,4.6,1,Manufactura
0,12.51,48.3,60,Femenino,10,28.2,0,2,17.8,0,Comercio & Retail
0,9.38,26.4,33,Femenino,5,43.6,0,1,75.3,0,Logística
0,12.8,42.7,64,Femenino,5,63.7,0,1,17.7,1,Logística
0,16.23,77.5,32,Masculino,13,35.8,0,1,28.0,0,Comercio & Retail
0,10.76,60.4,42,Masculino,13,27.5,0,1,27.9,0,Tecnología
0,8.06,35.4,53,Masculino,8,31.7,1,2,49.9,1,Comercio & Retail
0,9.89,21.9,28,Masculino,6,65.1,0,2,23.5,0,Manufactura
0,11.78,60.6,32,Masculino,14,48.5,0,1,49.4,1,Logística
0,10.46,30.8,21,Femenino,5,29.7,0,1,36.3,1,Manufactura
0,13.55,57.9,38,Femenino,8,56.8,0,1,41.0,0,Manufactura
0,12.59,57.3,30,Masculino,12,55.5,0,1,14.7,1,Agroindustria
0,4.81,5.0,39,Femenino,2,43.9,0,1,3.2,0,Tecnología
0,13.79,64.4,36,Femenino,14,52.2,1,1,39.9,1,Servicios Personales
1,55.23,87.7,51,Masculino,19,35.8,1,45,19.1,1,Servicios Personales
0,13.24,51.4,31,Femenino,10,41.9,0,1,8.4,1,Comercio & Retail
0,11.69,29.2,21,Femenino,10,64.3,1,2,35.1,0,Comercio & Retail
0,11.67,51.6,63,Femenino,10,43.4,0,2,67.1,0,Comercio & Retail
0,15.01,72.2,44,Femenino,11,29.8,0,2,14.0,0,Comercio & Retail
0,12.27,38.3,46,Femenino,7,39.8,0,2,23.1,1,Manufactura
0,9.44,32.3,64,Femenino,6,38.9,0,8,20.8,0,Manufactura
0,10.23,43.3,45,Masculino,9,51.6,0,1,42.9,1,Servicios Personales
0,14.18,60.5,52,Masculino,11,30.1,0,1,37.7,0,Servicios Personales
0,6.67,23.8,25,Femenino,6,10.0,0,2,82.6,0,Servicios Personales
0,6.36,23.7,33,Masculino,5,39.3,0,2,17.2,0,Servicios Personales
0,10.47,58.2,59,Femenino,8,55.7,0,1,29.5,1,Agroindustria
0,10.67,41.7,53,Femenino,5,61.0,0,1,28.6,1,Servicios Personales
0,13.5,61.6,47,Femenino,13,54.3,1,4,34.1,1,Servicios Personales
0,7.46,19.9,35,Masculino,0,54.4,0,2,37.4,0,Comercio & Retail
0,7.89,29.8,19,Femenino,6,63.4,0,1,42.8,1,Servicios Personales
0,14.33,65.7,30,Masculino,15,45.4,0,4,20.2,1,Comercio & Retail
0,9.74,41.5,21,Masculino,9,43.6,1,1,16.0,0,Comercio & Retail
0,12.01,43.3,43,Masculino,11,21.5,0,2,9.7,1,Servicios Personales
1,42.89,54.1,42,Masculino,10,38.5,1,120,48.7,1,Comercio & Retail
0,15.95,66.9,47,Masculino,8,40.2,0,4,34.7,1,Tecnología
0,12.74,51.0,28,Femenino,14,52.3,0,4,25.0,1,Comercio & Retail
0,13.99,63.9,24,Femenino,8,46.0,0,2,23.6,1,Comercio & Retail
0,7.35,15.8,48,Masculino,7,53.4,0,2,33.3,0,Comercio & Retail
1,45.25,68.0,61,Masculino,12,38.7,1,450,24.6,1,Tecnología
0,8.19,8.4,27,Femenino,3,50.7,0,2,8.6,0,Servicios Personales
0,14.34,56.1,56,Femenino,9,42.5,0,1,17.9,0,Manufactura
0,12.73,38.9,30,Femenino,8,52.7,0,1,17.9,0,Tecnología
0,12.42,58.2,48,Femenino,9,62.8,0,2,2.3,0,Manufactura
0,12.45,39.0,24,Femenino,8,29.3,0,1,19.1,0,Servicios Personales
1,41.33,63.9,59,Masculino,11,45.9,1,120,26.1,1,Logística
1,48.47,68.8,59,Masculino,14,41.4,1,45,27.9,1,Comercio & Retail
1,48.61,75.1,53,Femenino,12,42.9,1,12,28.3,1,Tecnología
0,10.51,49.1,37,Masculino,9,49.3,0,1,26.8,0,Servicios Personales
0,16.39,65.1,21,Masculino,12,40.7,0,4,4.4,1,Servicios Personales
0,15.92,67.6,24,Femenino,13,51.0,1,1,42.0,1,Comercio & Retail
1,46.76,67.7,18,Femenino,11,45.4,1,12,10.2,1,Comercio & Retail
1,50.56,80.3,61,Masculino,14,39.6,1,120,53.3,1,Manufactura
0,7.83,19.4,62,Masculino,1,32.1,0,1,15.2,1,Agroindustria
0,11.14,37.6,59,Femenino,10,49.3,0,2,21.7,0,Logística
1,43.12,49.2,64,Masculino,11,46.8,1,120,13.2,1,Manufactura
0,11.91,38.8,30,Femenino,4,80.0,0,1,24.5,0,Comercio & Retail
0,9.72,43.5,39,Femenino,11,31.5,0,1,34.2,0,Manufactura
1,46.16,59.6,38,Femenino,13,42.4,1,450,42.9,1,Agroindustria
0,12.57,44.9,39,Femenino,9,51.2,0,1,6.5,0,Logística
0,11.65,60.6,45,Masculino,12,43.7,0,1,63.4,1,Servicios Personales
0,13.53,67.2,26,Masculino,14,59.9,1,1,28.4,0,Manufactura
1,44.39,75.3,43,Femenino,15,43.4,1,120,22.5,1,Comercio & Retail
1,45.61,60.3,26,Masculino,14,42.1,1,120,19.4,1,Servicios Personales
0,15.11,66.2,32,Masculino,15,35.6,0,4,6.4,1,Agroindustria
0,11.46,64.7,27,Femenino,8,40.2,0,2,55.8,1,Comercio & Retail
0,12.23,65.0,41,Masculino,9,43.4,1,1,6.6,0,Servicios Personales
0,8.05,24.1,59,Femenino,1,74.0,0,2,30.1,0,Comercio & Retail
0,11.0,45.1,25,Masculino,6,57.0,0,1,18.9,0,Comercio & Retail
0,13.14,77.6,41,Femenino,15,52.0,0,2,63.9,1,Manufactura
0,12.5,46.3,33,Masculino,8,58.2,0,1,30.4,1,Manufactura
0,10.53,54.1,43,Femenino,12,57.7,0,1,44.5,1,Tecnología
1,54.04,73.3,44,Masculino,11,42.9,1,45,64.7,1,Manufactura
1,51.66,93.5,54,Masculino,15,46.8,1,45,31.2,1,Servicios Personales
0,7.56,17.3,21,Femenino,2,41.6,1,1,33.4,0,Manufactura
0,16.0,69.8,41,Femenino,11,52.0,0,2,31.2,1,Manufactura
0,7.79,54.4,36,Femenino,11,78.4,0,2,33.0,0,Tecnología
0,9.14,34.8,53,Masculino,7,37.2,0,1,4.0,1,Manufactura
0,15.48,66.3,56,Femenino,14,22.5,0,1,4.4,0,Comercio & Retail
0,8.69,30.9,27,Masculino,5,62.4,0,2,55.7,0,Logística
1,47.4,76.6,42,Femenino,14,36.5,1,12,43.5,1,Tecnología
0,7.04,18.2,35,Femenino,2,55.3,0,4,30.1,0,Agroindustria
0,12.8,51.2,36,Femenino,7,56.7,1,2,18.5,1,Servicios Personales
0,10.72,43.3,53,Femenino,9,54.8,0,1,24.6,0,Servicios Personales
0,15.86,58.0,27,Masculino,11,50.2,1,2,47.1,0,Servicios Personales
0,8.06,15.3,50,Masculino,3,46.0,0,1,25.0,1,Tecnología
1,48.3,57.6,22,Femenino,14,45.6,1,12,28.4,0,Comercio & Retail
1,45.32,70.3,64,Masculino,13,39.4,1,12,55.9,1,Comercio & Retail
1,55.58,83.7,52,Femenino,17,41.6,1,45,31.5,1,Comercio & Retail
0,15.1,62.0,61,Masculino,13,75.6,0,8,16.3,1,Tecnología
0,8.67,33.3,51,Femenino,7,51.8,0,4,23.6,0,Comercio & Retail
0,11.19,27.0,50,Masculino,6,38.2,0,8,70.4,1,Servicios Personales
0,13.13,50.2,38,Masculino,8,46.0,0,1,34.6,0,Comercio & Retail
1,51.67,79.7,34,Femenino,18,44.3,1,45,12.7,1,Logística
1,47.92,71.0,39,Masculino,10,43.5,1,120,49.0,1,Manufactura
0,15.0,56.4,54,Femenino,10,37.4,0,2,63.0,0,Logística
1,44.53,79.9,32,Femenino,15,42.3,1,12,16.2,1,Tecnología
0,12.59,52.8,52,Femenino,6,26.5,0,2,20.8,1,Servicios Personales
1,40.17,54.4,45,Femenino,12,46.3,1,45,20.8,1,Comercio & Retail
1,49.36,67.2,24,Femenino,12,41.0,1,450,33.1,0,Servicios Personales
1,48.04,75.7,49,Femenino,14,42.0,1,120,33.6,1,Manufactura
0,13.22,61.5,28,Femenino,13,67.4,0,1,48.8,0,Manufactura
0,13.04,39.3,27,Femenino,10,52.7,0,1,9.0,0,Comercio & Retail
0,4.21,13.1,26,Masculino,5,38.4,0,2,21.5,0,Comercio & Retail
0,9.74,37.6,31,Masculino,8,46.8,0,1,4.0,0,Logística
0,16.52,77.9,30,Femenino,13,78.8,0,1,7.0,0,Agroindustria
1,52.16,74.9,42,Femenino,17,41.2,1,45,23.1,1,Manufactura
0,9.83,44.3,19,Femenino,5,53.1,0,1,36.5,0,Tecnología
0,11.52,27.1,52,Masculino,5,65.0,0,2,63.0,0,Comercio & Retail
0,14.98,31.2,24,Masculino,4,48.7,0,1,22.2,0,Comercio & Retail
0,14.71,48.0,38,Femenino,7,65.4,0,1,51.0,0,Comercio & Retail
1,54.76,81.0,35,Femenino,14,46.3,1,120,32.9,1,Manufactura
1,47.81,70.1,20,Femenino,15,41.7,1,12,39.2,1,Servicios Personales
0,8.92,16.3,59,Femenino,2,46.0,0,1,29.6,0,Servicios Personales
0,7.95,14.9,56,Masculino,5,50.2,0,2,26.2,0,Logística
0,10.65,30.4,58,Masculino,5,43.4,0,1,41.0,0,Comercio & Retail
1,50.83,75.9,28,Femenino,7,49.5,1,45,32.0,1,Comercio & Retail
0,12.57,48.5,56,Masculino,9,44.1,0,1,15.6,0,Servicios Personales
0,9.3,32.5,41,Femenino,8,55.8,0,1,37.7,0,Logística
1,48.74,61.2,63,Femenino,12,44.2,1,12,29.5,1,Logística
0,10.1,34.1,36,Masculino,3,49.8,0,2,27.2,0,Servicios Personales
0,8.58,40.7,21,Masculino,8,22.2,0,1,22.9,0,Servicios Personales
1,38.82,63.8,43,Femenino,15,43.1,1,45,8.5,1,Comercio & Retail
1,61.8,100.0,55,Femenino,15,40.0,0,12,28.7,1,Servicios Personales
1,49.58,82.7,59,Masculino,16,39.7,1,450,51.0,1,Manufactura
0,12.87,74.3,49,Masculino,11,59.6,0,1,42.2,0,Logística
0,9.31,43.0,56,Femenino,8,48.7,0,1,23.4,1,Tecnología
1,48.73,76.7,62,Femenino,11,33.1,1,45,59.1,1,Comercio & Retail
0,17.04,100.0,63,Femenino,20,28.9,0,2,25.5,0,Comercio & Retail
0,10.89,52.1,53,Masculino,8,62.8,0,4,21.9,0,Comercio & Retail
0,12.24,70.7,57,Masculino,17,32.6,0,2,18.8,0,Tecnología
0,7.46,11.6,54,Femenino,1,57.7,0,1,42.4,0,Comercio & Retail
1,46.29,67.5,50,Masculino,12,37.4,1,12,12.9,1,Comercio & Retail
0,12.19,59.5,53,Masculino,12,53.0,0,2,34.8,0,Tecnología
0,14.97,62.7,20,Femenino,11,49.5,0,1,18.4,0,Comercio & Retail
0,12.97,58.2,26,Femenino,12,45.3,0,1,7.0,0,Manufactura
0,11.8,67.2,25,Masculino,12,54.4,0,1,56.7,0,Logística
0,12.05,56.4,50,Masculino,12,61.3,0,1,22.0,0,Servicios Personales
0,13.08,55.5,23,Masculino,9,39.4,0,2,37.0,0,Logística
0,11.51,40.9,58,Masculino,9,49.9,0,1,13.3,1,Comercio & Retail
0,12.49,31.6,56,Femenino,5,39.4,0,1,42.6,0,Comercio & Retail
1,42.43,64.8,21,Femenino,13,42.5,1,120,8.5,1,Servicios Personales
0,14.2,66.0,30,Masculino,15,60.0,0,2,10.0,1,Comercio & Retail
1,49.45,76.6,19,Femenino,17,46.8,1,120,1.0,1,Tecnología
0,12.66,45.8,22,Masculino,7,53.7,0,1,24.6,0,Comercio & Retail
0,5.64,34.1,61,Masculino,3,61.3,0,4,17.7,0,Comercio & Retail
0,12.31,61.5,44,Masculino,11,38.6,0,2,20.8,0,Servicios Personales
0,11.08,44.1,49,Femenino,6,38.3,0,1,27.0,1,Comercio & Retail
1,45.37,63.9,38,Masculino,12,45.1,1,45,49.8,1,Tecnología
0,6.57,16.1,25,Masculino,2,32.0,0,1,27.4,0,Manufactura
1,41.97,53.7,55,Masculino,14,36.3,1,120,34.5,1,Tecnología
1,41.89,53.7,25,Femenino,11,42.1,1,12,22.3,1,Agroindustria
0,9.84,25.8,20,Femenino,3,63.1,0,2,35.3,0,Servicios Personales
0,12.71,52.7,61,Femenino,11,66.6,0,1,45.5,1,Comercio & Retail
1,45.64,70.5,20,Femenino,10,42.8,0,450,14.4,1,Comercio & Retail
0,13.46,65.8,39,Femenino,12,49.6,0,1,8.4,0,Comercio & Retail
0,15.69,66.1,23,Masculino,13,46.9,0,4,4.1,0,Tecnología
0,10.7,24.5,19,Masculino,1,52.2,0,1,23.4,1,Servicios Personales
0,12.47,67.2,40,Masculino,8,32.7,0,1,17.0,0,Tecnología
0,12.94,52.2,61,Masculino,10,56.3,0,1,34.5,0,Servicios Personales
0,10.76,41.4,19,Femenino,9,58.0,0,2,24.2,0,Manufactura
1,41.23,54.2,55,Masculino,9,45.3,1,45,42.7,1,Logística
0,15.53,59.5,34,Femenino,14,23.6,0,2,15.6,1,Agroindustria
0,8.42,17.5,52,Femenino,3,40.6,0,4,28.0,1,Manufactura
1,45.34,65.2,51,Masculino,9,33.7,1,120,82.1,1,Agroindustria
0,14.29,64.0,40,Masculino,9,46.8,0,2,14.9,0,Logística
0,13.51,61.5,47,Masculino,10,45.8,0,1,7.0,1,Agroindustria
0,9.86,42.9,25,Femenino,6,30.5,0,1,11.0,0,Manufactura
1,45.53,74.8,39,Masculino,18,36.6,1,450,32.3,0,Comercio & Retail
1,45.84,62.9,61,Femenino,14,41.2,1,45,26.0,1,Servicios Personales
1,55.27,100.0,53,Femenino,18,38.6,1,45,42.0,1,Comercio & Retail
0,13.49,57.9,22,Masculino,12,46.0,0,2,16.4,0,Servicios Personales
0,12.03,59.0,30,Masculino,13,47.4,0,1,29.8,1,Manufactura
0,12.58,53.1,46,Masculino,10,64.6,0,2,40.6,0,Tecnología
1,53.17,84.8,48,Masculino,16,39.6,0,45,32.7,1,Manufactura
0,14.02,60.9,64,Masculino,12,51.5,0,4,61.1,1,Manufactura
0,12.88,49.2,33,Masculino,9,55.0,0,1,36.0,1,Logística
0,12.64,61.2,59,Masculino,17,43.4,0,4,48.1,0,Tecnología
0,9.23,34.3,47,Masculino,5,35.8,0,2,22.3,0,Agroindustria
0,12.08,53.0,33,Masculino,7,46.5,0,1,18.6,0,Manufactura
0,18.33,98.3,29,Masculino,21,21.3,0,1,23.3,0,Comercio & Retail
0,15.85,87.7,34,Femenino,13,51.2,0,4,23.0,0,Comercio & Retail
0,6.76,7.8,33,Masculino,0,37.2,0,4,31.1,0,Logística
0,11.67,66.1,29,Masculino,14,39.5,0,1,53.4,1,Comercio & Retail
0,10.11,32.3,25,Femenino,6,73.2,0,1,17.6,1,Manufactura
0,9.83,40.0,37,Masculino,8,50.7,0,2,2.0,0,Servicios Personales
0,18.39,100.0,20,Femenino,20,43.8,0,2,16.5,1,Servicios Personales
1,44.7,76.3,33,Masculino,16,37.6,1,45,13.8,1,Servicios Personales
1,59.03,100.0,47,Masculino,18,45.5,1,45,29.7,1,Comercio & Retail
0,11.73,49.5,62,Femenino,8,47.2,0,2,36.7,0,Manufactura
0,10.14,42.3,40,Femenino,9,34.4,0,2,35.9,0,Comercio & Retail
0,14.09,49.1,45,Masculino,11,46.0,0,8,19.6,0,Manufactura
1,50.73,83.7,57,Femenino,13,37.0,1,45,24.2,0,Comercio & Retail
0,12.2,53.2,22,Femenino,9,54.8,0,2,28.4,1,Servicios Personales
1,52.85,96.1,37,Femenino,17,48.9,1,120,29.9,1,Tecnología
0,14.59,63.7,57,Masculino,12,38.5,0,1,74.0,1,Manufactura
1,47.31,79.2,61,Masculino,16,38.7,1,45,36.9,1,Manufactura
0,13.81,56.4,18,Masculino,7,45.9,0,1,19.3,0,Tecnología
0,12.62,50.7,47,Femenino,8,47.4,0,1,1.2,0,Agroindustria
0,12.95,62.6,38,Masculino,11,33.0,0,1,7.5,0,Servicios Personales
0,11.6,42.9,37,Masculino,8,29.6,0,4,41.2,0,Manufactura
1,49.34,79.7,23,Femenino,14,34.7,1,45,30.0,1,Comercio & Retail
1,47.42,70.3,39,Masculino,14,41.5,1,12,43.0,1,Comercio & Retail
0,10.34,45.4,35,Masculino,9,45.1,0,2,10.7,1,Agroindustria
0,17.54,88.5,25,Masculino,13,50.2,0,1,17.8,0,Comercio & Retail
1,53.75,84.0,56,Femenino,18,46.9,1,120,48.3,1,Servicios Personales
1,46.15,63.1,49,Femenino,14,38.6,1,120,17.7,1,Manufactura
0,16.15,74.4,50,Femenino,12,61.3,0,8,32.1,1,Manufactura
1,47.52,81.8,33,Femenino,15,41.6,1,120,39.7,1,Servicios Personales
1,46.77,72.4,29,Masculino,16,52.1,1,120,64.9,0,Comercio & Retail
1,49.91,78.2,55,Femenino,16,31.4,1,120,15.9,1,Servicios Personales
0,11.71,61.7,51,Masculino,10,37.5,0,1,22.0,0,Manufactura
1,46.28,69.1,31,Femenino,13,46.4,1,45,20.2,1,Manufactura
0,14.53,58.9,53,Femenino,9,57.1,0,2,30.1,1,Tecnología
0,10.89,54.9,50,Masculino,10,34.9,1,4,31.1,0,Tecnología
1,47.82,71.2,40,Femenino,12,42.1,1,120,28.5,1,Logística
0,6.49,27.9,62,Masculino,4,65.5,0,4,20.4,0,Servicios Personales
0,13.26,52.5,19,Femenino,11,41.2,0,2,66.2,0,Tecnología
1,38.37,53.5,58,Femenino,7,43.3,1,45,33.5,1,Logística
0,10.61,37.9,38,Masculino,5,55.1,0,2,32.0,0,Logística
0,15.6,73.9,19,Masculino,13,27.7,1,4,22.9,0,Logística
1,45.94,63.2,44,Femenino,9,42.2,1,45,12.8,1,Servicios Personales
0,12.49,53.3,26,Femenino,11,13.9,1,4,15.7,1,Tecnología
0,12.27,56.3,18,Masculino,9,54.0,0,4,66.6,0,Manufactura
1,48.29,70.2,28,Masculino,8,47.0,1,120,38.4,1,Tecnología
0,12.68,53.4,20,Masculino,10,61.0,0,1,15.0,0,Comercio & Retail
0,6.83,22.9,40,Femenino,5,40.9,0,1,22.5,0,Logística
0,14.71,63.2,43,Masculino,10,40.9,0,1,7.6,0,Comercio & Retail
0,14.76,70.4,21,Femenino,18,49.5,0,2,32.1,0,Comercio & Retail
0,9.57,24.0,35,Femenino,5,39.5,0,1,48.5,0,Comercio & Retail
1,51.12,75.1,23,Masculino,15,35.5,1,120,43.5,1,Tecnología
0,17.31,86.7,52,Femenino,18,62.0,1,1,14.0,1,Comercio & Retail
0,13.31,44.9,39,Femenino,7,53.7,0,1,31.4,0,Servicios Personales
1,57.6,81.1,60,Femenino,11,38.2,1,45,26.3,1,Manufactura
0,10.44,35.8,32,Femenino,5,51.1,0,2,19.1,0,Comercio & Retail
0,7.67,25.2,39,Masculino,4,39.5,0,2,27.0,0,Comercio & Retail
0,10.33,52.6,54,Masculino,11,50.6,0,4,32.8,0,Comercio & Retail
1,41.81,58.4,59,Femenino,12,42.9,1,450,9.7,1,Comercio & Retail
0,10.09,34.9,29,Masculino,8,42.5,0,1,21.7,0,Comercio & Retail
0,12.26,44.6,64,Masculino,6,59.9,0,2,53.4,1,Comercio & Retail
0,11.42,46.0,59,Masculino,7,52.9,0,1,19.3,0,Manufactura
0,15.59,71.7,55,Femenino,13,51.3,0,1,10.0,0,Servicios Personales
0,18.1,75.0,35,Masculino,13,43.0,0,2,15.3,0,Manufactura
0,12.78,69.2,62,Masculino,12,59.1,0,2,42.1,0,Logística
0,11.3,37.2,52,Femenino,9,43.3,0,2,13.3,1,Tecnología
0,9.05,36.2,47,Femenino,6,53.8,0,4,51.2,1,Comercio & Retail
0,16.13,72.6,41,Femenino,15,60.6,0,1,11.8,1,Manufactura
0,18.18,92.8,59,Masculino,16,49.0,0,2,2.4,1,Tecnología
1,49.68,61.7,47,Femenino,8,51.9,1,120,31.3,1,Tecnología
0,10.76,46.7,31,Masculino,9,56.7,0,2,41.0,1,Manufactura
0,12.13,21.1,23,Femenino,4,33.3,0,1,36.3,0,Logística
1,45.6,64.6,20,Masculino,12,43.9,1,12,2.0,1,Manufactura
1,48.83,83.8,33,Femenino,18,36.8,1,12,16.5,1,Servicios Personales
1,45.67,70.2,24,Masculino,14,45.9,1,120,20.8,1,Tecnología
1,55.61,99.2,31,Masculino,18,40.4,1,450,39.9,1,Comercio & Retail
0,10.48,53.7,26,Femenino,9,55.6,0,2,40.0,1,Comercio & Retail
0,10.72,30.2,32,Femenino,5,47.8,0,1,17.3,0,Manufactura
1,54.71,72.4,38,Femenino,16,49.4,1,45,16.6,1,Tecnología
1,36.51,44.6,52,Masculino,11,40.3,1,12,54.0,1,Comercio & Retail
0,14.98,48.6,19,Masculino,7,69.0,0,2,63.1,0,Manufactura
1,56.66,85.8,44,Femenino,17,33.5,1,12,21.5,1,Servicios Personales
0,12.81,52.6,19,Femenino,8,23.2,0,4,10.3,1,Agroindustria
0,9.37,38.8,52,Femenino,6,32.7,0,1,4.6,1,Agroindustria
0,11.29,52.4,35,Masculino,12,43.8,0,2,6.7,0,Servicios Personales
0,8.68,35.6,31,Masculino,5,59.0,0,1,17.8,1,Comercio & Retail
1,49.31,82.4,37,Masculino,14,44.3,1,45,16.9,1,Manufactura
0,11.1,39.6,35,Femenino,6,67.9,0,2,64.1,0,Tecnología
1,51.24,75.4,27,Femenino,11,40.2,1,12,32.5,1,Comercio & Retail
0,14.76,61.5,42,Masculino,11,56.4,1,1,16.2,1,Comercio & Retail
1,48.58,78.7,19,Femenino,11,44.9,1,12,19.4,1,Agroindustria
0,13.4,55.5,42,Masculino,5,48.4,0,2,26.9,0,Tecnología
0,11.17,42.0,50,Femenino,9,54.4,0,2,58.9,0,Servicios Personales
1,47.24,68.5,53,Femenino,15,45.4,1,120,7.1,1,Manufactura
0,12.61,46.4,48,Masculino,9,40.5,0,2,30.6,1,Servicios Personales
0,9.02,21.9,31,Masculino,6,52.4,0,1,46.7,1,Tecnología
0,11.99,51.6,18,Masculino,8,42.4,1,1,55.8,1,Comercio & Retail
0,10.1,39.4,63,Femenino,5,44.5,0,4,41.6,0,Comercio & Retail
0,8.71,24.9,33,Femenino,2,43.8,0,1,48.9,1,Tecnología
0,9.16,38.8,63,Masculino,9,59.4,0,4,10.8,0,Servicios Personales
0,16.42,70.9,20,Masculino,10,63.3,0,2,26.1,0,Comercio & Retail
0,9.21,48.2,52,Masculino,13,61.0,0,1,6.3,1,Logística
0,12.21,49.8,58,Femenino,12,15.9,0,1,39.8,0,Servicios Personales
0,14.71,71.9,23,Masculino,12,45.5,0,2,27.7,1,Comercio & Retail
1,48.66,58.2,42,Masculino,10,43.6,1,120,41.0,1,Logística
1,56.97,80.9,30,Masculino,18,50.1,1,12,22.5,1,Servicios Personales
0,11.55,43.5,51,Masculino,7,53.3,0,1,19.3,0,Agroindustria
0,14.02,52.3,25,Femenino,9,46.8,0,1,65.7,0,Comercio & Retail
1,54.23,90.8,38,Masculino,16,40.1,1,45,35.9,0,Manufactura
0,12.41,38.8,51,Masculino,9,56.7,0,1,33.6,1,Comercio & Retail
1,46.76,57.9,21,Masculino,10,39.8,1,120,36.9,1,Tecnología
1,50.99,73.8,42,Masculino,12,42.0,1,120,33.4,1,Comercio & Retail
1,44.01,61.0,32,Masculino,14,43.3,1,12,32.4,1,Manufactura
0,14.57,58.5,21,Masculino,11,33.7,1,1,37.0,0,Comercio & Retail
0,14.24,42.4,62,Femenino,7,49.2,0,1,42.7,1,Servicios Personales
0,8.28,30.9,29,Femenino,8,47.4,0,1,34.2,1,Comercio & Retail
0,13.57,65.9,49,Femenino,12,42.5,0,4,58.6,0,Servicios Personales
0,14.2,54.5,49,Femenino,9,46.4,0,2,15.6,0,Logística
0,11.87,62.0,45,Femenino,8,44.4,0,1,39.3,1,Logística
0,11.9,38.8,30,Femenino,6,37.5,0,1,14.3,0,Manufactura
0,13.87,79.4,48,Femenino,15,42.5,0,8,53.9,1,Comercio & Retail
1,46.73,69.7,31,Femenino,10,42.8,1,12,24.5,1,Comercio & Retail
0,12.77,48.6,37,Femenino,10,63.1,0,1,52.3,0,Servicios Personales
1,43.02,55.2,35,Femenino,13,47.3,1,45,10.1,1,Manufactura
0,11.62,36.2,46,Masculino,5,40.2,0,1,26.7,0,Manufactura
0,12.87,53.0,23,Masculino,10,44.4,0,1,9.1,0,Servicios Personales
1,50.39,78.1,49,Femenino,16,36.3,1,120,7.5,1,Comercio & Retail
0,12.18,50.8,46,Masculino,10,38.5,0,2,7.1,1,Servicios Personales
0,11.77,50.6,60,Masculino,11,30.7,0,2,21.3,0,Comercio & Retail
1,43.97,68.3,19,Femenino,11,40.4,0,45,60.0,1,Comercio & Retail
0,14.55,70.8,40,Masculino,14,49.8,0,1,16.3,0,Logística
1,51.57,81.5,36,Masculino,11,47.3,1,120,15.2,1,Manufactura
1,46.81,80.6,48,Masculino,19,41.5,1,45,50.2,1,Servicios Personales
1,53.6,79.1,22,Femenino,11,38.7,1,120,65.7,1,Tecnología
0,10.98,49.9,36,Masculino,8,51.1,0,2,19.0,0,Comercio & Retail
1,53.52,79.2,51,Femenino,16,44.2,1,12,30.3,1,Tecnología
0,9.66,40.0,27,Masculino,9,59.3,0,2,41.1,0,Comercio & Retail
0,9.77,40.4,42,Masculino,8,57.1,0,1,16.8,0,Agroindustria
0,13.49,47.6,19,Masculino,5,71.7,0,1,50.2,0,Logística
0,8.55,36.3,28,Masculino,12,41.8,0,8,3.3,0,Servicios Personales
0,11.85,29.0,48,Femenino,8,44.5,0,2,19.2,1,Manufactura
0,11.04,26.9,32,Masculino,7,36.8,0,1,36.3,0,Tecnología
0,11.14,58.7,26,Masculino,8,69.3,0,2,39.1,0,Manufactura
0,13.29,57.8,40,Femenino,9,48.9,0,1,62.5,0,Comercio & Retail
1,44.89,56.9,36,Masculino,13,39.0,1,45,60.7,0,Tecnología
0,13.19,58.3,26,Femenino,12,47.4,0,2,31.5,1,Logística
0,12.1,52.3,52,Femenino,9,37.9,0,4,59.7,0,Comercio & Retail
0,14.19,73.2,38,Masculino,12,41.2,0,2,29.3,0,Manufactura
0,10.23,44.9,26,Femenino,10,41.9,0,2,19.6,1,Comercio & Retail
1,44.11,60.3,45,Masculino,11,39.2,1,45,13.7,1,Comercio & Retail
0,12.61,39.6,63,Femenino,7,24.7,0,1,36.1,0,Manufactura
0,13.89,46.0,24,Femenino,8,51.9,0,2,22.3,0,Logística
0,9.02,50.0,33,Masculino,11,52.8,0,1,23.1,0,Comercio & Retail
1,39.2,61.1,33,Femenino,11,39.1,1,45,34.4,1,Comercio & Retail
0,13.68,63.2,50,Masculino,14,58.6,0,1,13.0,0,Comercio & Retail
1,39.25,64.0,21,Masculino,12,38.8,1,12,32.9,1,Agroindustria
0,13.01,62.6,21,Masculino,8,69.2,0,1,24.4,0,Comercio & Retail
0,12.47,45.4,56,Masculino,5,56.7,0,2,11.7,0,Logística
1,51.41,80.9,57,Masculino,13,35.2,1,120,43.7,1,Comercio & Retail
0,14.68,62.2,34,Femenino,11,53.7,0,1,0.7,0,Agroindustria
1,54.31,82.3,54,Masculino,14,42.6,1,120,18.8,1,Comercio & Retail
1,43.51,45.0,56,Femenino,12,43.4,1,120,15.6,1,Comercio & Retail
1,52.28,66.1,46,Masculino,17,46.4,1,12,35.2,1,Agroindustria
0,10.38,40.9,53,Masculino,9,36.8,0,1,35.7,0,Servicios Personales
0,11.74,45.6,55,Masculino,10,44.1,0,1,16.6,0,Manufactura
1,46.44,77.5,56,Masculino,13,30.0,1,12,11.9,1,Comercio & Retail
0,15.18,51.9,54,Masculino,13,66.7,0,1,40.2,0,Servicios Personales
0,14.99,45.4,52,Masculino,11,70.3,1,2,53.9,0,Comercio & Retail
0,10.4,29.8,24,Masculino,4,39.9,0,1,56.4,1,Logística
0,8.9,28.4,44,Femenino,3,71.7,0,2,5.9,1,Comercio & Retail
0,14.69,59.8,45,Femenino,9,42.1,0,2,28.2,0,Logística
0,11.44,52.3,39,Femenino,10,47.8,0,1,47.0,1,Comercio & Retail
0,11.12,25.2,31,Masculino,3,45.2,0,2,28.6,0,Comercio & Retail
0,16.83,63.9,24,Femenino,10,56.5,0,1,40.5,0,Comercio & Retail
0,12.44,54.0,54,Femenino,12,24.1,0,1,36.9,0,Comercio & Retail
0,13.95,56.2,39,Femenino,10,67.5,0,1,13.9,0,Comercio & Retail
0,15.56,64.7,22,Masculino,11,45.9,0,2,63.1,1,Comercio & Retail
0,12.56,59.3,19,Masculino,12,36.0,0,2,20.7,1,Comercio & Retail
0,10.31,39.6,44,Femenino,4,38.6,0,2,29.7,0,Comercio & Retail
0,12.05,54.4,38,Femenino,12,37.6,0,1,24.8,0,Comercio & Retail
0,14.03,58.6,55,Femenino,7,38.9,0,1,63.8,1,Manufactura
0,11.47,47.9,32,Femenino,9,62.6,0,1,33.8,0,Comercio & Retail
0,10.13,38.6,38,Femenino,7,34.4,0,1,17.6,0,Servicios Personales
0,15.8,56.4,27,Masculino,14,39.1,0,1,56.3,1,Manufactura
0,9.36,27.8,40,Masculino,6,53.5,0,2,25.2,0,Servicios Personales
0,13.47,66.9,56,Femenino,15,66.4,0,1,5.5,1,Servicios Personales
1,47.83,79.7,22,Femenino,19,46.1,1,45,75.2,1,Manufactura
0,7.71,19.2,18,Femenino,4,53.0,0,1,21.2,0,Manufactura
0,12.33,47.4,30,Femenino,8,63.4,0,1,16.2,0,Servicios Personales
1,46.68,69.0,38,Femenino,12,41.4,1,12,16.7,1,Agroindustria
0,11.23,41.8,43,Femenino,6,53.3,0,1,14.1,0,Comercio & Retail
0,4.71,19.0,62,Femenino,9,70.9,0,1,40.5,0,Servicios Personales
1,42.22,48.6,38,Masculino,11,45.9,1,120,50.3,1,Manufactura
0,13.79,54.4,35,Masculino,7,58.6,0,2,22.5,0,Comercio & Retail
0,12.26,41.6,54,Masculino,10,35.6,0,1,18.9,0,Manufactura
0,17.38,69.8,62,Femenino,14,23.1,1,1,14.6,1,Manufactura
0,10.0,44.0,49,Masculino,10,49.0,0,2,13.3,0,Agroindustria
0,10.84,52.1,53,Masculino,6,66.4,0,4,18.9,0,Comercio & Retail
1,46.51,63.1,34,Femenino,14,39.2,1,120,56.8,1,Comercio & Retail
1,46.07,81.9,52,Femenino,15,36.3,0,45,39.8,1,Agroindustria
0,14.37,51.8,28,Masculino,11,39.1,0,1,1.2,0,Comercio & Retail
0,8.83,14.7,38,Femenino,6,42.2,0,4,26.8,0,Comercio & Retail
0,12.71,47.7,43,Femenino,7,53.5,0,1,45.5,1,Tecnología
0,6.94,5.0,21,Masculino,1,57.8,0,2,38.1,1,Manufactura
0,10.36,37.9,51,Masculino,8,80.0,0,1,57.8,0,Comercio & Retail
0,17.86,89.7,35,Femenino,14,40.1,0,1,28.2,0,Tecnología
0,16.17,74.3,57,Masculino,7,45.8,0,1,41.4,1,Logística
0,11.53,39.2,52,Masculino,6,46.2,0,1,29.5,0,Comercio & Retail
1,44.63,62.1,58,Femenino,14,37.3,1,120,63.0,1,Servicios Personales
0,12.01,71.3,46,Masculino,14,43.4,0,2,36.5,1,Comercio & Retail
0,9.5,33.9,46,Femenino,8,21.1,0,2,42.7,0,Logística
0,12.72,58.8,55,Femenino,12,57.8,0,2,52.5,0,Manufactura
1,41.21,59.0,59,Masculino,7,41.8,1,12,17.7,0,Manufactura
0,14.99,53.1,38,Femenino,9,59.1,0,1,23.8,0,Servicios Personales
0,5.54,12.8,59,Femenino,3,10.0,0,2,10.5,0,Comercio & Retail
0,12.87,63.1,30,Femenino,11,58.3,0,1,19.6,1,Manufactura
0,9.64,37.9,58,Masculino,10,48.8,0,1,52.9,1,Servicios Personales
0,7.63,24.2,34,Masculino,7,58.2,0,1,23.5,1,Comercio & Retail
1,40.17,62.7,26,Femenino,10,42.5,1,120,27.7,1,Servicios Personales
1,34.39,43.4,58,Masculino,9,44.3,1,45,22.5,1,Tecnología
0,12.97,58.7,18,Femenino,7,50.0,0,2,31.3,0,Comercio & Retail
0,13.37,52.5,19,Masculino,12,47.4,0,1,17.6,0,Comercio & Retail
1,37.55,63.3,46,Femenino,9,43.3,1,120,19.1,1,Comercio & Retail
0,15.0,67.4,50,Masculino,9,58.2,0,1,36.0,0,Manufactura
0,7.06,32.6,27,Masculino,4,50.0,0,1,17.8,1,Agroindustria
0,12.94,52.0,57,Masculino,10,39.8,0,1,16.2,0,Comercio & Retail
0,12.15,45.0,38,Femenino,9,55.2,0,1,12.8,0,Comercio & Retail
0,9.31,37.6,45,Masculino,7,33.5,0,1,53.1,1,Comercio & Retail
0,12.02,47.0,28,Femenino,12,66.4,0,8,40.6,0,Logística
0,10.48,29.4,51,Masculino,2,40.3,0,1,29.7,0,Comercio & Retail
0,12.49,53.1,25,Femenino,8,52.4,0,1,5.8,0,Comercio & Retail
0,14.74,56.7,39,Femenino,11,44.8,0,2,14.4,0,Manufactura
1,55.04,87.3,25,Femenino,18,40.5,1,12,34.1,1,Tecnología
0,9.66,30.5,32,Femenino,5,46.4,0,2,20.3,0,Manufactura
0,9.02,42.8,34,Masculino,10,53.3,0,4,45.0,1,Manufactura
0,9.85,50.0,40,Masculino,12,47.2,0,1,4.5,0,Manufactura
0,10.25,49.3,41,Masculino,10,45.8,0,2,28.5,0,Comercio & Retail
0,10.77,31.1,62,Masculino,5,64.8,0,1,11.8,0,Tecnología
0,12.4,58.6,36,Masculino,8,41.6,0,4,49.5,0,Tecnología
0,7.52,25.7,22,Femenino,1,67.5,0,1,16.0,1,Comercio & Retail
1,46.68,70.4,49,Femenino,10,35.3,1,120,9.8,1,Logística
0,10.91,41.9,61,Femenino,5,49.5,0,4,14.4,0,Agroindustria
0,10.49,47.2,18,Femenino,12,49.4,0,1,20.2,1,Agroindustria
0,10.29,32.2,40,Femenino,8,46.3,0,2,41.6,0,Comercio & Retail
0,12.34,32.4,54,Femenino,7,42.0,0,1,17.9,0,Tecnología
0,11.15,55.5,25,Femenino,11,61.7,0,1,36.8,1,Comercio & Retail
0,12.78,51.2,30,Femenino,11,30.2,0,2,28.6,0,Manufactura
0,13.07,73.9,25,Masculino,13,26.2,0,1,54.2,1,Manufactura
1,41.95,62.8,40,Femenino,9,43.4,1,12,1.8,1,Logística
0,9.43,42.9,60,Masculino,10,26.1,0,1,9.4,0,Manufactura
0,5.45,18.6,18,Masculino,5,80.0,0,1,63.2,0,Logística
1,54.12,95.4,62,Masculino,16,50.9,1,45,28.5,1,Manufactura
0,9.52,41.3,41,Femenino,6,67.4,0,2,33.6,0,Logística
0,16.57,61.6,52,Femenino,13,58.1,0,4,43.6,1,Comercio & Retail
1,55.68,82.8,41,Femenino,13,41.3,1,450,15.7,1,Comercio & Retail
1,53.75,75.5,34,Femenino,12,43.6,1,120,35.0,1,Tecnología
0,11.69,45.1,22,Femenino,9,17.6,0,4,33.2,0,Comercio & Retail
0,9.8,59.7,37,Masculino,9,61.1,0,1,28.1,0,Servicios Personales
0,11.7,66.5,38,Masculino,10,54.6,0,1,31.0,1,Servicios Personales
0,8.73,35.4,57,Masculino,3,68.5,0,1,36.1,0,Agroindustria
0,12.51,67.7,48,Femenino,10,36.4,0,2,6.6,0,Tecnología
1,46.83,69.5,63,Femenino,16,40.1,1,45,46.4,1,Manufactura
0,11.13,51.3,53,Masculino,9,66.5,1,2,31.8,0,Tecnología
1,46.75,71.5,28,Femenino,10,53.4,1,120,33.8,1,Servicios Personales
0,11.52,35.1,32,Masculino,6,59.8,0,1,37.0,1,Manufactura
0,12.13,52.5,36,Masculino,11,50.4,0,2,13.8,0,Servicios Personales
0,11.31,44.1,24,Femenino,7,42.6,0,2,29.9,0,Tecnología
0,12.06,51.2,45,Femenino,13,48.5,0,1,35.0,0,Servicios Personales
0,14.77,74.3,60,Femenino,14,59.5,0,2,24.8,0,Logística
1,41.95,58.3,22,Femenino,15,38.5,1,450,28.5,1,Comercio & Retail
0,12.49,47.7,22,Femenino,5,37.8,0,2,29.5,0,Comercio & Retail
0,13.75,50.8,47,Femenino,13,34.3,1,8,33.5,0,Servicios Personales
1,47.89,71.5,49,Femenino,12,40.8,1,45,23.8,1,Manufactura
0,14.57,39.7,25,Masculino,8,48.9,0,2,9.8,0,Comercio & Retail
0,12.52,64.4,27,Masculino,15,50.1,0,2,26.8,0,Manufactura
0,12.56,63.3,55,Femenino,12,30.3,0,1,35.7,0,Comercio & Retail
1,47.62,78.0,64,Masculino,15,39.7,1,45,31.6,1,Logística
0,8.96,35.9,49,Masculino,5,40.2,0,1,15.5,0,Manufactura
0,11.61,46.4,45,Masculino,7,64.0,0,1,3.1,0,Manufactura
0,16.87,61.9,34,Masculino,10,24.0,0,1,24.0,0,Manufactura
1,36.86,50.9,48,Femenino,14,38.5,1,12,60.5,1,Servicios Personales
0,12.37,64.4,25,Femenino,12,50.9,0,1,31.2,1,Manufactura
0,7.07,25.4,57,Masculino,6,35.4,0,4,4.4,1,Comercio & Retail
0,11.37,70.3,42,Masculino,17,50.6,1,4,54.8,0,Comercio & Retail
0,10.84,40.0,26,Masculino,9,36.1,0,4,24.7,0,Logística
0,8.16,23.3,19,Masculino,7,55.2,1,1,57.1,0,Manufactura
0,11.0,42.9,32,Masculino,7,55.2,1,2,46.6,1,Manufactura
0,7.63,17.3,20,Femenino,5,42.5,0,1,32.3,0,Agroindustria
0,8.23,23.1,53,Femenino,1,58.7,0,4,15.7,0,Servicios Personales
0,13.74,70.2,21,Femenino,10,42.0,0,1,33.9,0,Logística
0,11.68,46.6,31,Masculino,4,38.7,0,1,16.2,0,Tecnología
0,13.55,48.1,58,Masculino,11,61.4,0,2,40.2,0,Logística
1,46.54,59.1,58,Masculino,14,46.8,1,120,3.4,1,Logística
1,46.45,66.8,42,Masculino,11,46.5,1,12,23.1,1,Tecnología
0,11.07,55.6,27,Masculino,10,52.4,0,1,27.1,0,Agroindustria
0,10.4,30.3,38,Masculino,4,60.8,0,1,34.2,1,Servicios Personales
0,11.83,53.9,53,Masculino,13,50.4,0,2,26.3,0,Servicios Personales
1,47.87,84.2,29,Femenino,17,47.1,1,45,26.5,1,Manufactura
0,17.54,83.7,44,Masculino,15,50.7,0,1,26.7,0,Tecnología
0,7.98,27.3,57,Masculino,5,40.7,0,1,38.5,0,Manufactura
0,13.58,59.6,19,Femenino,10,47.5,0,1,14.6,1,Comercio & Retail
0,14.01,52.6,30,Femenino,9,39.1,0,1,24.1,1,Manufactura
0,10.37,40.5,49,Masculino,8,49.5,0,1,22.7,0,Logística
1,43.0,54.5,48,Femenino,10,44.3,1,45,37.1,1,Logística
1,52.57,76.5,33,Femenino,18,36.4,1,120,30.6,1,Comercio & Retail
0,13.27,63.6,49,Femenino,10,43.3,0,2,23.5,1,Comercio & Retail
0,10.87,36.7,49,Masculino,8,49.1,1,1,17.3,0,Logística
0,13.24,53.0,51,Masculino,11,42.1,0,1,18.4,0,Servicios Personales
0,12.41,44.0,28,Femenino,5,57.3,0,1,20.5,1,Comercio & Retail
0,10.41,37.8,27,Femenino,7,49.8,0,1,6.8,0,Manufactura
0,12.16,61.6,32,Masculino,14,52.8,0,1,26.0,0,Comercio & Retail
0,12.72,60.8,34,Masculino,11,41.3,0,2,17.3,1,Tecnología
1,59.08,100.0,57,Masculino,18,39.6,1,45,37.6,1,Agroindustria
0,16.61,70.6,35,Femenino,11,65.7,0,2,24.0,0,Comercio & Retail
0,10.72,41.1,26,Femenino,5,39.9,0,1,44.8,0,Comercio & Retail
0,11.32,40.9,42,Femenino,4,33.9,0,2,43.0,1,Manufactura
1,47.89,76.2,57,Masculino,14,32.1,1,450,19.8,1,Comercio & Retail
0,11.04,41.3,31,Femenino,6,80.0,0,1,5.4,0,Comercio & Retail
0,8.34,48.1,42,Femenino,6,35.4,0,1,39.1,0,Servicios Personales
0,10.25,50.5,39,Femenino,8,58.3,0,4,25.9,1,Manufactura
1,46.94,70.5,47,Femenino,14,41.3,1,120,24.9,1,Manufactura
0,12.62,52.9,37,Masculino,9,44.6,0,4,49.1,1,Logística
0,13.08,46.3,38,Femenino,7,38.6,0,2,20.2,0,Agroindustria
1,51.49,78.1,61,Masculino,15,44.1,1,450,47.5,1,Logística
1,43.17,74.6,49,Masculino,14,40.4,1,45,9.7,1,Comercio & Retail
1,46.2,69.1,63,Femenino,16,36.3,1,450,11.7,1,Agroindustria
1,47.75,72.9,38,Masculino,15,50.2,1,12,30.5,1,Agroindustria
0,13.4,58.3,52,Masculino,14,27.2,0,1,27.2,0,Agroindustria
0,9.0,45.6,49,Masculino,7,51.8,0,1,20.1,1,Servicios Personales
1,50.09,70.4,47,Femenino,13,38.2,0,120,22.0,1,Logística
1,57.02,88.2,56,Femenino,15,42.4,1,450,28.3,1,Comercio & Retail
0,14.13,86.0,29,Femenino,17,57.9,0,1,51.9,0,Manufactura
0,11.99,55.3,58,Masculino,11,41.8,0,4,22.9,0,Servicios Personales
0,12.48,42.8,64,Masculino,8,63.7,0,1,27.3,0,Logística
0,10.4,49.5,35,Masculino,7,51.2,1,2,31.8,1,Tecnología
0,14.93,64.2,38,Femenino,14,36.7,0,1,5.6,0,Manufactura
0,12.07,44.5,30,Femenino,7,42.4,0,4,14.7,0,Comercio & Retail
0,12.99,64.5,38,Masculino,10,48.5,1,2,26.3,0,Comercio & Retail
0,14.09,63.2,25,Femenino,7,43.6,0,8,24.4,1,Agroindustria
0,12.83,62.6,63,Masculino,9,44.2,1,1,20.8,0,Servicios Personales
0,13.8,57.7,57,Femenino,12,48.9,0,2,40.4,0,Comercio & Retail
1,39.17,51.5,63,Femenino,11,48.8,1,450,10.9,1,Comercio & Retail
1,52.09,73.3,24,Femenino,13,41.4,1,45,2.6,1,Comercio & Retail
0,6.6,32.9,40,Femenino,5,61.0,0,1,33.4,1,Servicios Personales
0,10.29,40.2,61,Femenino,10,48.5,0,1,4.1,1,Comercio & Retail
1,48.27,72.9,49,Femenino,8,44.3,1,12,53.2,1,Servicios Personales
0,11.84,40.7,28,Femenino,6,53.6,0,4,20.4,0,Comercio & Retail
0,14.15,55.5,39,Femenino,7,53.3,0,2,28.9,0,Servicios Personales
0,11.85,39.7,39,Femenino,7,44.7,0,1,67.0,1,Comercio & Retail
0,13.67,58.7,60,Masculino,11,51.6,0,1,2.2,1,Comercio & Retail
1,44.22,64.5,42,Femenino,12,37.0,1,12,12.8,1,Comercio & Retail
0,15.71,64.3,39,Masculino,13,49.6,0,1,3.4,0,Tecnología
1,41.14,51.4,45,Masculino,11,40.2,1,12,68.4,1,Manufactura
1,49.11,81.0,46,Masculino,11,39.5,1,12,46.7,0,Manufactura
0,10.42,58.5,30,Masculino,10,52.5,0,2,10.0,1,Tecnología
0,11.72,51.2,35,Femenino,13,61.6,0,1,9.3,0,Servicios Personales
0,10.44,24.0,19,Masculino,2,52.8,0,1,24.1,1,Comercio & Retail
0,9.34,40.6,46,Masculino,10,43.9,0,2,43.2,0,Comercio & Retail
0,13.04,50.5,38,Masculino,11,40.3,0,1,22.8,0,Logística
0,15.02,84.1,32,Femenino,17,50.6,0,1,10.6,1,Manufactura
0,10.45,44.4,44,Femenino,6,38.5,0,1,14.1,1,Comercio & Retail
0,5.39,13.8,48,Femenino,6,43.3,0,1,24.2,0,Servicios Personales
0,11.55,36.2,32,Masculino,1,51.3,0,4,24.2,1,Comercio & Retail
0,8.56,28.4,40,Masculino,5,40.6,0,1,19.2,1,Comercio & Retail
0,12.26,48.8,41,Femenino,9,37.7,0,2,7.5,0,Comercio & Retail
1,46.36,58.3,61,Masculino,7,35.1,1,45,36.1,1,Manufactura
0,12.88,60.1,30,Masculino,7,63.3,0,1,6.9,0,Servicios Personales
0,11.93,48.8,39,Femenino,10,57.6,0,1,38.0,1,Manufactura
1,50.36,73.6,60,Masculino,12,33.7,1,450,57.7,1,Comercio & Retail
0,14.22,56.6,54,Masculino,10,46.3,0,1,18.4,1,Comercio & Retail
1,52.61,81.5,50,Femenino,10,37.8,1,12,52.9,1,Manufactura
0,11.38,56.3,20,Masculino,12,52.7,0,2,2.4,0,Agroindustria
0,14.36,43.5,36,Femenino,3,54.3,0,2,42.8,0,Servicios Personales
1,42.53,49.1,40,Masculino,10,41.4,1,45,15.7,1,Servicios Personales
0,12.09,44.3,46,Masculino,10,41.6,0,1,62.7,0,Comercio & Retail
0,10.93,52.0,47,Masculino,10,52.4,1,2,4.8,1,Servicios Personales
0,8.05,30.6,56,Femenino,8,50.5,0,1,40.1,1,Servicios Personales
0,9.92,41.7,61,Femenino,9,35.8,0,1,12.5,0,Manufactura
0,12.59,59.8,64,Femenino,12,53.3,1,1,19.7,0,Tecnología
1,50.37,76.5,42,Masculino,16,39.0,1,45,39.1,1,Servicios Personales
0,14.09,40.2,54,Femenino,4,46.5,0,1,6.9,1,Comercio & Retail
0,15.27,71.2,64,Masculino,12,50.5,0,1,22.6,1,Comercio & Retail
1,48.4,74.6,25,Femenino,15,39.3,1,12,2.5,0,Logística
0,7.68,17.6,59,Femenino,5,48.3,0,2,27.3,0,Comercio & Retail
0,8.32,29.7,33,Femenino,9,52.7,0,2,28.5,1,Comercio & Retail
0,9.6,53.7,25,Masculino,11,52.0,0,1,14.0,0,Manufactura
0,15.37,78.6,18,Masculino,18,33.8,0,2,20.0,1,Comercio & Retail
1,48.93,81.1,61,Femenino,18,38.5,1,450,50.5,1,Manufactura
0,13.22,51.2,22,Femenino,5,50.0,0,1,56.4,0,Manufactura
0,10.96,44.9,20,Masculino,9,69.4,0,1,53.5,0,Comercio & Retail
0,12.32,50.3,18,Femenino,11,52.6,0,8,33.8,0,Manufactura
0,12.83,63.0,21,Masculino,12,55.0,0,1,10.4,0,Manufactura
0,13.57,53.8,57,Masculino,11,60.6,0,1,30.2,0,Comercio & Retail
0,13.66,45.0,52,Masculino,6,42.2,0,1,20.9,0,Tecnología
0,9.45,41.5,49,Masculino,6,76.7,0,2,20.5,0,Agroindustria
0,12.03,49.5,59,Masculino,4,63.4,0,1,47.8,1,Comercio & Retail
0,10.25,20.1,51,Masculino,2,52.8,0,4,23.2,0,Manufactura
0,15.03,50.3,60,Masculino,4,43.4,0,2,26.7,0,Servicios Personales
1,47.26,78.0,42,Masculino,14,46.2,1,12,48.7,1,Manufactura
0,14.87,72.3,27,Femenino,13,53.8,0,2,39.8,1,Logística
0,11.86,43.1,38,Femenino,12,67.3,0,1,17.6,1,Servicios Personales
0,8.33,29.6,63,Femenino,9,64.2,0,1,39.9,1,Comercio & Retail
0,9.02,38.9,56,Masculino,10,71.2,0,1,45.6,0,Agroindustria
0,12.19,53.1,44,Masculino,9,18.0,0,2,13.7,0,Servicios Personales
0,10.7,38.5,44,Femenino,4,55.4,1,1,24.2,0,Comercio & Retail
0,13.85,68.3,19,Femenino,12,51.5,0,1,60.3,1,Logística
1,45.37,67.4,58,Femenino,13,45.3,1,120,59.3,1,Manufactura
0,11.63,48.0,30,Masculino,6,57.0,0,2,6.1,0,Tecnología
0,14.06,50.9,26,Masculino,6,52.3,0,2,33.7,1,Tecnología
0,13.69,55.9,53,Masculino,11,59.9,0,1,15.7,0,Comercio & Retail
0,11.29,64.6,39,Femenino,11,54.0,0,2,31.3,0,Agroindustria
0,13.8,70.8,59,Masculino,13,51.9,0,2,41.4,0,Servicios Personales
1,49.07,83.1,43,Femenino,15,37.9,1,45,61.9,0,Tecnología
0,13.42,42.3,29,Masculino,6,50.5,0,8,53.5,0,Agroindustria
0,12.2,57.6,34,Femenino,10,31.8,0,8,26.2,0,Agroindustria
0,11.13,33.0,31,Masculino,6,50.5,0,1,8.0,0,Comercio & Retail
0,8.66,41.1,31,Femenino,6,53.8,0,1,22.3,1,Comercio & Retail
0,10.59,43.6,51,Femenino,8,55.6,0,1,18.0,1,Comercio & Retail
1,46.86,64.3,37,Masculino,15,42.8,1,12,23.7,1,Comercio & Retail
0,16.05,74.0,28,Femenino,14,51.9,0,2,22.2,0,Comercio & Retail
0,13.7,44.8,33,Femenino,10,52.2,0,2,24.0,0,Logística
0,9.64,22.6,48,Masculino,2,53.0,0,1,14.8,0,Comercio & Retail
0,13.95,55.3,23,Masculino,11,42.0,0,4,26.4,0,Servicios Personales
0,11.92,53.4,36,Femenino,11,18.7,0,1,28.8,0,Comercio & Retail
1,44.49,53.1,54,Masculino,6,38.5,1,12,15.4,1,Logística
1,54.76,83.4,21,Masculino,13,43.5,1,45,13.5,1,Manufactura
0,11.9,36.0,64,Femenino,6,41.3,0,1,50.4,0,Tecnología
1,48.74,77.0,21,Femenino,13,45.5,1,45,14.9,0,Agroindustria
0,11.26,43.2,37,Femenino,11,37.6,0,1,51.9,1,Comercio & Retail
0,8.78,19.2,27,Masculino,4,66.5,0,2,18.0,0,Comercio & Retail
0,13.44,50.4,41,Femenino,9,29.8,0,1,30.3,1,Logística
0,12.44,48.3,52,Femenino,11,45.2,0,1,7.6,1,Servicios Personales
0,11.97,62.8,43,Masculino,11,44.6,0,4,21.0,0,Manufactura
1,46.7,73.9,54,Masculino,14,43.1,1,12,17.4,1,Comercio & Retail
0,17.29,70.5,55,Femenino,14,31.4,0,2,14.9,0,Manufactura
1,50.45,74.7,38,Masculino,9,50.2,1,45,30.4,1,Logística
0,16.95,66.7,57,Femenino,12,75.1,1,1,34.8,0,Servicios Personales
1,53.98,84.8,56,Femenino,16,39.3,1,12,29.5,1,Servicios Personales
0,10.1,43.9,38,Masculino,6,13.6,0,2,15.9,0,Comercio & Retail
0,9.82,38.0,27,Masculino,8,29.9,0,1,28.4,1,Manufactura
0,11.95,50.5,55,Femenino,4,40.6,0,2,35.9,0,Logística
0,9.92,33.0,63,Masculino,8,44.0,0,1,9.1,0,Logística
1,45.2,61.9,21,Masculino,11,37.9,1,120,36.3,1,Servicios Personales
0,7.0,30.4,62,Femenino,2,57.1,0,2,7.8,1,Comercio & Retail
0,15.57,72.8,37,Masculino,12,37.8,0,1,22.0,1,Logística
0,13.55,43.9,34,Femenino,8,33.7,0,1,11.1,1,Servicios Personales
1,49.3,62.4,24,Masculino,10,43.3,1,45,13.5,1,Agroindustria
0,9.74,28.5,21,Masculino,6,56.8,0,1,12.8,1,Logística
0,12.94,71.7,46,Femenino,10,35.1,0,1,50.2,0,Comercio & Retail
0,13.52,77.4,31,Femenino,16,53.7,0,2,18.5,1,Manufactura
0,12.42,42.0,20,Femenino,8,51.1,0,1,31.7,0,Manufactura
0,10.98,16.6,41,Femenino,2,58.5,0,1,25.1,0,Comercio & Retail
1,51.35,78.0,54,Femenino,15,42.8,1,12,34.8,1,Comercio & Retail
0,12.89,47.2,33,Femenino,12,59.8,0,1,24.3,1,Agroindustria
0,9.99,63.8,21,Masculino,10,38.6,0,2,14.1,0,Comercio & Retail
0,11.31,57.0,41,Femenino,12,45.8,0,2,13.2,1,Logística
1,49.93,68.0,51,Masculino,10,45.2,1,45,44.8,1,Servicios Personales
1,48.69,66.6,47,Masculino,16,38.6,1,45,35.0,1,Comercio & Retail
1,48.83,68.3,35,Femenino,13,47.7,1,120,13.0,1,Manufactura
0,13.83,52.5,36,Masculino,8,53.6,0,2,42.0,1,Manufactura
1,46.67,85.6,48,Femenino,16,44.6,1,120,25.9,1,Manufactura
0,13.33,77.8,36,Femenino,17,56.0,0,1,28.8,0,Manufactura
0,11.08,54.7,63,Masculino,13,50.4,0,4,16.8,1,Manufactura
1,43.12,58.4,36,Femenino,12,40.3,1,12,31.2,1,Comercio & Retail
0,10.58,54.7,39,Masculino,7,62.2,0,1,25.6,0,Tecnología
1,55.39,87.9,41,Masculino,13,40.0,1,120,29.6,1,Comercio & Retail
0,10.9,42.8,62,Masculino,11,37.2,0,1,47.6,1,Agroindustria
0,13.45,47.6,29,Masculino,10,49.8,1,2,14.7,0,Logística
0,14.38,49.7,47,Masculino,13,37.6,0,2,41.3,0,Comercio & Retail
0,12.62,49.5,55,Femenino,10,27.6,0,1,9.2,0,Manufactura
0,13.23,56.6,48,Femenino,12,72.5,0,1,32.6,0,Tecnología
0,13.05,59.0,53,Masculino,14,41.2,0,1,11.3,0,Tecnología
0,11.71,51.6,36,Femenino,5,62.7,1,2,30.1,0,Servicios Personales
0,12.68,50.5,62,Femenino,6,31.9,0,2,25.5,0,Manufactura
0,11.01,45.4,53,Femenino,7,66.4,0,1,13.8,0,Manufactura
0,18.89,81.9,47,Masculino,17,51.6,0,1,50.1,0,Servicios Personales
0,12.55,71.9,50,Femenino,12,47.7,0,2,13.6,0,Comercio & Retail
0,10.89,57.0,35,Masculino,13,49.9,0,2,42.2,1,Comercio & Retail
0,14.57,73.4,45,Femenino,14,40.9,0,2,29.0,0,Comercio & Retail
0,8.1,32.9,64,Femenino,6,44.4,0,1,34.2,0,Comercio & Retail
0,13.53,46.4,28,Femenino,2,40.2,0,2,36.6,0,Agroindustria
1,36.46,41.4,62,Femenino,10,44.3,1,450,22.7,1,Servicios Personales
1,45.42,64.3,50,Masculino,13,40.5,1,12,22.8,1,Agroindustria
0,9.45,38.1,34,Femenino,9,47.2,0,1,7.0,0,Comercio & Retail
0,8.65,42.5,23,Femenino,5,49.5,0,1,26.7,1,Comercio & Retail
0,12.61,50.5,21,Masculino,7,51.5,0,2,74.5,1,Tecnología
0,10.55,32.0,37,Femenino,6,46.5,0,2,31.1,0,Tecnología
0,12.14,34.6,64,Femenino,8,36.7,0,2,17.8,0,Logística
0,10.29,35.1,44,Femenino,6,48.1,0,1,37.5,1,Agroindustria
1,43.31,52.0,32,Masculino,11,40.8,1,12,14.9,1,Comercio & Retail
0,13.29,47.6,23,Masculino,8,33.0,0,2,24.4,0,Logística
1,56.2,79.2,64,Femenino,12,48.1,1,450,22.9,0,Manufactura
0,11.27,45.6,31,Femenino,6,46.6,0,1,33.3,0,Servicios Personales
1,45.63,66.6,28,Femenino,11,43.6,1,12,19.5,1,Logística
0,13.02,55.0,56,Femenino,10,61.8,0,1,76.5,0,Manufactura
1,48.14,89.4,26,Masculino,12,41.2,1,45,6.2,1,Logística
1,45.47,64.2,43,Masculino,12,42.5,1,450,14.7,1,Manufactura
0,15.15,70.3,33,Femenino,12,39.2,0,1,8.4,0,Manufactura
1,48.4,78.0,22,Masculino,13,45.3,1,45,17.2,1,Comercio & Retail
0,12.43,62.5,27,Femenino,12,75.5,0,2,53.2,0,Agroindustria
0,13.51,61.1,20,Femenino,11,39.6,0,1,18.4,0,Comercio & Retail
0,8.54,37.3,30,Femenino,7,45.6,0,4,29.3,0,Comercio & Retail
0,14.93,67.2,60,Femenino,13,47.9,1,1,8.0,0,Tecnología
0,12.39,57.6,47,Masculino,7,39.7,0,2,6.3,0,Comercio & Retail
0,12.61,62.6,62,Femenino,9,54.7,0,1,9.2,1,Comercio & Retail
0,15.07,49.9,23,Femenino,7,60.4,0,8,33.6,0,Tecnología
0,11.55,52.1,34,Masculino,7,53.2,0,2,65.5,0,Manufactura
1,41.3,50.6,62,Masculino,9,43.7,1,120,14.0,1,Comercio & Retail
0,15.24,60.5,36,Masculino,9,39.9,0,2,52.5,0,Tecnología
0,13.04,41.5,59,Masculino,7,45.1,0,2,38.2,0,Comercio & Retail
0,9.37,38.7,52,Femenino,10,59.4,0,2,35.4,0,Servicios Personales
1,54.09,77.3,63,Masculino,11,41.4,1,45,19.3,1,Tecnología
0,12.93,45.0,43,Masculino,8,47.5,0,2,35.1,1,Servicios Personales
1,60.14,100.0,22,Masculino,19,37.1,0,12,50.4,1,Comercio & Retail
0,11.86,55.4,46,Masculino,11,61.6,0,2,57.9,1,Manufactura
0,11.19,28.1,54,Femenino,10,41.2,0,1,4.6,0,Comercio & Retail
0,10.8,42.3,37,Masculino,7,29.4,0,1,32.6,0,Servicios Personales
0,12.48,40.6,38,Femenino,11,68.3,0,1,31.6,1,Servicios Personales
1,45.77,66.6,27,Femenino,11,43.9,1,12,47.0,1,Comercio & Retail
0,11.88,52.7,22,Femenino,10,46.3,0,1,21.6,0,Agroindustria
1,58.9,87.2,53,Masculino,15,41.2,1,12,24.4,1,Logística
0,9.59,33.3,23,Femenino,4,45.8,0,2,39.9,0,Logística
0,12.02,40.7,43,Masculino,9,47.1,1,8,29.5,0,Servicios Personales
1,50.95,73.7,21,Femenino,13,42.5,1,45,34.9,1,Servicios Personales
0,7.15,27.4,56,Masculino,7,31.7,0,1,27.3,0,Comercio & Retail
0,9.72,27.9,56,Femenino,4,56.4,0,1,23.3,1,Agroindustria
0,8.36,28.4,52,Masculino,8,35.2,0,2,9.3,0,Agroindustria
1,52.54,74.5,18,Masculino,14,43.4,1,45,26.8,1,Tecnología
0,13.54,45.5,41,Femenino,7,28.7,0,1,13.0,1,Agroindustria
0,12.51,52.3,53,Femenino,9,33.6,0,1,23.2,0,Manufactura
0,13.44,53.6,23,Masculino,12,42.4,0,1,30.0,0,Logística
0,12.03,60.5,58,Masculino,8,51.5,0,1,20.9,1,Comercio & Retail
0,12.45,56.1,63,Masculino,8,54.3,0,2,21.4,0,Logística
0,13.06,49.3,61,Femenino,8,44.5,0,1,45.0,1,Comercio & Retail
0,10.38,41.2,48,Masculino,8,43.3,0,1,47.3,1,Servicios Personales
0,6.88,35.5,37,Femenino,6,61.6,0,1,48.4,0,Servicios Personales
0,11.58,50.8,41,Masculino,9,33.2,0,1,20.9,0,Comercio & Retail
1,42.96,60.0,42,Masculino,14,48.8,1,45,24.0,1,Comercio & Retail
1,52.51,87.5,53,Femenino,16,34.2,1,45,40.0,1,Comercio & Retail
1,56.33,87.6,38,Masculino,15,36.8,1,45,1.5,1,Servicios Personales
0,14.39,76.1,47,Masculino,11,47.6,0,1,30.1,0,Agroindustria
1,52.31,75.6,41,Masculino,16,46.5,1,120,29.1,0,Servicios Personales
1,60.32,100.0,61,Femenino,19,42.5,1,45,13.8,1,Comercio & Retail
0,16.48,73.4,59,Femenino,11,68.0,0,1,75.5,1,Comercio & Retail
0,7.75,32.7,47,Masculino,6,67.3,0,1,70.4,1,Manufactura
1,44.86,65.0,39,Femenino,15,38.7,1,12,19.7,1,Comercio & Retail
0,9.42,45.9,45,Femenino,5,71.4,0,1,33.4,0,Manufactura
0,11.92,37.5,24,Masculino,7,49.2,0,1,27.0,1,Servicios Personales
0,8.43,15.7,52,Femenino,2,44.5,0,2,22.2,0,Manufactura
0,16.64,75.2,45,Masculino,13,42.2,0,8,11.5,1,Manufactura
0,7.45,5.1,31,Femenino,1,43.3,0,1,59.7,0,Tecnología
0,11.49,66.5,27,Femenino,14,35.1,0,1,16.9,1,Tecnología
0,14.13,64.4,33,Masculino,17,41.6,0,1,34.1,0,Manufactura
0,16.78,74.6,33,Masculino,17,42.1,0,1,60.7,1,Tecnología
0,11.51,28.4,48,Masculino,5,54.1,0,2,17.0,0,Servicios Personales
0,6.35,19.5,59,Masculino,3,53.3,0,2,26.5,0,Manufactura
0,10.23,42.7,42,Masculino,8,55.6,0,1,26.8,1,Agroindustria
0,13.38,46.5,30,Femenino,13,52.3,0,2,55.4,1,Comercio & Retail
0,13.94,64.9,23,Femenino,15,49.0,0,1,16.1,0,Comercio & Retail
1,57.99,80.4,61,Femenino,13,48.1,1,45,53.1,1,Comercio & Retail
0,14.16,66.0,26,Masculino,12,62.6,0,1,36.1,1,Servicios Personales
0,14.5,85.9,62,Femenino,19,56.0,0,1,8.4,1,Comercio & Retail
0,11.56,40.4,53,Femenino,8,38.2,1,1,39.3,1,Agroindustria
0,14.26,50.7,60,Femenino,7,62.9,0,1,11.3,0,Servicios Personales
0,9.7,35.9,37,Femenino,5,54.7,0,1,14.0,0,Comercio & Retail
0,12.32,51.8,35,Femenino,12,47.7,0,2,35.2,1,Comercio & Retail
0,8.21,45.7,60,Masculino,9,46.8,0,1,46.9,0,Servicios Personales
0,11.66,54.6,38,Femenino,13,37.2,0,1,23.4,0,Agroindustria
0,10.96,40.1,21,Masculino,8,55.8,0,1,35.3,0,Comercio & Retail
1,46.31,69.9,50,Masculino,12,46.6,1,450,40.3,1,Servicios Personales
0,12.06,56.8,44,Femenino,9,61.6,0,1,43.1,0,Comercio & Retail
1,45.63,61.3,24,Masculino,9,43.3,1,120,29.8,1,Manufactura
0,10.43,56.4,23,Femenino,10,27.2,0,2,37.5,1,Comercio & Retail
0,10.94,15.9,32,Masculino,4,59.8,0,4,17.2,1,Manufactura
0,11.85,38.5,35,Masculino,9,58.9,0,4,58.0,0,Tecnología
1,46.0,67.7,49,Masculino,12,41.4,1,120,37.1,1,Logística
0,10.01,40.0,28,Masculino,6,35.5,0,2,21.4,0,Servicios Personales
1,44.86,71.4,37,Femenino,17,46.2,1,45,12.7,1,Logística
0,12.18,51.6,41,Femenino,10,51.3,0,2,12.3,0,Logística
1,46.42,66.0,32,Masculino,8,40.4,1,120,11.7,1,Servicios Personales
0,13.02,56.3,24,Femenino,8,46.4,0,1,42.8,1,Tecnología
1,57.15,90.0,38,Femenino,15,36.7,1,45,43.3,1,Comercio & Retail
0,10.8,31.2,59,Femenino,7,24.9,0,1,33.9,1,Manufactura
0,12.74,75.7,43,Masculino,11,64.7,0,1,58.2,0,Manufactura
0,13.73,61.8,61,Femenino,13,54.5,0,1,8.9,0,Servicios Personales
0,15.21,78.7,31,Masculino,12,52.8,0,1,27.8,0,Manufactura
0,12.69,50.6,54,Femenino,8,44.6,0,2,27.8,0,Comercio & Retail
0,13.6,73.3,38,Femenino,13,77.2,0,1,4.7,0,Manufactura
1,47.08,65.9,35,Masculino,11,43.1,1,12,60.0,1,Comercio & Retail
0,7.19,28.0,22,Femenino,3,68.4,0,1,29.8,1,Agroindustria
1,54.36,80.8,20,Masculino,15,45.2,1,12,14.3,1,Agroindustria
0,12.61,36.8,40,Femenino,8,76.6,0,1,34.0,0,Agroindustria
0,14.96,49.7,43,Femenino,9,43.4,0,1,34.3,0,Manufactura
0,14.41,66.8,54,Femenino,11,33.7,0,2,3.9,0,Manufactura
0,13.33,48.1,41,Masculino,8,37.4,0,1,45.5,0,Manufactura
1,48.17,63.5,36,Masculino,13,37.3,1,12,32.6,1,Comercio & Retail
0,10.45,41.3,42,Masculino,6,45.4,0,2,9.8,1,Tecnología
0,9.91,33.4,38,Femenino,8,50.0,1,4,43.3,1,Tecnología
1,44.52,85.5,29,Masculino,15,45.5,1,120,30.9,1,Servicios Personales
0,11.24,34.2,58,Masculino,10,61.8,0,2,25.3,0,Servicios Personales
0,11.28,38.8,50,Masculino,6,48.2,0,1,57.5,1,Comercio & Retail
1,48.51,62.6,21,Masculino,10,49.9,1,45,39.4,1,Logística
0,16.26,63.8,59,Masculino,12,48.7,0,1,38.3,1,Agroindustria
0,7.54,26.3,24,Femenino,4,42.1,1,1,30.9,0,Servicios Personales
1,53.94,90.0,39,Masculino,16,41.9,1,12,29.5,1,Logística
0,14.89,76.1,50,Femenino,17,27.2,0,2,34.5,0,Comercio & Retail
0,14.85,71.8,34,Masculino,10,73.2,0,1,22.5,1,Logística
0,13.46,48.9,41,Femenino,9,49.0,0,1,31.2,0,Tecnología
0,12.62,52.5,51,Femenino,10,44.8,0,4,21.5,0,Comercio & Retail
0,13.61,74.3,45,Femenino,13,34.8,0,4,33.1,1,Tecnología
1,45.19,59.9,60,Femenino,12,46.0,1,120,21.3,1,Comercio & Retail
1,45.55,60.0,58,Femenino,11,39.5,1,12,26.5,1,Comercio & Retail
1,45.09,80.7,56,Masculino,15,44.4,1,120,34.9,1,Comercio & Retail
0,11.69,58.7,39,Masculino,14,37.0,0,1,50.2,0,Manufactura
0,12.06,45.1,34,Masculino,6,66.7,1,1,40.0,1,Manufactura
0,13.9,50.1,51,Masculino,13,64.3,0,1,22.3,0,Logística
1,51.8,70.9,23,Femenino,14,48.7,0,45,42.9,1,Comercio & Retail
0,14.67,55.4,63,Masculino,11,56.2,0,1,32.4,0,Servicios Personales
0,14.31,49.9,23,Femenino,12,68.8,0,1,18.6,0,Comercio & Retail
0,12.14,67.9,51,Masculino,9,71.8,1,1,52.8,0,Logística
0,12.47,36.7,18,Femenino,5,61.9,0,1,4.6,0,Manufactura
1,43.61,76.5,27,Femenino,17,45.9,1,12,41.7,1,Logística
0,10.9,36.4,38,Femenino,5,44.4,0,1,27.0,1,Comercio & Retail
1,60.88,100.0,22,Femenino,16,45.1,1,450,26.9,1,Comercio & Retail
0,10.66,45.0,19,Femenino,10,34.2,0,1,18.1,0,Comercio & Retail
1,52.93,81.6,39,Femenino,15,38.2,1,12,15.1,1,Comercio & Retail
0,13.01,45.9,19,Masculino,10,75.8,0,1,25.4,0,Logística
1,46.91,75.8,27,Masculino,14,45.7,1,12,48.2,1,Logística
0,11.61,56.4,51,Femenino,12,37.9,0,4,12.5,1,Comercio & Retail
0,9.26,41.4,33,Femenino,7,46.1,0,1,12.7,0,Comercio & Retail
0,13.2,60.6,56,Masculino,11,59.6,0,2,14.3,1,Tecnología
0,13.77,64.2,39,Femenino,9,50.3,1,1,34.2,1,Comercio & Retail
0,12.97,48.3,29,Masculino,12,58.8,0,1,6.7,1,Comercio & Retail
0,13.66,76.0,41,Femenino,11,48.4,0,2,18.1,1,Comercio & Retail
0,9.62,39.8,64,Masculino,11,69.5,0,1,64.3,0,Manufactura
0,13.05,42.3,57,Masculino,6,58.0,0,1,22.8,0,Comercio & Retail
0,11.77,35.6,55,Masculino,5,38.7,0,4,43.1,0,Servicios Personales
0,13.94,53.7,27,Masculino,10,27.2,1,1,7.6,1,Comercio & Retail
1,43.62,59.4,52,Femenino,11,42.0,1,450,38.0,0,Tecnología
0,9.85,44.2,49,Femenino,6,53.6,0,1,47.3,0,Comercio & Retail
0,14.45,67.6,24,Masculino,12,59.0,0,1,14.4,0,Comercio & Retail
0,13.5,61.2,38,Masculino,12,63.4,0,1,16.5,0,Logística
0,12.96,66.0,37,Femenino,11,45.9,0,1,37.5,0,Comercio & Retail
0,13.37,52.7,43,Masculino,10,59.2,0,2,54.0,0,Comercio & Retail
0,10.47,35.9,21,Femenino,5,48.2,0,8,14.0,1,Manufactura
0,12.24,46.6,63,Femenino,5,49.1,0,4,48.5,0,Tecnología
0,14.02,70.9,39,Masculino,11,72.7,1,2,41.8,0,Manufactura
0,11.27,53.5,32,Femenino,7,48.8,0,4,49.6,0,Comercio & Retail
0,10.91,32.7,57,Masculino,7,33.3,0,4,22.7,0,Manufactura
0,14.18,63.3,38,Femenino,11,34.7,0,1,7.2,0,Manufactura
0,15.31,91.6,32,Femenino,18,60.8,1,2,19.1,0,Comercio & Retail
0,13.9,64.7,39,Masculino,8,50.0,0,1,13.3,1,Comercio & Retail
1,51.85,94.9,45,Masculino,18,45.8,0,45,28.5,1,Agroindustria
0,10.67,48.7,31,Femenino,10,51.6,1,1,38.3,0,Comercio & Retail
1,45.21,59.2,44,Femenino,12,38.7,1,120,40.2,1,Logística
0,10.73,45.6,58,Femenino,14,58.5,0,2,28.8,1,Servicios Personales
0,14.11,70.2,57,Femenino,14,41.9,0,2,6.1,1,Manufactura
1,37.97,55.3,45,Masculino,11,42.1,1,45,68.7,1,Manufactura
0,12.21,45.8,43,Masculino,9,56.1,0,2,36.6,0,Logística
1,38.3,59.2,19,Femenino,13,38.3,1,45,38.4,1,Agroindustria
0,14.55,78.4,42,Femenino,12,41.3,0,1,17.4,1,Servicios Personales
0,7.49,20.1,20,Masculino,8,61.8,1,2,6.1,0,Comercio & Retail
0,14.27,62.3,25,Masculino,15,63.8,0,2,15.0,0,Servicios Personales
1,52.19,86.9,61,Masculino,12,47.0,1,120,56.1,1,Tecnología
1,40.83,52.8,50,Masculino,7,40.9,0,120,24.5,1,Servicios Personales
0,12.31,46.1,59,Femenino,7,37.0,0,1,6.4,1,Comercio & Retail
0,16.42,83.0,52,Femenino,17,46.8,0,1,24.9,0,Comercio & Retail
0,10.23,41.1,23,Masculino,8,48.9,0,2,35.6,1,Comercio & Retail
0,12.72,54.2,56,Masculino,13,54.1,0,4,41.6,0,Logística
1,46.62,62.7,40,Femenino,11,43.0,1,45,18.0,1,Comercio & Retail
1,48.5,75.0,42,Femenino,13,43.1,1,12,25.7,1,Comercio & Retail
0,16.71,76.1,60,Femenino,17,53.4,0,1,12.3,0,Logística
0,10.59,52.8,36,Masculino,14,33.6,0,1,25.5,1,Agroindustria
1,48.54,73.6,22,Femenino,13,42.9,1,45,35.1,1,Servicios Personales
0,15.8,58.8,28,Femenino,9,47.0,0,2,60.2,1,Comercio & Retail
0,11.7,51.3,29,Masculino,7,39.2,0,4,45.5,1,Comercio & Retail
1,58.26,89.4,27,Femenino,19,43.1,1,120,31.6,0,Tecnología
0,8.92,33.4,25,Femenino,10,51.1,0,2,27.3,0,Servicios Personales
0,10.37,42.7,41,Femenino,10,38.6,0,1,35.0,0,Manufactura
0,14.11,71.9,45,Femenino,11,35.0,1,2,5.7,0,Agroindustria
0,12.19,45.5,58,Femenino,11,67.6,0,1,13.2,1,Manufactura
0,16.66,86.0,53,Masculino,16,40.5,0,4,14.4,0,Comercio & Retail
0,10.04,52.8,54,Masculino,12,40.5,0,1,41.8,0,Comercio & Retail
0,7.68,23.8,38,Femenino,5,62.2,0,2,6.6,1,Comercio & Retail
1,41.79,61.3,25,Femenino,7,37.5,1,45,13.0,1,Servicios Personales
0,14.74,73.6,26,Masculino,10,43.0,0,1,14.6,1,Servicios Personales
1,46.28,72.6,64,Femenino,14,42.5,1,12,8.0,0,Manufactura
0,9.0,26.2,32,Femenino,4,56.1,0,2,8.5,1,Manufactura
1,54.89,73.3,63,Masculino,12,35.3,0,120,25.8,1,Agroindustria
0,12.65,51.2,57,Femenino,13,49.0,0,2,39.2,0,Manufactura
0,14.88,79.1,35,Femenino,13,46.9,0,2,10.6,0,Servicios Personales
1,47.19,75.2,59,Femenino,10,38.5,1,45,17.3,1,Tecnología
1,47.25,76.8,37,Masculino,14,48.3,1,45,1.7,1,Manufactura
0,8.95,31.4,23,Femenino,7,53.4,0,2,23.6,0,Agroindustria
1,53.28,86.2,29,Femenino,14,39.2,1,450,5.3,1,Tecnología
0,13.91,58.1,19,Femenino,10,32.3,0,1,6.8,1,Manufactura
0,10.65,53.6,24,Masculino,10,51.0,0,1,13.7,0,Servicios Personales
0,10.08,45.3,33,Femenino,10,63.6,0,1,39.3,0,Servicios Personales
0,11.74,51.6,20,Femenino,12,50.5,0,4,35.8,0,Agroindustria
0,12.95,50.5,62,Masculino,6,48.6,0,1,34.6,0,Servicios Personales
0,13.98,66.2,20,Masculino,13,45.6,0,1,28.6,1,Tecnología
1,46.32,66.1,44,Femenino,13,39.8,1,120,35.5,1,Manufactura
1,39.79,52.3,60,Femenino,9,43.2,1,12,28.3,1,Manufactura
0,8.79,35.5,57,Femenino,10,63.7,0,1,25.6,0,Servicios Personales
0,12.15,42.8,55,Masculino,7,55.7,0,1,27.4,0,Tecnología
0,11.89,38.9,50,Femenino,6,58.1,0,2,30.4,1,Comercio & Retail
1,53.64,74.0,45,Femenino,11,38.6,1,12,25.8,1,Manufactura
0,18.47,67.3,18,Femenino,11,42.3,0,2,25.3,0,Agroindustria
0,11.48,38.9,25,Femenino,9,51.7,0,1,18.8,0,Comercio & Retail
0,11.13,31.1,54,Femenino,5,65.4,0,1,13.4,1,Comercio & Retail
1,46.52,73.5,49,Femenino,12,38.0,1,120,6.5,1,Logística
0,11.48,38.0,60,Masculino,9,37.6,0,1,37.2,0,Comercio & Retail
0,15.97,60.0,54,Masculino,7,39.7,0,1,36.9,1,Comercio & Retail
0,12.78,74.6,21,Femenino,15,66.8,0,1,29.0,0,Manufactura
0,13.06,44.4,47,Femenino,6,45.0,0,1,37.0,0,Agroindustria
0,13.84,58.6,23,Masculino,12,57.1,0,2,35.6,1,Manufactura
0,10.41,26.4,63,Femenino,4,45.9,0,2,35.5,1,Comercio & Retail
0,9.81,25.8,36,Masculino,5,46.9,0,1,13.1,0,Manufactura
1,46.2,78.4,49,Masculino,12,39.8,1,450,0.3,1,Manufactura
0,10.05,56.9,26,Femenino,9,42.5,0,2,22.4,0,Tecnología
0,9.62,29.3,29,Femenino,6,39.7,0,4,37.3,0,Comercio & Retail
1,50.38,78.1,28,Femenino,14,47.4,1,45,43.3,1,Comercio & Retail
1,45.06,68.4,63,Masculino,11,43.2,1,120,29.4,1,Agroindustria
0,8.55,33.8,33,Masculino,2,61.9,0,1,24.9,1,Comercio & Retail
0,16.43,73.8,18,Masculino,14,64.2,0,8,35.0,0,Servicios Personales
0,11.34,40.7,62,Masculino,6,48.7,0,2,25.5,1,Manufactura
0,9.69,21.7,38,Femenino,4,33.9,0,2,19.9,1,Manufactura
0,11.39,56.3,47,Masculino,7,45.6,1,4,36.0,0,Servicios Personales
0,16.25,61.7,30,Masculino,10,44.2,0,1,19.2,1,Manufactura
0,13.76,64.9,51,Masculino,10,36.1,0,1,29.9,0,Comercio & Retail
0,10.6,12.2,21,Femenino,4,52.7,0,2,18.4,0,Servicios Personales
0,12.1,44.6,45,Masculino,5,35.7,0,1,35.2,0,Tecnología
0,10.08,43.3,55,Masculino,7,67.1,1,1,18.3,1,Agroindustria
0,13.07,51.3,48,Masculino,7,56.7,0,4,30.7,1,Servicios Personales
1,41.55,55.0,44,Masculino,13,40.6,1,12,16.0,0,Servicios Personales
1,46.55,65.1,22,Masculino,8,40.4,1,120,19.9,1,Servicios Personales
0,14.0,60.5,42,Masculino,13,60.3,0,4,24.8,0,Tecnología
1,47.48,82.5,20,Masculino,14,44.1,1,120,28.4,0,Servicios Personales
0,11.84,61.0,50,Masculino,12,50.0,0,1,17.0,0,Comercio & Retail
0,9.04,33.5,21,Femenino,0,52.9,0,1,26.0,0,Comercio & Retail
0,10.76,54.0,42,Femenino,9,45.2,0,2,10.3,1,Comercio & Retail
1,45.91,69.8,37,Femenino,9,42.9,0,45,8.9,1,Comercio & Retail
0,11.89,54.3,51,Masculino,10,32.7,0,2,30.2,1,Comercio & Retail
0,10.27,11.9,43,Masculino,2,23.0,0,4,37.7,1,Logística
0,11.54,46.0,22,Masculino,7,58.0,0,2,46.3,0,Logística
0,6.74,33.7,52,Femenino,5,50.3,0,1,37.9,0,Comercio & Retail
0,11.03,33.0,45,Femenino,6,45.2,0,1,39.4,0,Comercio & Retail
0,14.37,63.4,46,Femenino,9,61.2,0,1,44.8,0,Manufactura
0,9.09,29.5,26,Femenino,7,37.2,0,2,13.0,0,Comercio & Retail
1,48.68,62.1,55,Masculino,7,43.0,1,45,38.4,1,Servicios Personales
0,13.87,49.1,23,Femenino,9,53.3,0,2,19.1,0,Servicios Personales
0,9.97,33.4,36,Masculino,8,37.6,0,2,40.5,0,Logística
0,13.04,62.9,61,Masculino,11,69.5,0,2,4.4,1,Manufactura
0,8.65,48.8,28,Femenino,8,41.0,0,1,36.9,0,Manufactura
0,10.77,29.5,19,Masculino,4,43.5,0,2,24.4,0,Manufactura
0,10.15,32.7,64,Femenino,6,64.3,0,8,30.1,0,Manufactura
0,13.99,64.1,61,Femenino,9,49.0,0,1,27.0,0,Logística
0,13.25,52.4,61,Masculino,8,34.8,0,1,56.5,0,Agroindustria
0,10.26,30.1,26,Masculino,5,60.2,0,1,49.5,1,Agroindustria
0,12.58,71.0,38,Femenino,13,47.0,0,1,22.4,1,Comercio & Retail
0,11.38,51.2,41,Femenino,11,39.4,0,1,16.3,0,Logística
0,13.2,56.8,51,Femenino,8,22.2,1,2,21.7,1,Agroindustria
0,14.73,72.0,39,Femenino,9,49.7,0,1,8.0,1,Manufactura
0,9.22,50.1,20,Masculino,6,60.3,0,2,22.2,0,Logística
0,12.23,60.4,29,Masculino,13,36.8,0,1,71.0,0,Comercio & Retail
0,17.07,77.4,45,Femenino,18,51.0,0,1,2.9,0,Comercio & Retail
0,6.54,48.0,47,Masculino,8,48.2,0,1,17.9,0,Comercio & Retail
1,42.97,58.9,43,Femenino,15,37.5,1,45,23.4,0,Comercio & Retail
0,11.95,52.1,38,Femenino,7,44.4,0,8,32.1,0,Comercio & Retail
1,39.31,53.7,45,Masculino,8,46.6,0,45,12.7,1,Comercio & Retail
0,14.48,73.5,43,Masculino,15,50.4,0,2,12.7,0,Comercio & Retail
0,13.51,52.1,50,Masculino,10,53.9,0,1,17.5,1,Servicios Personales
1,42.89,65.9,38,Masculino,13,43.3,1,120,64.9,1,Comercio & Retail
1,43.2,66.6,52,Masculino,9,44.9,1,120,2.8,1,Servicios Personales
0,5.92,22.9,51,Femenino,3,25.1,0,1,15.9,0,Servicios Personales
1,51.2,79.0,58,Masculino,19,43.1,1,45,51.1,1,Manufactura
0,11.32,43.2,64,Masculino,9,38.9,0,1,48.3,1,Comercio & Retail
0,11.79,68.9,35,Femenino,11,52.4,0,1,49.8,1,Servicios Personales
0,10.73,33.4,28,Masculino,7,28.7,0,1,22.1,1,Servicios Personales
0,16.4,79.0,40,Masculino,13,30.8,0,4,47.3,0,Manufactura
0,10.58,65.0,39,Femenino,13,51.6,1,1,20.9,0,Comercio & Retail
0,7.77,13.1,34,Masculino,4,46.6,0,1,47.2,1,Servicios Personales
0,14.51,66.5,22,Femenino,11,34.3,0,1,23.6,0,Servicios Personales
1,43.19,64.3,61,Masculino,13,43.7,1,45,41.0,1,Manufactura
1,53.75,78.7,28,Femenino,15,47.0,1,12,21.5,1,Comercio & Retail
0,13.61,56.8,47,Masculino,12,54.4,0,4,17.1,1,Manufactura
0,14.58,79.3,32,Femenino,13,50.8,0,2,26.3,0,Servicios Personales
0,13.79,51.5,44,Femenino,8,49.1,0,1,50.0,0,Agroindustria
0,11.16,56.7,52,Femenino,5,44.4,0,1,14.6,1,Manufactura
0,12.54,58.1,50,Masculino,9,67.9,0,1,41.0,1,Comercio & Retail
0,9.42,32.7,37,Masculino,5,37.0,0,1,23.7,1,Comercio & Retail
0,9.78,34.4,33,Masculino,7,52.7,0,2,37.6,0,Tecnología
0,9.87,28.8,51,Masculino,7,57.4,0,2,32.9,1,Comercio & Retail
0,9.26,37.7,19,Femenino,6,19.8,0,2,34.2,1,Servicios Personales
1,45.1,62.1,52,Femenino,12,38.3,1,120,22.3,1,Comercio & Retail
0,10.97,54.9,57,Masculino,6,25.4,0,2,36.4,0,Servicios Personales
1,39.47,78.9,45,Femenino,17,42.7,1,45,62.8,1,Manufactura
0,16.71,81.1,64,Masculino,14,41.6,0,2,18.4,1,Comercio & Retail
1,56.3,73.9,56,Masculino,15,38.4,1,12,23.8,1,Manufactura
0,12.19,61.9,23,Femenino,7,40.8,0,2,61.4,0,Manufactura
0,10.05,43.3,26,Femenino,11,78.1,0,1,24.5,1,Logística
0,13.16,52.5,37,Masculino,6,46.5,0,2,16.2,0,Comercio & Retail
0,9.26,54.0,18,Femenino,11,39.0,0,1,15.1,1,Servicios Personales
0,9.94,35.9,25,Femenino,3,48.1,0,1,34.4,1,Logística
1,54.41,86.7,40,Femenino,14,42.6,1,45,31.6,1,Servicios Personales
0,9.9,43.5,20,Masculino,8,40.3,0,1,55.4,0,Comercio & Retail
0,12.91,48.0,21,Masculino,11,54.6,0,1,35.1,1,Comercio & Retail
0,11.92,51.1,42,Femenino,12,50.6,0,2,45.1,0,Comercio & Retail
0,9.36,38.5,64,Femenino,8,54.3,0,2,8.7,1,Comercio & Retail
0,8.75,18.7,55,Femenino,7,58.0,0,2,36.4,0,Logística
0,12.99,52.7,32,Masculino,10,38.3,0,1,34.3,1,Servicios Personales
1,51.24,73.5,38,Femenino,13,29.9,1,450,19.5,1,Manufactura
0,12.6,53.5,52,Femenino,9,55.8,0,1,6.4,0,Manufactura
1,40.77,59.2,63,Masculino,12,40.5,1,12,48.5,1,Comercio & Retail
0,15.4,58.1,31,Masculino,13,58.0,0,1,8.9,0,Comercio & Retail
0,13.68,45.3,53,Masculino,9,56.4,0,4,20.4,0,Comercio & Retail
0,16.6,57.8,29,Masculino,10,41.3,0,2,9.2,1,Logística
0,15.79,67.3,34,Femenino,11,48.0,0,1,8.1,0,Comercio & Retail
1,44.77,56.0,56,Femenino,14,38.9,1,12,22.6,1,Agroindustria
0,8.71,52.6,26,Femenino,9,35.3,0,2,24.0,1,Comercio & Retail
0,17.27,73.7,52,Femenino,14,57.5,0,4,32.7,1,Agroindustria
0,11.96,49.6,30,Masculino,11,54.4,0,1,39.9,1,Comercio & Retail
0,11.52,48.5,32,Masculino,7,55.9,0,1,3.9,0,Comercio & Retail
0,14.41,64.3,35,Masculino,10,59.8,0,1,15.8,1,Tecnología
0,9.03,33.3,50,Femenino,6,51.2,1,2,14.1,0,Servicios Personales
0,10.73,26.3,23,Masculino,5,62.9,0,2,34.1,0,Logística
1,51.74,84.6,44,Masculino,12,40.4,1,12,40.6,1,Servicios Personales
0,16.5,75.0,40,Femenino,13,61.5,0,8,37.0,0,Servicios Personales
1,46.79,56.8,44,Masculino,10,41.2,1,450,41.1,1,Servicios Personales
0,11.8,48.3,51,Femenino,10,51.7,0,2,14.9,0,Comercio & Retail
0,12.68,39.3,63,Femenino,8,51.7,0,2,20.8,1,Servicios Personales
0,14.82,64.7,55,Masculino,11,54.1,0,4,35.1,1,Servicios Personales
1,45.36,78.8,31,Masculino,18,35.8,1,12,21.0,1,Manufactura
1,48.69,62.3,53,Femenino,14,46.1,1,120,52.4,1,Logística
0,12.5,53.7,25,Femenino,10,64.9,1,2,2.9,0,Tecnología
0,13.18,57.4,52,Masculino,9,48.3,0,2,34.3,0,Manufactura
0,15.83,68.6,36,Masculino,9,55.8,0,2,30.5,0,Agroindustria
0,10.67,37.4,47,Masculino,5,42.7,0,1,10.0,0,Comercio & Retail
0,8.62,38.8,31,Femenino,8,59.6,0,1,14.6,0,Comercio & Retail
1,44.94,64.3,37,Femenino,13,40.0,1,12,18.3,1,Comercio & Retail
0,11.04,52.0,42,Femenino,6,66.8,0,2,15.4,0,Manufactura
1,48.32,63.0,57,Femenino,9,46.0,1,120,13.5,1,Servicios Personales
0,12.64,51.5,41,Femenino,6,71.5,0,2,18.3,0,Logística
1,53.02,77.1,31,Femenino,13,39.1,1,45,34.5,1,Servicios Personales
0,12.1,54.1,43,Masculino,5,28.6,0,4,4.2,1,Comercio & Retail
1,47.0,65.1,55,Femenino,12,43.3,1,45,35.8,1,Comercio & Retail
0,14.51,78.5,40,Masculino,14,55.1,0,1,28.4,1,Comercio & Retail
0,12.62,42.9,39,Femenino,9,28.7,0,1,19.0,1,Logística
0,10.19,45.3,36,Femenino,7,55.0,0,1,31.4,0,Servicios Personales
1,42.36,65.7,63,Femenino,12,44.9,1,12,60.4,1,Manufactura
0,13.68,86.9,20,Femenino,16,52.8,0,1,62.4,1,Comercio & Retail
0,13.25,68.7,59,Femenino,15,53.0,0,2,53.4,1,Logística
0,13.58,39.3,36,Masculino,10,24.7,0,2,55.8,0,Comercio & Retail
0,6.61,37.2,26,Masculino,7,50.7,0,4,40.7,0,Comercio & Retail
0,13.33,61.6,45,Masculino,9,34.5,0,1,33.4,0,Comercio & Retail
0,10.5,28.9,37,Femenino,4,47.7,0,1,38.7,0,Logística
0,12.35,51.7,62,Masculino,8,36.7,0,4,23.3,0,Logística
1,40.51,57.0,24,Masculino,12,45.3,1,45,22.1,1,Tecnología
0,14.76,61.4,31,Femenino,9,51.4,0,1,36.6,1,Servicios Personales
0,10.47,45.9,26,Masculino,8,31.6,1,1,12.4,1,Logística
0,13.49,53.8,36,Masculino,10,59.4,0,1,39.6,0,Manufactura
0,13.25,64.3,64,Masculino,9,58.6,0,2,12.4,0,Servicios Personales
1,49.83,82.8,31,Masculino,13,47.3,1,45,27.0,1,Manufactura
0,10.78,48.5,55,Masculino,5,45.4,0,2,11.1,1,Manufactura
1,36.72,59.7,53,Masculino,12,33.8,1,45,16.7,1,Manufactura
0,11.25,49.1,57,Femenino,10,49.5,1,1,38.8,0,Servicios Personales
0,10.97,53.9,34,Masculino,12,27.9,0,1,27.8,1,Servicios Personales
0,9.91,20.1,47,Masculino,5,51.4,0,2,41.5,1,Comercio & Retail
0,12.74,57.7,26,Masculino,13,57.6,0,2,21.2,1,Comercio & Retail
1,38.4,54.5,50,Masculino,12,46.1,1,450,1.6,1,Manufactura
1,44.15,66.4,42,Femenino,16,52.9,1,120,31.5,1,Comercio & Retail
0,7.39,27.8,31,Femenino,7,45.2,0,1,16.7,1,Manufactura
0,11.82,34.0,28,Femenino,8,39.9,0,2,16.8,1,Comercio & Retail
0,7.66,26.5,52,Femenino,3,56.7,0,1,43.4,0,Comercio & Retail
0,10.24,47.4,58,Femenino,7,69.3,0,1,22.0,0,Manufactura
1,49.77,78.5,31,Masculino,15,42.2,1,12,14.2,1,Comercio & Retail
0,11.49,53.8,47,Femenino,11,43.3,0,1,24.0,0,Comercio & Retail
0,9.3,39.5,58,Masculino,7,53.6,0,1,39.3,1,Manufactura
0,11.32,62.7,21,Masculino,11,48.5,0,8,22.6,0,Manufactura
0,14.13,56.9,21,Femenino,10,63.2,0,1,17.5,1,Comercio & Retail
0,12.03,32.6,45,Femenino,3,56.8,0,2,55.7,1,Servicios Personales
0,7.04,17.4,25,Masculino,3,48.6,0,1,30.8,1,Comercio & Retail
1,54.01,88.3,19,Masculino,14,47.2,1,45,24.2,1,Tecnología
1,49.73,73.3,58,Masculino,13,39.0,1,12,13.6,0,Comercio & Retail
0,11.61,38.4,63,Masculino,4,58.5,0,1,45.3,1,Manufactura
0,12.25,44.4,39,Masculino,10,38.7,0,2,50.8,0,Comercio & Retail
0,9.02,32.2,58,Masculino,7,48.1,0,4,8.5,1,Comercio & Retail
0,12.57,64.0,33,Masculino,14,62.3,0,1,48.5,1,Manufactura
0,14.17,70.4,46,Masculino,12,22.3,0,1,30.3,0,Tecnología
0,9.06,27.4,47,Masculino,6,42.2,0,1,14.9,1,Tecnología
1,47.2,59.5,29,Femenino,10,42.8,1,12,69.9,0,Logística
0,14.82,69.6,52,Masculino,10,62.5,0,1,46.2,1,Comercio & Retail
0,11.89,47.9,28,Femenino,10,58.0,1,1,24.4,0,Agroindustria
0,11.32,37.6,63,Masculino,8,36.8,0,2,3.4,1,Comercio & Retail
0,10.17,47.7,38,Femenino,10,38.1,0,4,62.5,1,Servicios Personales
0,11.79,41.4,38,Femenino,7,48.4,0,1,58.2,0,Comercio & Retail
0,11.67,44.5,22,Femenino,5,37.8,0,1,39.4,0,Comercio & Retail
0,16.96,45.1,37,Femenino,5,68.6,0,2,28.3,0,Manufactura
0,9.86,47.0,54,Femenino,6,43.6,1,2,0.7,1,Agroindustria
0,11.89,43.6,20,Masculino,12,59.7,0,1,15.8,0,Manufactura
0,12.3,61.1,61,Femenino,12,38.4,0,4,14.7,1,Manufactura
1,45.57,70.2,50,Femenino,16,38.8,1,45,61.2,1,Manufactura
0,14.63,55.0,26,Femenino,9,57.3,0,2,27.0,0,Logística
0,17.97,76.0,26,Masculino,13,63.9,0,4,13.3,1,Manufactura
0,10.93,50.0,21,Femenino,10,26.1,0,1,38.4,0,Agroindustria
1,53.49,78.2,52,Femenino,11,47.7,1,450,19.2,1,Comercio & Retail
0,9.79,57.9,34,Femenino,13,42.1,0,2,7.7,0,Comercio & Retail
1,47.21,68.3,51,Masculino,12,40.1,1,450,26.1,1,Comercio & Retail
1,49.59,76.4,41,Femenino,10,43.9,1,45,20.7,1,Servicios Personales
1,41.49,56.2,49,Femenino,8,43.5,1,12,19.9,1,Manufactura
0,14.05,64.9,18,Femenino,11,35.4,0,2,62.3,0,Manufactura
0,13.09,73.3,25,Masculino,15,47.0,0,2,11.2,0,Servicios Personales
0,12.39,65.1,62,Femenino,11,49.9,0,1,22.2,1,Comercio & Retail
0,9.81,41.5,40,Masculino,8,51.2,0,1,30.2,1,Manufactura
0,17.29,78.3,64,Femenino,13,60.9,0,1,38.8,1,Servicios Personales
0,11.89,27.8,57,Masculino,5,50.2,0,1,52.0,0,Manufactura
0,12.57,48.5,29,Femenino,9,41.0,1,8,16.3,0,Manufactura
0,9.4,30.6,29,Femenino,6,63.9,0,1,21.0,0,Manufactura
0,10.33,51.6,63,Femenino,10,55.9,0,1,16.1,0,Servicios Personales
1,52.87,70.4,64,Femenino,15,40.5,1,12,27.4,1,Logística
0,11.64,42.8,32,Femenino,12,45.0,0,1,8.5,0,Comercio & Retail
0,10.25,27.3,58,Masculino,3,54.9,0,1,28.0,0,Comercio & Retail
0,12.02,42.2,36,Masculino,8,47.7,0,1,14.6,0,Manufactura
0,8.83,17.9,43,Femenino,4,40.1,0,1,4.0,0,Servicios Personales
0,14.39,64.2,46,Masculino,14,48.4,0,1,15.2,0,Manufactura
0,12.66,50.6,39,Masculino,8,37.9,1,1,35.5,0,Comercio & Retail
0,11.32,37.3,57,Masculino,10,49.3,0,4,5.0,1,Servicios Personales
0,10.41,53.4,38,Femenino,10,61.0,0,1,40.2,1,Manufactura
0,12.67,70.5,55,Masculino,11,41.2,0,2,16.4,0,Comercio & Retail
0,8.8,10.7,37,Femenino,0,40.3,0,2,47.6,1,Manufactura
1,45.84,73.6,46,Masculino,11,41.5,1,450,40.6,1,Logística
0,14.57,57.8,21,Femenino,8,45.3,0,1,15.4,1,Logística
1,47.56,70.6,24,Femenino,13,41.2,1,12,27.6,1,Tecnología
1,37.28,58.8,45,Femenino,11,48.7,1,12,29.0,1,Logística
0,15.46,63.1,45,Femenino,12,24.6,0,1,49.7,1,Manufactura
0,14.04,47.9,21,Masculino,7,74.9,0,1,41.1,0,Comercio & Retail
0,12.86,59.0,39,Femenino,6,53.2,0,1,25.8,0,Comercio & Retail
0,16.78,72.0,29,Masculino,13,38.7,0,2,23.2,0,Comercio & Retail
1,50.49,77.9,62,Femenino,12,33.7,1,45,30.5,1,Servicios Personales
0,12.55,47.4,20,Femenino,11,49.9,0,2,15.7,0,Manufactura
0,13.93,53.6,39,Masculino,11,46.8,1,1,11.4,0,Manufactura
1,42.84,63.2,61,Masculino,12,36.7,1,45,62.7,1,Comercio & Retail
0,11.63,48.4,19,Femenino,5,60.4,1,2,21.2,0,Servicios Personales
0,11.49,53.1,41,Femenino,14,43.9,0,2,26.0,1,Logística
1,51.27,81.2,51,Masculino,9,38.2,1,45,17.6,1,Comercio & Retail
0,14.88,55.0,44,Femenino,10,37.9,0,1,32.3,0,Logística
0,12.8,58.8,58,Masculino,8,51.9,0,2,1.6,0,Agroindustria
0,8.36,18.8,18,Masculino,1,54.3,0,1,11.1,0,Manufactura
1,40.34,54.8,25,Femenino,12,33.9,1,12,3.7,1,Comercio & Retail
0,11.61,56.1,40,Femenino,6,67.3,0,1,21.9,0,Agroindustria
0,10.62,53.1,55,Femenino,10,65.1,0,2,52.0,1,Comercio & Retail
0,9.53,35.8,23,Femenino,7,65.7,0,1,22.0,1,Manufactura
0,11.84,54.8,39,Masculino,9,47.8,0,2,20.4,0,Servicios Personales
0,11.66,53.0,42,Masculino,8,51.5,0,1,42.1,0,Manufactura
0,13.02,46.3,35,Masculino,7,66.7,0,2,15.6,0,Logística
0,9.89,55.2,34,Masculino,9,38.6,0,2,5.7,0,Servicios Personales
0,14.61,50.8,29,Femenino,8,58.5,0,2,23.8,1,Tecnología
0,14.05,51.3,23,Masculino,6,67.6,0,2,10.5,0,Servicios Personales
0,11.45,71.6,43,Femenino,14,35.1,0,2,37.6,0,Comercio & Retail
0,10.78,36.5,44,Masculino,7,22.7,0,1,9.1,0,Tecnología
0,12.55,70.2,25,Femenino,12,38.3,0,2,16.1,1,Tecnología
0,11.27,42.4,36,Masculino,13,38.8,0,1,28.7,1,Manufactura
1,51.23,77.0,59,Masculino,14,36.8,1,12,46.5,1,Manufactura
0,12.53,62.1,18,Femenino,8,53.5,0,1,20.6,0,Tecnología
0,12.59,58.6,46,Femenino,9,44.1,0,2,21.1,0,Comercio & Retail
0,10.66,35.1,62,Masculino,9,52.2,0,4,14.4,1,Comercio & Retail
1,47.91,77.4,52,Femenino,12,47.2,1,45,56.1,1,Logística
0,11.52,45.5,57,Masculino,9,79.9,0,2,42.4,0,Servicios Personales
0,15.58,65.0,31,Masculino,12,53.0,0,2,26.8,0,Comercio & Retail
0,14.74,63.9,52,Femenino,9,51.4,0,1,26.3,0,Servicios Personales
1,45.52,64.8,62,Femenino,14,43.6,1,12,10.2,1,Comercio & Retail
0,12.31,56.4,37,Masculino,10,28.3,0,1,46.0,0,Manufactura
0,13.13,38.0,30,Femenino,9,41.8,0,4,31.6,1,Agroindustria
0,14.04,57.1,55,Femenino,11,35.4,0,1,29.6,0,Tecnología
0,12.93,67.3,63,Masculino,16,28.1,0,4,5.7,1,Comercio & Retail
0,12.99,51.8,25,Masculino,8,42.5,0,1,39.4,1,Servicios Personales
1,46.52,56.5,60,Femenino,14,38.1,1,45,26.6,0,Comercio & Retail
0,12.02,42.1,37,Femenino,7,38.9,0,1,35.4,0,Manufactura
1,45.53,49.3,50,Masculino,10,41.2,1,450,63.3,1,Servicios Personales
0,13.62,35.8,43,Masculino,7,54.7,0,1,5.3,1,Servicios Personales
1,42.5,62.0,56,Masculino,9,43.7,1,45,40.4,0,Comercio & Retail
0,6.8,32.3,38,Femenino,7,49.3,1,4,33.2,1,Tecnología
0,10.13,61.6,59,Masculino,13,38.2,0,1,28.3,0,Manufactura
0,9.68,48.9,60,Masculino,8,30.4,0,2,17.5,1,Manufactura
0,15.08,69.4,58,Masculino,12,42.6,0,2,16.0,1,Tecnología
0,10.97,28.9,26,Masculino,8,61.8,0,2,28.3,0,Logística
1,42.72,53.2,41,Femenino,10,37.9,0,45,35.6,1,Tecnología
1,53.17,86.6,54,Masculino,16,41.3,1,120,7.4,1,Manufactura
1,44.85,59.6,58,Femenino,7,38.3,1,45,21.5,1,Servicios Personales
0,12.12,43.3,34,Femenino,7,45.3,0,1,25.0,0,Comercio & Retail
0,10.28,37.0,41,Masculino,9,48.7,0,4,22.3,0,Servicios Personales
0,13.36,54.9,38,Masculino,10,44.2,0,4,21.5,0,Agroindustria
0,11.93,58.2,56,Masculino,12,27.8,0,2,6.0,1,Comercio & Retail
0,13.39,58.4,58,Masculino,10,28.7,0,1,12.1,0,Tecnología
1,52.68,77.4,56,Femenino,11,36.8,1,120,10.2,1,Logística
0,11.55,27.3,30,Masculino,6,33.4,1,1,9.8,1,Servicios Personales
1,51.48,70.0,28,Femenino,11,35.0,1,12,35.4,1,Manufactura
1,49.25,68.0,63,Masculino,11,36.7,0,450,45.1,1,Comercio & Retail
0,15.6,73.5,36,Femenino,13,40.3,0,1,26.5,1,Logística
0,11.68,53.6,28,Masculino,9,51.8,0,2,2.0,0,Manufactura
0,14.21,75.7,30,Femenino,10,59.7,0,1,23.6,0,Manufactura
1,54.47,79.9,63,Masculino,13,40.3,1,120,17.1,1,Servicios Personales
0,11.42,33.2,62,Masculino,6,60.5,0,1,46.3,1,Manufactura
0,9.76,27.5,18,Femenino,3,57.5,0,1,3.6,1,Manufactura
0,9.11,28.1,57,Masculino,6,46.6,0,1,10.5,0,Logística
1,42.67,60.9,61,Masculino,8,37.4,1,45,18.3,1,Servicios Personales
0,15.98,71.5,36,Masculino,14,65.2,0,2,24.4,0,Comercio & Retail
0,14.93,67.8,29,Masculino,18,33.8,0,1,8.1,1,Comercio & Retail
0,7.47,18.4,25,Femenino,7,68.1,1,2,44.9,0,Manufactura
0,9.94,49.4,25,Femenino,10,55.7,0,1,29.5,0,Comercio & Retail
0,12.2,38.6,62,Femenino,8,66.7,1,1,35.5,1,Servicios Personales
0,13.64,58.6,29,Femenino,12,68.8,1,1,14.0,0,Manufactura
0,14.52,56.9,50,Femenino,11,52.9,0,1,11.8,0,Tecnología
0,10.43,56.0,62,Masculino,7,51.0,0,8,38.6,0,Servicios Personales
0,13.93,61.2,43,Femenino,8,52.0,0,1,29.3,0,Comercio & Retail
1,53.76,73.3,56,Femenino,9,37.2,1,450,48.1,1,Agroindustria
1,51.51,92.1,45,Femenino,15,49.7,0,450,10.8,1,Tecnología
0,12.16,53.3,22,Masculino,8,57.7,0,2,32.5,0,Comercio & Retail
0,9.31,17.0,25,Masculino,4,63.3,0,1,23.7,0,Logística
0,17.16,83.0,42,Femenino,15,62.1,0,1,15.4,1,Agroindustria
0,11.11,47.2,44,Masculino,12,35.2,0,1,24.5,1,Manufactura
0,10.97,42.3,63,Femenino,6,29.9,0,1,8.8,1,Comercio & Retail
0,10.58,44.1,40,Masculino,11,48.7,0,2,28.9,0,Manufactura
1,51.38,86.4,47,Masculino,13,46.1,1,12,1.5,1,Comercio & Retail
1,40.76,58.8,62,Femenino,10,38.7,1,12,26.9,1,Comercio & Retail
0,11.39,72.9,64,Masculino,15,48.7,0,1,35.4,0,Manufactura
1,41.61,58.5,40,Masculino,12,30.5,1,450,27.5,1,Manufactura
1,45.15,58.6,64,Femenino,11,47.2,1,45,49.4,1,Logística
0,12.4,51.7,37,Masculino,11,58.2,0,2,16.9,0,Manufactura
0,13.99,55.7,35,Femenino,11,66.5,0,1,7.0,1,Manufactura
1,37.41,47.0,35,Femenino,13,42.6,1,120,37.1,1,Manufactura
0,12.75,41.8,19,Femenino,9,48.1,0,2,55.7,0,Manufactura
0,13.89,59.4,21,Femenino,14,59.3,0,2,32.5,0,Servicios Personales
0,14.15,64.2,47,Femenino,11,56.7,0,2,14.0,0,Servicios Personales
0,10.35,55.3,50,Masculino,10,49.1,0,1,16.5,1,Comercio & Retail
0,15.7,59.7,53,Femenino,9,41.0,0,1,34.9,0,Logística
0,9.81,46.8,35,Femenino,9,62.3,0,1,48.1,0,Manufactura
0,13.63,60.1,54,Masculino,11,48.3,0,1,26.4,1,Manufactura
0,15.05,50.7,36,Masculino,14,40.4,0,1,36.5,1,Comercio & Retail
1,46.2,72.1,64,Masculino,12,47.2,1,45,12.1,1,Comercio & Retail
0,12.02,55.7,45,Masculino,7,42.8,0,1,45.7,1,Logística
0,6.74,37.5,57,Masculino,4,39.9,0,2,20.8,0,Manufactura
0,14.07,58.2,37,Masculino,13,45.1,0,1,52.9,1,Comercio & Retail
1,60.75,100.0,50,Masculino,20,41.7,1,45,18.6,1,Comercio & Retail
0,11.48,52.8,29,Masculino,9,45.9,0,2,10.7,1,Manufactura
0,8.03,27.4,32,Femenino,8,56.0,0,2,28.9,0,Logística
0,14.99,79.4,58,Femenino,13,27.1,0,1,23.7,0,Logística
0,10.75,32.3,56,Masculino,7,38.8,0,2,2.2,0,Servicios Personales
0,14.92,84.8,19,Femenino,16,47.7,0,2,30.7,0,Manufactura
0,13.24,63.3,46,Femenino,12,50.1,0,8,10.5,0,Agroindustria
1,45.04,68.5,58,Masculino,10,43.6,1,120,46.3,1,Manufactura
0,9.57,34.4,27,Masculino,7,52.5,0,2,41.9,0,Comercio & Retail
0,13.72,61.9,19,Femenino,13,66.6,0,1,65.4,0,Comercio & Retail
0,10.74,53.9,28,Masculino,8,39.2,0,2,60.9,1,Manufactura
0,12.02,61.0,30,Masculino,13,63.4,0,1,47.0,1,Comercio & Retail
1,52.85,77.2,27,Masculino,12,34.6,1,45,49.9,0,Manufactura
0,11.77,67.4,31,Masculino,15,65.8,0,2,34.6,1,Servicios Personales
0,13.13,64.9,35,Masculino,11,56.9,0,1,18.6,0,Comercio & Retail
1,57.76,100.0,26,Masculino,22,43.8,1,45,46.3,0,Servicios Personales
1,40.62,56.4,56,Femenino,12,38.5,1,120,17.7,1,Tecnología
1,44.97,72.2,45,Masculino,11,46.8,1,120,27.1,1,Comercio & Retail
0,12.57,40.5,20,Masculino,9,35.0,0,1,39.7,0,Agroindustria
1,47.07,72.3,37,Masculino,13,45.3,1,12,30.2,1,Comercio & Retail
0,7.1,26.0,23,Masculino,9,49.6,1,1,12.3,0,Tecnología
0,9.84,46.2,44,Femenino,7,34.4,1,4,33.2,0,Agroindustria
0,13.68,59.2,19,Masculino,8,23.4,0,1,33.9,1,Servicios Personales
0,13.01,49.5,46,Femenino,9,43.0,0,4,34.8,0,Logística
1,55.48,93.1,55,Femenino,19,44.1,1,120,23.5,1,Comercio & Retail
0,17.24,76.1,20,Femenino,11,29.4,1,1,42.1,1,Manufactura
0,14.2,53.6,33,Femenino,7,42.7,0,1,26.6,1,Comercio & Retail
0,14.06,48.7,47,Masculino,14,55.9,0,1,48.7,0,Comercio & Retail
0,12.76,53.6,57,Femenino,11,36.7,0,1,27.8,0,Logística
1,45.79,72.1,19,Femenino,15,48.6,1,120,11.0,1,Comercio & Retail
1,57.9,86.1,34,Masculino,17,39.2,1,45,8.1,1,Tecnología
0,9.48,30.4,58,Femenino,4,41.1,0,1,34.7,0,Logística
0,7.63,13.8,29,Femenino,1,18.5,0,1,45.1,0,Logística
1,54.5,81.1,52,Femenino,18,47.7,1,45,29.9,1,Comercio & Retail
0,8.6,28.6,60,Femenino,7,52.7,0,2,48.4,1,Comercio & Retail
0,8.97,20.9,18,Femenino,4,36.9,0,1,29.7,0,Servicios Personales
0,12.06,55.4,62,Femenino,8,65.1,0,2,51.4,0,Manufactura
0,8.55,28.5,32,Masculino,6,55.0,0,1,15.1,0,Manufactura
0,9.21,35.0,43,Femenino,7,37.7,0,2,46.2,0,Comercio & Retail
1,40.2,52.4,54,Femenino,13,41.1,1,12,8.7,1,Manufactura
0,10.88,54.8,38,Masculino,9,41.5,0,1,22.2,0,Manufactura
0,13.9,40.6,48,Femenino,4,35.6,0,1,22.7,1,Logística
1,51.23,66.6,42,Masculino,10,41.2,1,12,40.2,1,Comercio & Retail
0,11.35,39.1,40,Masculino,7,47.3,0,1,16.5,1,Servicios Personales
0,11.11,50.4,41,Femenino,9,49.4,0,2,39.2,1,Agroindustria
0,10.7,51.3,55,Masculino,9,43.5,0,1,11.7,0,Manufactura
0,12.43,62.8,45,Femenino,13,55.5,0,1,28.1,1,Servicios Personales
0,10.87,50.3,38,Femenino,8,31.9,0,1,15.4,0,Comercio & Retail
1,49.79,78.3,60,Masculino,13,38.0,1,450,27.7,1,Comercio & Retail
0,10.66,41.0,35,Femenino,4,49.4,0,1,55.5,0,Comercio & Retail
0,16.5,65.3,53,Masculino,13,41.3,1,1,40.4,1,Comercio & Retail
1,50.1,69.7,52,Masculino,15,33.7,1,45,15.9,1,Comercio & Retail
0,11.48,39.5,62,Femenino,9,57.9,0,4,53.2,1,Comercio & Retail
0,5.94,25.6,26,Masculino,7,52.1,0,1,76.6,1,Comercio & Retail
0,10.62,44.4,55,Masculino,6,36.2,0,1,40.4,1,Manufactura
0,16.45,55.0,47,Masculino,10,31.7,0,1,18.6,1,Logística
1,47.42,75.1,61,Masculino,15,41.1,1,120,34.3,1,Comercio & Retail
0,15.76,71.5,51,Masculino,8,46.7,1,1,10.6,0,Manufactura
1,50.07,86.9,49,Femenino,14,39.6,1,120,36.8,1,Comercio & Retail
0,10.12,39.4,20,Masculino,6,43.8,0,2,39.0,0,Servicios Personales
0,10.15,53.1,20,Femenino,9,49.9,1,4,20.4,0,Manufactura
0,10.78,43.9,45,Femenino,10,46.3,0,2,58.6,1,Comercio & Retail
0,12.71,65.5,61,Masculino,11,36.2,0,2,46.9,0,Servicios Personales
0,10.88,53.3,32,Femenino,9,46.7,0,1,42.4,1,Comercio & Retail
0,10.84,66.2,58,Masculino,15,62.9,0,1,31.0,0,Agroindustria
0,15.09,77.5,40,Femenino,15,38.4,0,1,36.0,1,Comercio & Retail
1,47.76,61.4,57,Masculino,9,37.5,1,120,48.1,1,Tecnología
0,12.49,67.7,28,Femenino,8,62.0,0,1,32.9,0,Logística
0,7.72,31.9,49,Femenino,8,42.8,0,1,3.3,0,Tecnología
1,35.87,59.6,53,Femenino,14,36.3,1,45,36.6,1,Manufactura
0,11.98,42.0,50,Masculino,7,45.4,0,1,5.7,0,Manufactura
0,10.37,33.3,41,Femenino,4,76.3,0,1,27.1,0,Logística
0,12.45,51.8,56,Masculino,5,50.6,0,1,22.3,1,Comercio & Retail
1,48.44,79.3,51,Femenino,13,40.9,1,45,13.8,1,Logística
0,10.23,14.3,45,Femenino,5,48.9,0,1,53.6,0,Comercio & Retail
0,10.21,42.8,54,Femenino,8,59.6,0,1,6.0,0,Comercio & Retail
0,11.29,39.8,24,Femenino,10,46.4,0,2,18.6,0,Manufactura
0,9.68,17.9,21,Masculino,4,48.0,0,1,25.3,0,Comercio & Retail
0,13.43,64.8,54,Masculino,11,35.5,0,1,52.6,1,Servicios Personales
0,9.22,52.4,18,Femenino,9,20.9,1,4,37.8,1,Tecnología
0,11.91,43.6,18,Masculino,3,32.3,0,4,13.9,0,Tecnología
0,11.74,44.9,64,Masculino,11,60.0,0,1,31.8,1,Manufactura
0,11.21,62.7,37,Femenino,12,44.0,0,1,33.3,1,Servicios Personales
1,39.74,53.6,36,Femenino,11,41.4,1,120,38.7,1,Comercio & Retail
1,52.8,78.7,46,Masculino,12,46.4,1,12,32.0,1,Comercio & Retail
0,12.54,50.0,27,Femenino,11,56.1,0,1,19.5,1,Agroindustria
0,12.21,69.2,35,Femenino,13,60.8,0,2,35.4,1,Agroindustria
0,10.17,25.1,45,Femenino,6,48.5,0,8,25.6,0,Servicios Personales
0,11.07,49.5,52,Masculino,5,55.8,0,2,10.7,0,Tecnología
0,11.35,57.4,60,Femenino,6,39.2,0,1,29.7,0,Comercio & Retail
0,11.47,36.0,64,Femenino,7,61.3,0,1,15.7,0,Comercio & Retail
0,16.75,78.8,48,Femenino,18,57.2,0,1,16.8,1,Comercio & Retail
0,11.68,45.6,44,Femenino,7,53.7,0,1,15.7,1,Servicios Personales
0,11.61,38.8,28,Femenino,8,54.6,0,1,16.4,0,Tecnología
0,12.66,62.5,55,Masculino,9,69.4,1,2,13.5,1,Agroindustria
0,11.91,55.6,22,Femenino,9,68.4,0,4,25.9,0,Servicios Personales
1,54.33,95.7,25,Masculino,17,40.6,1,12,4.0,1,Manufactura
0,4.36,16.2,51,Femenino,3,71.2,0,4,40.4,1,Comercio & Retail
0,11.62,73.2,29,Masculino,18,42.7,0,4,57.8,1,Manufactura
0,13.05,62.7,55,Masculino,11,34.3,0,1,19.8,0,Servicios Personales
1,53.62,87.9,18,Femenino,14,36.4,1,12,19.4,1,Manufactura
0,13.22,45.6,48,Masculino,10,45.1,0,1,41.2,1,Tecnología
0,13.92,71.6,21,Masculino,13,44.0,0,8,23.6,0,Comercio & Retail
0,10.22,32.4,62,Masculino,6,39.2,0,2,29.0,1,Logística
0,12.75,45.6,22,Femenino,5,58.0,0,2,9.4,0,Manufactura
0,17.73,86.2,47,Masculino,20,42.8,0,4,28.8,0,Manufactura
1,56.07,85.8,41,Masculino,17,40.1,1,120,21.0,1,Manufactura
0,12.59,50.2,20,Masculino,6,59.7,1,1,12.4,1,Comercio & Retail
0,9.8,53.6,28,Masculino,13,51.8,0,1,38.6,0,Comercio & Retail
1,48.33,77.0,62,Femenino,14,44.7,1,45,33.6,1,Comercio & Retail
0,13.04,63.4,21,Masculino,13,51.2,0,1,48.9,1,Comercio & Retail
0,13.95,59.5,43,Masculino,9,54.6,0,1,12.3,0,Logística
1,54.36,90.7,44,Masculino,18,40.7,1,45,20.5,1,Agroindustria
1,44.99,62.8,63,Femenino,13,44.1,1,120,4.8,1,Manufactura
0,11.1,38.1,60,Masculino,6,52.6,0,1,30.1,0,Comercio & Retail
0,10.33,32.6,44,Femenino,9,39.4,0,1,64.8,0,Comercio & Retail
0,10.77,47.7,59,Masculino,6,34.0,0,1,52.0,0,Manufactura
0,12.78,74.0,23,Femenino,10,28.5,0,1,35.4,0,Tecnología
0,10.68,45.6,32,Femenino,9,25.6,0,1,58.3,0,Manufactura
1,47.29,66.6,47,Masculino,13,44.1,1,120,47.2,1,Servicios Personales
1,53.2,82.7,59,Femenino,13,41.5,1,12,11.3,1,Manufactura
0,10.48,41.1,54,Masculino,11,55.6,1,1,23.8,0,Comercio & Retail
1,44.44,64.0,54,Masculino,11,48.4,1,450,9.0,1,Agroindustria
1,55.84,87.7,59,Femenino,14,44.2,1,45,21.1,0,Comercio & Retail
0,11.57,44.7,54,Femenino,9,55.4,1,1,9.4,1,Tecnología
0,7.05,13.6,52,Masculino,1,53.0,0,2,18.7,0,Comercio & Retail
1,56.77,100.0,40,Femenino,18,42.0,1,450,50.1,1,Tecnología
0,12.09,32.1,23,Masculino,7,47.2,0,1,9.3,1,Servicios Personales
1,50.45,75.6,21,Masculino,13,39.9,1,45,39.0,1,Comercio & Retail
0,13.17,54.8,35,Femenino,9,47.8,1,8,27.7,0,Manufactura
0,15.5,86.4,26,Femenino,15,42.4,0,2,38.4,1,Manufactura
0,10.35,37.7,46,Femenino,6,42.1,0,1,3.2,0,Logística
0,13.12,58.4,30,Masculino,7,50.2,0,2,15.1,0,Servicios Personales
0,10.29,43.2,64,Femenino,8,58.4,0,1,17.7,1,Manufactura
0,12.9,48.3,34,Femenino,12,43.3,0,1,9.5,0,Servicios Personales
0,10.27,43.6,62,Masculino,11,47.1,0,1,37.1,0,Servicios Personales
0,13.8,52.1,49,Masculino,12,69.8,1,1,2.3,0,Manufactura
0,14.4,61.8,39,Femenino,10,47.3,0,1,14.6,1,Manufactura
1,45.52,63.5,21,Femenino,14,38.6,1,12,38.6,1,Comercio & Retail
1,48.31,70.8,22,Masculino,14,37.5,1,45,23.4,1,Tecnología
1,52.59,79.9,54,Masculino,16,51.2,1,45,18.9,1,Servicios Personales
0,13.59,51.3,58,Masculino,11,55.0,0,2,51.9,1,Servicios Personales
0,12.61,60.6,30,Masculino,11,63.2,0,1,38.9,0,Servicios Personales
1,57.27,92.4,51,Masculino,17,36.7,1,120,18.1,1,Comercio & Retail
1,48.84,75.4,62,Masculino,15,49.6,1,120,30.7,1,Comercio & Retail
1,52.42,72.2,39,Masculino,12,40.4,1,45,52.8,1,Servicios Personales
0,8.64,31.2,40,Masculino,5,43.8,0,1,57.3,0,Agroindustria
0,11.43,33.7,20,Masculino,4,62.7,0,2,22.0,0,Comercio & Retail
0,11.4,64.0,59,Femenino,12,50.7,0,2,42.5,0,Comercio & Retail
0,14.39,73.7,51,Femenino,12,38.6,0,1,5.5,0,Servicios Personales
0,11.51,47.2,49,Masculino,7,27.5,0,8,23.5,0,Servicios Personales
1,43.42,52.6,62,Femenino,11,36.2,1,120,6.1,1,Manufactura
0,13.09,47.9,38,Masculino,7,69.3,0,2,29.4,1,Logística
0,14.81,53.4,63,Femenino,12,34.3,0,4,37.3,1,Manufactura
0,14.19,67.0,61,Masculino,12,48.8,0,1,29.4,1,Manufactura
0,14.0,62.7,38,Femenino,12,53.6,0,1,36.1,0,Manufactura
0,14.28,60.5,61,Masculino,11,48.4,0,4,61.0,1,Servicios Personales
0,12.39,50.6,28,Masculino,9,36.2,0,2,53.5,0,Tecnología
0,14.11,44.9,56,Femenino,9,42.2,0,2,31.6,1,Tecnología
1,45.14,63.7,21,Masculino,14,39.5,1,450,19.9,1,Comercio & Retail
0,15.49,73.8,18,Femenino,12,16.0,0,4,41.0,1,Manufactura
1,55.89,81.8,45,Femenino,12,37.9,1,45,13.2,1,Manufactura
1,37.56,57.7,41,Femenino,10,39.0,1,120,12.0,1,Comercio & Retail
0,12.29,63.3,52,Femenino,12,54.8,0,8,8.6,1,Logística
0,11.73,58.7,30,Masculino,14,52.5,1,2,18.3,0,Comercio & Retail
0,9.57,29.4,64,Femenino,8,39.6,0,4,30.6,1,Comercio & Retail
0,13.85,46.9,51,Masculino,12,55.1,0,1,35.7,0,Comercio & Retail
0,15.05,56.3,28,Femenino,9,33.4,0,1,0.8,1,Comercio & Retail
0,8.41,41.2,53,Masculino,11,56.2,0,1,28.1,0,Agroindustria
1,49.43,73.6,34,Femenino,13,43.2,1,12,31.1,1,Logística
0,8.58,20.0,52,Masculino,4,51.8,0,2,5.4,0,Comercio & Retail
0,10.12,40.6,35,Masculino,6,71.0,0,4,1.2,1,Comercio & Retail
0,12.8,38.9,57,Masculino,7,37.1,0,4,48.4,1,Logística
0,11.02,32.4,39,Femenino,7,57.1,0,2,49.0,1,Manufactura
0,11.52,37.2,41,Masculino,9,50.2,0,1,20.2,0,Logística
1,43.8,61.8,36,Femenino,16,42.1,1,45,53.8,1,Comercio & Retail
0,12.59,60.2,54,Femenino,14,49.0,0,1,5.2,1,Tecnología
0,14.6,69.2,56,Femenino,8,40.3,0,1,7.2,0,Comercio & Retail
1,46.98,80.0,38,Femenino,13,36.5,1,45,39.7,1,Servicios Personales
0,11.22,56.8,25,Femenino,10,22.0,0,2,34.9,0,Tecnología
0,13.66,55.3,45,Masculino,11,45.8,0,1,41.1,1,Logística
0,12.01,33.1,22,Femenino,6,66.0,0,1,13.0,0,Tecnología
0,12.47,36.1,34,Femenino,5,49.4,0,1,67.4,0,Tecnología
0,12.06,61.3,54,Femenino,13,37.2,0,1,9.8,0,Comercio & Retail
0,11.49,49.2,53,Masculino,10,51.3,0,1,16.1,0,Manufactura
1,44.77,67.9,36,Masculino,12,42.4,1,45,24.6,1,Manufactura
1,49.02,68.9,44,Femenino,16,46.3,1,45,18.4,1,Manufactura
0,8.21,26.2,51,Masculino,9,49.8,0,1,5.3,0,Tecnología
0,13.22,45.2,28,Masculino,9,57.5,0,1,20.3,0,Logística
1,56.99,97.5,62,Femenino,17,43.1,1,45,23.8,1,Comercio & Retail
0,8.56,38.7,64,Masculino,10,56.5,0,2,69.0,1,Agroindustria
0,10.85,30.6,29,Masculino,7,25.3,0,2,31.4,0,Servicios Personales
1,42.86,60.6,38,Masculino,13,43.4,1,450,45.2,1,Servicios Personales
0,9.68,35.0,28,Femenino,9,66.4,0,2,17.8,0,Agroindustria
0,14.03,58.0,56,Femenino,7,36.0,0,1,15.5,0,Agroindustria
0,10.17,56.0,45,Femenino,10,54.5,0,1,61.8,0,Servicios Personales
0,11.85,49.2,22,Masculino,13,33.7,0,4,32.4,1,Comercio & Retail
0,9.89,37.7,34,Masculino,6,37.6,0,1,44.2,0,Agroindustria
0,12.79,38.6,37,Femenino,6,44.3,0,2,56.2,1,Comercio & Retail
0,14.25,52.6,58,Femenino,10,47.0,0,1,56.0,1,Tecnología
0,10.04,37.3,63,Masculino,6,48.9,0,1,12.8,1,Comercio & Retail
0,9.72,33.7,29,Masculino,5,26.4,0,4,24.6,1,Comercio & Retail
0,15.58,58.1,23,Masculino,10,48.6,0,1,17.4,0,Comercio & Retail
0,17.21,74.7,34,Masculino,14,49.5,0,1,21.3,0,Manufactura
0,10.78,52.0,36,Masculino,13,54.0,0,1,13.7,1,Logística
0,12.51,55.6,43,Femenino,10,56.0,0,2,13.0,0,Comercio & Retail
0,16.19,76.8,61,Femenino,15,73.6,0,4,22.7,0,Servicios Personales
1,48.97,76.9,61,Femenino,17,37.0,1,45,38.3,1,Logística
0,17.11,80.1,49,Masculino,12,55.5,0,2,15.8,1,Comercio & Retail
0,11.31,50.2,23,Femenino,9,30.5,0,8,35.9,0,Comercio & Retail
1,53.1,84.0,53,Masculino,16,44.4,1,45,33.5,0,Comercio & Retail
1,45.75,74.5,55,Femenino,16,42.2,1,45,36.2,1,Manufactura
1,40.55,56.0,28,Femenino,11,37.8,1,120,64.4,1,Manufactura
0,14.58,78.4,50,Masculino,15,59.2,0,1,9.6,0,Comercio & Retail
0,8.41,29.2,41,Femenino,7,37.8,0,2,75.8,1,Tecnología
0,10.41,30.5,40,Femenino,2,39.8,0,2,17.0,0,Manufactura
0,9.84,26.7,32,Masculino,6,50.3,0,1,20.7,1,Logística
0,13.86,67.8,44,Femenino,11,60.4,0,1,2.8,1,Manufactura
0,12.6,52.3,28,Masculino,10,30.2,0,4,6.3,0,Comercio & Retail
1,55.15,91.6,34,Masculino,14,42.2,1,120,4.3,1,Agroindustria
0,12.3,40.8,31,Masculino,4,39.8,0,1,12.5,0,Agroindustria
0,10.89,40.9,44,Masculino,4,50.9,0,1,40.6,0,Agroindustria
1,42.84,68.4,35,Femenino,13,42.7,1,45,37.6,1,Comercio & Retail
0,10.66,45.1,45,Masculino,5,39.8,0,1,53.1,1,Comercio & Retail
0,14.36,58.6,64,Femenino,9,54.5,0,2,24.8,0,Comercio & Retail
0,10.27,35.6,64,Femenino,10,61.0,1,1,54.7,1,Comercio & Retail
0,13.75,38.3,21,Femenino,8,47.9,0,1,45.1,0,Servicios Personales
0,11.79,53.7,24,Femenino,12,36.4,0,2,24.8,0,Manufactura
0,8.06,15.2,62,Masculino,2,42.2,0,1,31.0,0,Comercio & Retail
1,52.41,80.4,52,Femenino,17,43.2,1,45,21.4,1,Comercio & Retail
0,12.59,56.2,26,Masculino,9,64.3,1,1,62.7,0,Agroindustria
0,15.86,62.7,25,Femenino,9,48.3,0,4,26.2,0,Servicios Personales
1,57.87,100.0,62,Femenino,20,36.0,1,12,15.2,1,Logística
0,12.99,47.4,34,Masculino,5,56.2,0,4,42.1,1,Tecnología
0,9.28,28.4,34,Femenino,6,43.1,0,4,21.3,0,Comercio & Retail
1,49.04,70.0,50,Masculino,15,42.9,1,120,19.4,1,Servicios Personales
0,8.78,28.4,49,Femenino,4,79.2,0,1,66.2,1,Logística
0,12.91,56.3,25,Femenino,12,44.4,0,2,33.6,1,Servicios Personales
0,10.5,35.8,36,Femenino,8,32.3,0,1,7.2,0,Logística
0,9.31,34.9,55,Masculino,4,58.8,0,4,28.5,1,Tecnología
1,33.25,56.0,20,Femenino,12,46.2,1,45,10.9,1,Servicios Personales
0,17.68,71.1,22,Femenino,12,49.6,0,2,44.7,1,Logística
0,11.15,42.8,30,Femenino,10,60.0,0,2,15.3,0,Servicios Personales
1,55.94,95.6,64,Masculino,18,44.0,1,12,24.1,1,Comercio & Retail
0,13.43,45.1,63,Masculino,7,52.9,0,1,20.2,1,Logística
1,48.63,69.2,48,Masculino,13,45.9,1,12,12.6,1,Manufactura
0,13.49,61.4,33,Femenino,11,53.4,0,8,5.7,1,Servicios Personales
1,48.8,70.2,49,Masculino,14,46.6,1,120,25.0,0,Comercio & Retail
0,11.11,46.4,39,Masculino,8,62.1,0,1,29.9,0,Servicios Personales
0,12.86,32.3,46,Masculino,5,43.5,0,1,35.9,0,Manufactura
0,10.19,46.0,39,Masculino,7,51.2,0,1,52.1,0,Servicios Personales
1,49.16,60.5,60,Masculino,10,39.9,1,45,3.3,1,Comercio & Retail
0,12.65,62.5,20,Femenino,13,53.8,0,2,12.0,0,Logística
0,12.68,68.9,27,Masculino,10,57.8,0,2,59.2,0,Comercio & Retail
0,13.05,55.3,59,Masculino,11,34.4,0,1,55.9,1,Manufactura
1,50.98,76.0,38,Femenino,17,42.8,1,12,30.2,1,Logística
0,11.82,53.5,33,Femenino,10,71.9,0,1,14.1,0,Manufactura
0,9.7,39.3,29,Masculino,8,49.0,0,1,31.7,0,Comercio & Retail
0,15.47,67.7,19,Femenino,12,32.2,0,2,29.0,0,Agroindustria
0,9.46,25.6,58,Masculino,3,57.4,0,1,17.5,0,Tecnología
0,6.09,34.3,41,Femenino,3,72.9,0,2,47.3,0,Manufactura
0,9.4,50.4,52,Femenino,9,62.9,0,2,51.1,0,Comercio & Retail
0,11.46,38.1,47,Femenino,6,35.8,0,1,21.7,1,Logística
0,13.45,42.9,47,Femenino,8,32.9,0,1,29.6,0,Comercio & Retail
1,52.0,79.3,64,Femenino,14,37.8,1,45,37.2,1,Comercio & Retail
0,13.7,60.6,52,Femenino,12,41.6,0,1,30.7,1,Logística
1,41.66,57.6,36,Masculino,10,40.4,1,12,12.5,1,Logística
0,15.0,65.5,25,Masculino,10,38.1,0,4,51.9,1,Tecnología
0,9.86,46.1,43,Femenino,8,45.6,0,1,18.4,0,Comercio & Retail
0,14.38,66.0,57,Masculino,13,37.3,0,1,32.1,0,Tecnología
1,47.15,64.7,24,Masculino,13,41.4,1,45,10.3,1,Tecnología
1,44.65,72.9,47,Masculino,14,43.1,1,12,55.8,1,Agroindustria
1,47.76,79.1,24,Masculino,14,44.7,1,120,41.3,1,Comercio & Retail
0,13.78,62.8,20,Femenino,10,42.9,0,1,57.6,0,Servicios Personales
0,10.55,47.9,18,Femenino,7,38.9,0,1,29.0,0,Manufactura
1,47.1,63.1,53,Femenino,9,48.3,1,12,56.1,1,Servicios Personales
1,46.49,55.8,42,Femenino,10,49.1,1,12,6.2,1,Manufactura
1,40.51,57.0,54,Masculino,7,46.8,1,450,39.9,0,Servicios Personales
1,53.64,89.5,18,Femenino,16,38.9,1,45,8.6,1,Comercio & Retail
1,45.56,72.5,32,Masculino,16,43.4,1,12,20.7,1,Manufactura
0,12.84,62.9,54,Masculino,10,37.1,0,4,14.2,0,Servicios Personales
1,42.75,52.4,30,Masculino,14,43.6,1,12,31.4,1,Manufactura
0,14.65,75.0,57,Masculino,12,59.1,0,1,46.5,1,Manufactura
0,11.52,46.3,25,Femenino,8,39.1,0,1,14.5,0,Manufactura
0,14.38,55.2,22,Masculino,12,50.0,0,2,7.1,1,Manufactura
0,7.83,25.5,26,Femenino,7,52.2,0,1,13.4,1,Servicios Personales
0,11.14,41.6,18,Masculino,7,54.9,0,2,11.1,0,Logística
0,13.78,75.2,53,Masculino,12,29.3,0,2,49.2,1,Logística
1,46.02,65.4,52,Masculino,12,43.0,1,120,17.3,1,Logística
1,57.81,91.0,19,Femenino,20,29.7,1,45,30.5,1,Manufactura
1,44.35,49.1,57,Masculino,9,48.1,1,45,32.2,1,Comercio & Retail
0,15.68,60.3,40,Femenino,8,52.8,0,1,58.2,0,Manufactura
1,56.06,78.0,26,Femenino,14,37.1,1,45,38.7,1,Manufactura
0,11.98,54.6,51,Masculino,10,44.9,0,4,26.7,0,Servicios Personales
0,12.02,56.3,63,Femenino,8,68.7,0,4,67.8,0,Servicios Personales
0,13.04,54.9,31,Masculino,8,35.7,0,2,69.4,1,Comercio & Retail
0,9.91,42.1,21,Femenino,9,32.6,0,4,27.2,0,Comercio & Retail
1,45.25,67.5,47,Masculino,14,41.7,1,12,11.1,0,Logística
0,14.61,77.2,48,Femenino,12,52.4,0,1,20.3,0,Manufactura
0,10.34,49.8,55,Masculino,7,48.5,0,2,22.6,0,Comercio & Retail
1,59.76,100.0,28,Masculino,17,41.1,1,12,57.8,1,Comercio & Retail
0,11.78,49.0,52,Masculino,7,55.8,0,1,32.4,1,Comercio & Retail
0,11.13,35.9,25,Femenino,7,44.4,0,2,24.9,0,Comercio & Retail
1,48.24,70.8,20,Masculino,14,35.5,1,120,41.2,1,Logística
1,57.98,86.9,31,Femenino,16,42.3,1,45,16.9,1,Tecnología
0,13.84,58.9,30,Femenino,11,68.4,0,1,16.6,1,Manufactura
0,9.2,35.6,62,Femenino,5,37.3,0,1,26.0,1,Comercio & Retail
1,51.91,75.4,49,Masculino,10,43.3,1,45,35.7,1,Manufactura
0,9.17,32.6,51,Femenino,5,60.0,0,1,30.3,0,Servicios Personales
1,57.36,94.2,62,Masculino,19,39.9,1,45,53.4,1,Comercio & Retail
0,13.01,61.6,36,Masculino,11,40.6,0,1,68.5,1,Comercio & Retail
0,17.25,76.1,55,Femenino,13,55.6,0,1,39.5,0,Logística
0,13.12,53.6,33,Masculino,9,34.7,0,2,24.1,1,Tecnología
1,49.35,84.3,19,Femenino,17,44.0,1,120,30.5,1,Agroindustria
0,14.62,67.2,57,Masculino,8,60.4,0,2,38.2,0,Manufactura
0,12.0,42.0,34,Femenino,7,47.0,0,2,46.5,0,Comercio & Retail
1,49.69,66.3,51,Masculino,11,34.3,1,120,49.4,1,Comercio & Retail
1,38.56,54.1,59,Femenino,13,40.1,1,120,68.0,1,Tecnología
1,52.67,87.0,33,Femenino,18,50.1,1,12,45.1,1,Comercio & Retail
1,54.07,78.0,55,Femenino,16,41.0,1,45,5.4,1,Servicios Personales
0,16.38,74.3,19,Femenino,15,65.4,0,1,15.7,0,Logística
0,7.72,25.8,19,Femenino,7,43.3,0,2,32.9,0,Servicios Personales
0,10.31,39.5,43,Femenino,7,39.6,1,1,24.4,0,Comercio & Retail
0,10.09,34.3,30,Femenino,7,26.4,0,2,21.8,1,Agroindustria
0,14.51,61.9,64,Masculino,9,41.4,0,4,9.1,0,Logística
0,6.99,18.3,48,Masculino,3,57.6,0,1,23.6,0,Comercio & Retail
1,50.99,81.3,51,Masculino,15,40.2,1,45,13.1,1,Comercio & Retail
0,13.75,45.8,56,Masculino,6,53.1,0,2,49.4,1,Logística
0,10.29,33.0,20,Masculino,6,77.4,0,1,61.0,0,Logística
0,8.1,38.5,25,Masculino,8,66.3,0,4,8.5,0,Comercio & Retail
0,11.91,32.2,40,Femenino,5,50.5,0,1,33.5,0,Servicios Personales
0,13.13,59.0,31,Masculino,12,33.6,0,1,8.6,0,Logística
0,12.51,29.2,44,Femenino,6,65.4,0,1,55.9,0,Comercio & Retail
0,13.06,60.0,46,Masculino,12,39.7,0,1,13.0,0,Servicios Personales
0,16.63,74.1,56,Masculino,14,49.7,0,1,27.2,0,Comercio & Retail
0,13.39,35.1,56,Femenino,8,38.0,0,2,48.4,0,Servicios Personales
0,8.28,41.0,18,Masculino,7,57.7,0,2,14.3,0,Comercio & Retail
0,9.78,37.7,34,Femenino,7,40.1,0,4,27.5,0,Comercio & Retail
0,10.48,39.9,58,Femenino,6,46.4,0,1,9.2,0,Comercio & Retail
1,47.76,65.8,47,Femenino,8,43.3,1,12,14.1,1,Servicios Personales
0,9.64,39.8,30,Masculino,10,57.1,0,1,29.6,0,Comercio & Retail
0,11.83,33.9,38,Masculino,5,51.7,0,1,3.4,1,Logística
0,11.91,49.8,36,Masculino,8,48.4,0,2,11.2,0,Servicios Personales
0,11.66,53.9,36,Femenino,11,49.1,0,2,19.5,0,Comercio & Retail
1,42.14,58.7,42,Masculino,10,39.4,1,120,59.8,1,Tecnología
0,8.23,5.0,39,Masculino,0,41.7,0,2,16.6,1,Logística
0,13.88,59.5,48,Femenino,12,44.1,0,2,33.9,1,Manufactura
0,11.01,48.3,34,Masculino,15,53.8,0,4,9.6,0,Tecnología
0,14.08,44.6,40,Femenino,8,42.1,0,2,37.6,0,Comercio & Retail
0,8.28,14.7,49,Femenino,3,30.4,0,2,11.4,0,Agroindustria
0,12.66,46.1,27,Femenino,7,38.8,0,1,56.4,0,Servicios Personales
0,16.54,57.1,27,Masculino,7,47.5,0,4,14.1,0,Servicios Personales
1,51.78,77.8,53,Femenino,15,35.5,1,12,51.8,1,Manufactura
0,12.17,38.3,25,Femenino,6,72.2,0,1,26.7,0,Manufactura
0,11.19,45.8,37,Femenino,9,46.0,0,2,21.5,1,Tecnología
1,48.8,76.2,49,Femenino,16,45.8,1,12,29.4,1,Comercio & Retail
0,12.2,56.4,31,Femenino,11,42.5,0,2,11.2,1,Manufactura
0,12.88,59.2,45,Femenino,11,72.6,0,1,27.8,0,Tecnología
1,42.11,59.8,63,Masculino,10,44.9,0,12,69.8,1,Logística
1,42.95,63.3,41,Femenino,14,46.5,1,45,37.6,1,Servicios Personales
0,16.62,74.5,32,Masculino,12,47.2,0,2,16.6,1,Comercio & Retail
1,49.54,80.9,39,Masculino,17,40.0,1,120,19.8,1,Manufactura
1,54.5,83.1,47,Femenino,17,44.0,1,45,18.4,1,Comercio & Retail
0,15.23,71.9,21,Femenino,11,53.3,0,1,48.4,1,Agroindustria
0,9.87,33.7,30,Masculino,10,60.4,0,1,28.9,0,Tecnología
0,7.86,33.5,40,Femenino,11,34.4,0,1,30.7,1,Comercio & Retail
0,9.75,50.9,25,Femenino,8,54.8,0,1,23.5,1,Agroindustria
1,39.44,59.1,35,Femenino,11,38.5,1,12,13.7,1,Logística
0,13.89,49.9,29,Masculino,5,41.7,1,1,19.1,0,Servicios Personales
0,8.29,31.7,48,Masculino,7,67.7,0,1,12.4,0,Servicios Personales
1,44.34,71.9,31,Masculino,13,44.0,1,45,8.3,1,Servicios Personales
1,39.4,59.4,51,Masculino,12,41.2,1,120,28.3,1,Comercio & Retail
0,13.22,64.5,35,Femenino,10,48.4,0,1,37.4,1,Manufactura
0,7.48,41.1,51,Femenino,12,57.8,0,1,36.6,0,Logística
1,47.62,76.4,28,Femenino,16,42.6,1,45,12.4,1,Comercio & Retail
1,36.62,58.3,58,Femenino,9,45.4,1,12,42.3,1,Comercio & Retail
0,9.0,27.1,29,Femenino,5,41.6,0,1,19.3,0,Servicios Personales
0,13.71,62.5,32,Femenino,12,45.2,0,1,16.8,0,Tecnología
0,16.69,63.5,48,Femenino,12,46.4,0,1,26.6,0,Comercio & Retail
1,47.59,70.4,46,Femenino,13,38.7,1,12,27.1,1,Tecnología
0,7.98,24.1,43,Femenino,5,62.4,0,4,27.3,1,Comercio & Retail
0,8.5,26.2,35,Masculino,4,43.7,0,1,21.3,1,Agroindustria
0,13.16,63.9,49,Masculino,11,43.5,0,2,46.4,0,Agroindustria
1,43.11,66.4,39,Masculino,11,36.7,1,450,21.6,1,Comercio & Retail
0,13.94,52.7,55,Femenino,9,26.6,0,1,11.3,0,Comercio & Retail
0,13.3,71.6,34,Femenino,15,72.1,0,1,62.0,0,Manufactura
0,12.78,55.9,40,Femenino,10,45.2,0,1,13.2,0,Comercio & Retail
0,14.79,83.4,41,Femenino,15,64.4,0,1,3.4,0,Logística
1,47.02,69.0,25,Femenino,13,37.9,1,45,44.4,1,Comercio & Retail
0,10.04,27.2,58,Masculino,6,49.7,0,1,24.2,1,Logística
0,10.45,31.8,23,Masculino,7,60.6,0,2,3.8,0,Manufactura
0,9.37,35.4,22,Femenino,5,35.2,0,4,23.1,0,Agroindustria
0,14.21,46.4,61,Femenino,12,54.7,0,4,25.5,0,Comercio & Retail
0,14.52,62.9,46,Femenino,10,39.5,0,1,1.5,1,Servicios Personales
0,15.47,65.7,45,Femenino,15,48.6,0,2,34.9,0,Comercio & Retail
0,12.15,51.4,28,Femenino,12,57.2,0,1,43.5,0,Comercio & Retail
0,12.44,51.9,18,Femenino,5,47.6,0,4,26.7,0,Manufactura
0,11.94,41.9,60,Femenino,8,29.5,0,2,53.0,0,Logística
0,9.36,25.8,36,Femenino,2,35.5,0,2,55.6,1,Servicios Personales
0,14.84,65.0,26,Femenino,11,25.7,0,1,13.4,0,Tecnología
1,55.2,100.0,44,Femenino,21,43.6,1,45,50.9,1,Comercio & Retail
0,9.89,49.1,51,Femenino,10,69.9,0,1,41.0,0,Comercio & Retail
0,13.4,60.8,61,Masculino,11,52.9,0,1,22.7,1,Servicios Personales
0,11.03,53.8,21,Femenino,10,42.0,0,1,70.8,1,Servicios Personales
1,53.27,83.0,53,Masculino,11,43.4,1,12,49.9,1,Manufactura
0,11.03,30.8,35,Masculino,9,48.7,0,2,28.3,0,Manufactura
0,13.99,61.4,32,Masculino,12,53.4,0,2,26.2,1,Manufactura
0,12.57,42.8,30,Masculino,7,35.5,0,2,35.1,0,Manufactura
0,11.07,41.9,36,Masculino,7,48.5,1,1,12.2,0,Servicios Personales
0,8.43,20.6,23,Masculino,5,43.5,0,1,37.7,0,Servicios Personales
0,11.22,36.5,29,Femenino,10,48.6,0,2,12.0,0,Manufactura
0,10.05,23.6,54,Femenino,6,49.2,0,4,21.5,0,Servicios Personales
0,15.37,87.6,34,Masculino,16,65.6,0,1,16.1,0,Servicios Personales
0,12.2,46.8,40,Masculino,8,45.7,1,1,13.0,1,Agroindustria
0,6.53,9.4,43,Masculino,3,69.7,0,1,33.8,0,Comercio & Retail
0,11.81,53.3,46,Masculino,6,52.2,0,1,43.6,0,Manufactura
0,16.59,78.6,50,Masculino,11,67.8,0,1,17.6,1,Comercio & Retail
1,48.49,66.0,44,Masculino,12,42.7,1,12,24.4,1,Comercio & Retail
1,41.59,63.3,42,Masculino,11,36.9,1,120,3.5,1,Comercio & Retail
0,8.77,43.9,27,Masculino,7,59.5,0,4,55.6,0,Comercio & Retail
0,10.33,40.7,64,Masculino,8,38.7,0,2,22.2,0,Servicios Personales
0,9.78,24.7,40,Masculino,7,54.7,0,8,23.1,1,Servicios Personales
0,13.51,52.2,38,Masculino,12,51.5,0,1,23.4,0,Manufactura
0,12.31,54.5,38,Masculino,10,63.2,0,1,7.2,0,Servicios Personales
0,11.94,52.8,60,Femenino,8,31.8,0,8,17.1,0,Comercio & Retail
0,8.99,40.7,30,Femenino,7,41.7,0,4,58.1,0,Logística
0,10.68,46.1,54,Masculino,8,52.6,0,2,17.4,1,Comercio & Retail
0,12.45,55.4,50,Masculino,10,49.1,0,1,8.2,0,Logística
0,15.37,76.1,41,Femenino,15,51.3,0,1,24.7,0,Manufactura
1,38.26,53.1,61,Femenino,11,41.0,1,12,62.5,1,Comercio & Retail
0,13.83,55.1,28,Masculino,9,43.6,0,2,14.6,0,Manufactura
0,8.03,35.9,34,Masculino,8,40.6,1,1,54.8,1,Logística
0,15.93,82.1,21,Masculino,16,38.9,1,1,29.4,1,Servicios Personales
0,11.82,51.8,64,Masculino,13,46.4,0,2,52.7,0,Servicios Personales
1,40.03,59.1,42,Femenino,14,43.1,1,45,53.7,1,Comercio & Retail
1,43.98,59.8,47,Femenino,13,49.0,1,120,54.6,0,Logística
0,11.07,56.9,26,Femenino,10,41.9,0,1,41.4,0,Logística
0,18.47,77.4,38,Masculino,15,36.7,0,1,8.9,0,Servicios Personales
0,9.34,22.5,37,Femenino,4,46.5,0,1,26.9,0,Comercio & Retail
1,49.16,64.8,36,Masculino,16,45.1,0,450,25.3,1,Tecnología
1,49.07,79.1,36,Masculino,13,48.4,0,450,35.2,1,Comercio & Retail
1,41.78,63.7,29,Masculino,12,46.4,1,12,22.2,1,Logística
0,10.8,41.6,54,Masculino,7,42.4,0,1,12.7,0,Manufactura
0,14.97,74.6,59,Femenino,14,56.3,0,2,80.7,0,Servicios Personales
0,14.22,61.5,34,Masculino,14,57.1,0,1,27.3,1,Manufactura
0,11.86,53.7,54,Femenino,7,56.8,0,2,16.8,1,Servicios Personales
0,15.6,48.8,56,Femenino,7,30.8,0,4,52.0,1,Logística
0,9.4,36.2,45,Femenino,6,47.6,0,1,25.8,0,Manufactura
0,12.72,62.4,58,Femenino,12,37.6,0,1,28.6,1,Manufactura
0,12.32,52.6,52,Masculino,10,48.3,1,2,17.7,0,Tecnología
1,55.53,100.0,64,Masculino,18,34.6,1,12,40.1,1,Comercio & Retail
0,11.46,35.3,35,Femenino,4,45.0,1,1,24.9,0,Comercio & Retail
0,10.3,48.4,31,Femenino,7,51.8,0,1,7.0,0,Tecnología
1,40.98,55.7,52,Masculino,10,45.0,1,45,16.6,1,Logística
1,43.15,67.0,61,Masculino,13,42.0,0,45,13.5,1,Servicios Personales
1,51.04,81.8,58,Femenino,12,44.3,0,12,16.0,1,Comercio & Retail
0,11.15,51.4,24,Masculino,10,46.9,0,2,16.1,1,Comercio & Retail
0,15.4,61.2,58,Masculino,11,58.4,0,1,36.8,0,Comercio & Retail
0,15.44,75.6,30,Masculino,10,46.0,0,4,22.3,0,Manufactura
1,57.14,84.3,35,Femenino,14,39.8,1,120,21.9,1,Agroindustria
1,41.52,50.8,54,Masculino,8,42.5,1,12,25.0,1,Manufactura
0,9.73,31.9,30,Masculino,8,63.5,0,2,21.0,0,Comercio & Retail
1,59.38,88.7,53,Masculino,13,42.1,1,45,44.1,1,Manufactura
1,48.67,76.6,48,Masculino,16,46.7,1,45,23.8,1,Tecnología
0,11.21,47.8,19,Masculino,8,43.0,0,1,30.3,1,Tecnología
1,51.03,69.3,33,Femenino,11,38.9,1,120,38.8,1,Comercio & Retail
0,11.59,48.9,26,Masculino,9,49.4,0,8,27.8,0,Comercio & Retail
0,10.89,65.1,26,Masculino,12,60.2,0,2,29.3,1,Comercio & Retail
0,9.34,31.6,55,Masculino,4,39.2,0,1,33.3,1,Manufactura
0,11.93,47.4,28,Femenino,9,44.8,0,2,19.6,1,Comercio & Retail
0,12.93,50.5,39,Femenino,8,60.8,0,1,9.8,0,Logística
0,11.15,44.7,50,Masculino,9,52.3,0,1,7.7,0,Servicios Personales
0,9.97,5.0,53,Masculino,0,41.5,0,2,42.9,1,Logística
0,17.73,92.4,62,Femenino,18,70.6,0,2,33.1,0,Tecnología
0,9.18,31.5,40,Masculino,1,36.0,0,1,13.3,1,Manufactura
0,11.61,55.6,62,Femenino,12,48.1,1,2,43.7,0,Manufactura
0,11.7,29.7,62,Masculino,5,62.4,0,1,36.9,0,Logística
0,9.93,35.0,51,Masculino,5,67.8,0,4,22.1,1,Comercio & Retail
0,13.86,59.1,26,Femenino,11,57.1,0,1,50.4,0,Agroindustria
0,13.36,47.3,41,Masculino,13,49.6,0,1,33.7,0,Tecnología
0,9.48,34.8,25,Masculino,6,59.2,0,2,25.9,0,Tecnología
0,12.34,57.0,24,Femenino,6,43.6,0,1,31.3,1,Servicios Personales
0,14.0,49.0,53,Masculino,5,30.9,0,1,10.9,0,Agroindustria
0,13.61,76.0,35,Femenino,11,52.6,0,1,42.7,1,Servicios Personales
0,12.54,45.2,20,Masculino,6,46.3,0,1,32.5,0,Manufactura
0,16.23,69.7,45,Femenino,15,47.0,1,2,22.7,1,Manufactura
0,10.38,41.6,23,Femenino,6,36.7,0,1,22.3,0,Tecnología
1,47.5,69.0,61,Femenino,12,52.9,1,45,30.2,1,Manufactura
0,15.16,75.7,61,Femenino,16,51.7,0,1,50.7,0,Servicios Personales
0,9.76,37.8,38,Masculino,10,70.9,0,1,9.8,0,Agroindustria
0,9.29,36.1,45,Femenino,3,39.0,0,2,20.7,1,Manufactura
0,14.58,58.5,57,Femenino,12,54.6,0,1,31.3,1,Comercio & Retail
1,43.31,57.3,18,Masculino,9,41.2,1,45,6.5,1,Comercio & Retail
0,10.93,39.2,53,Masculino,10,17.7,0,1,55.8,0,Servicios Personales
1,49.79,72.6,38,Masculino,16,42.3,1,45,31.9,1,Manufactura
1,47.08,58.9,60,Masculino,10,36.2,1,45,63.6,1,Manufactura
1,47.72,69.3,52,Masculino,12,40.4,1,120,31.3,1,Manufactura
0,13.48,50.5,30,Femenino,7,50.0,0,1,31.3,1,Comercio & Retail
0,10.17,50.3,27,Femenino,9,73.7,0,2,21.8,0,Manufactura
1,49.67,72.9,61,Masculino,14,38.1,1,45,30.0,1,Servicios Personales
0,13.43,62.9,64,Femenino,11,51.2,0,2,6.3,0,Manufactura
1,55.92,62.2,27,Femenino,11,34.1,1,120,29.1,1,Manufactura
0,15.5,76.7,63,Femenino,14,64.7,0,1,33.3,1,Logística
1,47.4,67.5,30,Femenino,16,45.6,1,45,31.2,1,Agroindustria
1,44.6,57.6,54,Masculino,6,46.6,1,12,28.1,1,Tecnología
0,12.37,45.2,55,Masculino,8,37.7,0,1,37.4,0,Agroindustria
0,15.12,78.1,41,Masculino,16,42.2,0,2,42.3,0,Comercio & Retail
1,54.22,84.1,19,Masculino,18,39.4,1,120,14.7,1,Comercio & Retail
0,13.98,53.3,39,Femenino,9,34.9,0,2,29.2,0,Servicios Personales
0,11.89,44.6,34,Femenino,11,35.5,0,1,36.9,0,Tecnología
0,13.59,54.1,53,Masculino,11,50.6,0,1,7.5,0,Servicios Personales
0,11.27,39.9,31,Femenino,11,33.5,0,1,25.6,1,Manufactura
0,12.06,54.3,27,Femenino,11,47.1,1,1,22.1,1,Comercio & Retail
1,48.59,76.6,52,Masculino,15,42.9,1,45,21.3,1,Servicios Personales
0,9.21,32.7,42,Masculino,3,41.5,0,2,16.2,0,Tecnología
0,11.95,46.4,20,Femenino,8,61.5,0,1,55.3,0,Agroindustria
0,13.58,65.9,64,Masculino,12,47.6,0,1,25.1,0,Tecnología
0,9.13,30.1,55,Masculino,8,32.3,0,4,51.6,0,Servicios Personales
1,45.96,60.6,34,Femenino,11,41.1,1,120,30.1,1,Agroindustria
1,54.88,83.6,29,Masculino,14,36.9,1,120,8.2,1,Comercio & Retail
1,54.09,83.6,41,Femenino,16,36.7,1,450,12.9,1,Comercio & Retail
0,11.22,51.5,46,Masculino,11,59.8,1,1,54.0,0,Comercio & Retail
1,53.68,80.7,60,Masculino,16,44.0,1,12,30.1,1,Comercio & Retail
0,15.89,72.6,42,Masculino,11,43.3,0,1,57.6,0,Servicios Personales
0,15.01,56.7,53,Femenino,9,51.3,0,2,4.5,1,Manufactura
0,11.93,37.0,43,Femenino,4,55.8,0,1,31.0,0,Agroindustria
0,10.66,31.1,55,Femenino,6,45.9,0,1,32.1,0,Comercio & Retail
0,11.51,51.4,18,Masculino,10,55.9,0,2,10.4,1,Comercio & Retail
0,13.0,54.3,37,Femenino,10,46.7,0,2,57.3,0,Comercio & Retail
1,51.65,77.1,45,Femenino,11,39.2,1,12,34.0,1,Logística
1,47.07,73.9,33,Femenino,17,39.5,1,12,35.8,1,Servicios Personales
0,12.85,69.6,64,Femenino,13,50.7,1,2,8.9,0,Comercio & Retail
0,15.18,73.7,34,Femenino,13,47.5,0,1,19.6,0,Manufactura
1,54.26,90.4,57,Masculino,17,45.4,1,450,40.9,1,Manufactura
0,11.16,48.5,45,Femenino,9,43.2,0,1,28.3,0,Tecnología
0,10.35,43.7,29,Femenino,8,35.7,0,1,21.7,1,Servicios Personales
1,57.49,94.3,44,Masculino,15,47.3,0,12,19.9,1,Manufactura
0,12.73,60.3,59,Masculino,12,57.1,0,2,56.3,1,Manufactura
0,12.22,50.8,64,Femenino,10,52.1,0,1,43.3,0,Manufactura
1,49.25,64.3,47,Femenino,10,45.9,1,45,40.0,1,Comercio & Retail
0,12.67,52.3,58,Masculino,9,49.6,0,1,59.9,1,Servicios Personales
0,10.95,42.0,51,Femenino,10,36.3,0,1,15.1,0,Manufactura
0,12.15,64.8,54,Masculino,10,29.6,0,1,26.6,1,Logística
0,12.03,47.0,23,Femenino,9,71.0,0,2,24.9,0,Comercio & Retail
0,13.56,58.9,24,Femenino,12,53.7,0,1,21.0,0,Logística
0,18.46,93.6,49,Femenino,13,35.4,0,1,39.9,1,Agroindustria
0,12.4,44.7,49,Masculino,8,49.7,0,1,29.0,0,Logística
1,44.55,67.7,42,Masculino,13,43.8,1,120,9.5,1,Tecnología
0,10.84,44.1,50,Femenino,5,42.4,0,4,32.1,1,Servicios Personales
0,13.13,53.7,24,Masculino,12,52.0,0,2,25.0,0,Comercio & Retail
0,12.36,68.6,29,Femenino,12,52.4,0,4,14.4,1,Comercio & Retail
1,49.12,64.2,33,Femenino,10,40.5,1,450,62.2,1,Comercio & Retail
0,12.84,68.3,33,Masculino,10,22.2,0,1,40.9,0,Manufactura
0,10.1,57.6,60,Femenino,9,35.7,0,4,39.3,0,Comercio & Retail
0,10.85,36.0,53,Masculino,8,39.6,1,1,30.6,0,Manufactura
0,13.45,59.4,30,Masculino,10,54.8,0,1,18.8,0,Manufactura
0,7.77,33.5,24,Masculino,8,62.4,0,2,12.7,0,Comercio & Retail
1,48.02,83.3,53,Masculino,14,40.0,1,450,27.3,1,Servicios Personales
0,10.23,33.7,64,Femenino,2,38.8,0,2,37.8,1,Manufactura
0,10.4,53.2,26,Femenino,9,43.6,0,8,42.6,1,Tecnología
0,11.27,28.8,49,Femenino,3,32.5,1,1,29.6,1,Manufactura
0,9.6,38.9,28,Femenino,6,45.4,0,1,18.2,0,Servicios Personales
0,12.13,46.7,25,Masculino,8,47.3,0,1,21.3,0,Comercio & Retail
0,16.67,84.7,50,Femenino,15,70.9,0,2,30.1,0,Manufactura
1,45.09,67.9,40,Masculino,14,33.9,1,45,6.2,1,Servicios Personales
1,57.99,76.9,42,Femenino,10,45.5,1,12,3.0,1,Comercio & Retail
1,46.21,56.7,25,Masculino,10,41.1,1,45,28.8,1,Agroindustria
0,14.48,83.4,62,Masculino,14,33.6,1,2,35.6,1,Comercio & Retail
0,13.13,54.5,39,Masculino,14,45.6,0,1,34.4,0,Comercio & Retail
0,11.4,41.2,21,Femenino,8,36.3,0,1,33.3,1,Agroindustria
1,53.14,76.2,57,Masculino,13,35.3,1,120,17.4,0,Comercio & Retail
0,14.03,42.2,20,Femenino,6,53.2,0,1,6.8,0,Logística
0,12.49,51.3,46,Femenino,9,34.7,0,2,50.7,1,Comercio & Retail
0,15.58,73.6,58,Femenino,12,58.8,0,2,15.7,0,Comercio & Retail
1,46.05,68.2,46,Masculino,8,46.8,1,120,17.2,1,Comercio & Retail
0,13.48,39.4,51,Femenino,9,64.0,0,8,3.7,0,Servicios Personales
0,9.94,41.0,51,Masculino,4,53.5,0,1,41.3,0,Servicios Personales
0,12.77,58.6,45,Masculino,12,48.1,0,2,35.1,0,Servicios Personales
0,12.72,51.5,30,Femenino,7,50.9,0,1,22.6,1,Agroindustria
0,9.46,38.5,32,Femenino,7,49.0,0,8,14.6,0,Servicios Personales
0,17.24,80.3,40,Masculino,15,52.9,0,2,33.6,0,Servicios Personales
0,12.09,49.2,61,Femenino,7,35.8,0,1,11.4,0,Tecnología
1,45.36,60.0,43,Masculino,13,40.5,1,45,43.7,1,Servicios Personales
1,46.97,66.2,21,Femenino,14,35.5,1,12,13.2,1,Comercio & Retail
0,12.29,65.1,43,Masculino,13,59.7,0,2,41.4,0,Servicios Personales
0,9.71,34.7,57,Femenino,9,43.6,0,2,15.8,0,Manufactura
0,9.06,51.5,26,Femenino,8,55.8,0,1,52.4,1,Agroindustria
0,14.23,57.7,22,Masculino,7,64.5,0,1,35.7,0,Manufactura
0,7.03,14.4,49,Femenino,3,53.3,0,1,3.4,1,Comercio & Retail
0,13.43,73.6,37,Femenino,13,55.8,0,1,21.3,1,Tecnología
0,14.23,70.4,28,Femenino,13,55.7,0,1,67.6,0,Comercio & Retail
0,14.54,56.1,32,Femenino,12,41.7,0,1,51.5,0,Comercio & Retail
0,11.2,35.4,49,Masculino,0,33.6,0,2,62.6,0,Servicios Personales
0,16.34,62.5,45,Masculino,9,69.2,0,2,43.3,0,Servicios Personales
1,50.04,75.4,39,Masculino,12,46.2,1,12,2.1,0,Servicios Personales
0,12.96,75.4,58,Masculino,15,62.1,0,2,30.9,1,Comercio & Retail
0,10.89,43.9,34,Femenino,11,62.3,0,2,34.7,0,Comercio & Retail
0,15.71,60.7,43,Femenino,11,36.8,1,1,17.7,0,Comercio & Retail
0,12.18,41.7,61,Masculino,7,33.0,0,4,32.8,1,Logística
0,15.56,69.2,24,Masculino,11,51.7,0,1,33.0,1,Comercio & Retail
0,9.91,45.1,59,Femenino,9,45.1,0,1,13.5,0,Servicios Personales
0,12.2,56.3,43,Femenino,7,36.3,0,2,14.3,1,Agroindustria
0,9.38,32.8,42,Masculino,6,18.5,0,4,17.6,0,Manufactura
0,12.11,46.1,27,Masculino,6,55.0,0,2,21.2,0,Comercio & Retail
0,13.36,51.5,62,Masculino,11,44.0,0,1,38.3,0,Manufactura
0,10.13,34.6,36,Femenino,5,72.3,0,1,9.7,1,Tecnología
0,8.88,37.7,28,Masculino,9,55.6,1,1,48.8,1,Comercio & Retail
1,45.71,75.7,30,Femenino,15,44.3,1,120,17.9,1,Agroindustria
0,9.93,24.9,25,Femenino,5,47.5,0,1,79.3,1,Tecnología
0,16.3,68.5,57,Masculino,12,34.9,0,8,69.8,0,Manufactura
0,15.1,70.0,21,Femenino,12,64.1,0,1,26.1,0,Logística
0,11.44,50.9,64,Femenino,9,60.6,0,1,38.9,1,Comercio & Retail
0,11.85,56.5,48,Masculino,12,50.4,0,1,20.1,0,Comercio & Retail
0,12.15,55.1,45,Masculino,9,22.3,0,2,8.6,0,Logística
1,50.49,76.5,28,Masculino,13,46.4,1,12,18.3,1,Tecnología
0,9.62,37.3,60,Femenino,6,10.0,0,2,21.5,0,Servicios Personales
1,51.17,78.7,18,Femenino,17,33.6,1,45,60.1,1,Comercio & Retail
1,44.35,62.4,64,Masculino,15,35.5,1,45,48.6,1,Servicios Personales
0,9.2,25.2,55,Masculino,2,42.5,0,1,29.3,0,Servicios Personales
1,53.7,81.6,41,Masculino,14,49.4,1,45,36.4,1,Manufactura
1,43.31,61.3,64,Femenino,8,33.7,1,12,64.0,1,Comercio & Retail
1,48.71,77.4,48,Femenino,15,45.2,1,12,17.6,1,Tecnología
1,41.25,57.0,58,Masculino,14,39.7,1,120,41.9,1,Comercio & Retail
0,9.41,34.3,63,Masculino,6,31.4,0,2,14.7,0,Comercio & Retail
1,46.48,74.7,43,Femenino,12,39.8,1,120,42.5,1,Comercio & Retail
0,12.75,51.2,22,Femenino,7,57.9,0,2,51.8,0,Manufactura
1,40.48,52.7,37,Femenino,12,41.0,1,120,30.6,1,Tecnología
1,49.03,74.8,58,Femenino,10,36.2,1,120,3.3,1,Servicios Personales
0,10.59,32.2,28,Femenino,7,40.8,0,1,15.6,0,Comercio & Retail
0,13.41,31.1,50,Femenino,5,30.0,0,2,24.1,0,Comercio & Retail
1,49.3,64.0,55,Masculino,11,37.9,1,120,6.0,1,Comercio & Retail
0,14.06,62.2,44,Femenino,12,57.8,0,2,15.5,1,Logística
0,11.55,47.7,51,Masculino,9,38.4,0,1,26.8,1,Comercio & Retail
0,10.54,43.1,32,Femenino,7,30.8,0,4,28.3,1,Comercio & Retail
0,13.78,57.3,49,Masculino,8,44.2,0,2,19.9,1,Logística
0,12.54,58.2,38,Femenino,6,36.8,0,2,31.2,1,Logística
1,48.51,70.0,63,Masculino,13,36.3,1,450,31.9,1,Manufactura
0,8.03,16.7,22,Masculino,2,57.6,0,4,17.0,0,Logística
0,12.72,72.1,23,Masculino,14,38.0,0,1,22.3,0,Comercio & Retail
0,16.31,74.7,55,Masculino,10,47.8,0,1,36.3,0,Comercio & Retail
0,15.76,71.1,39,Femenino,12,48.9,0,1,18.9,0,Manufactura
0,16.79,76.4,35,Masculino,12,49.9,0,1,10.1,1,Manufactura
0,11.92,63.3,31,Masculino,10,40.0,0,1,32.1,1,Comercio & Retail
0,13.24,60.4,27,Masculino,9,50.3,0,2,63.7,0,Manufactura
1,49.87,71.5,63,Femenino,14,49.9,1,45,24.1,1,Servicios Personales
0,9.02,41.4,30,Masculino,3,38.6,0,1,34.0,0,Manufactura
0,10.89,46.7,48,Femenino,15,53.5,1,8,37.0,0,Tecnología
0,11.32,44.7,47,Femenino,6,38.5,0,1,63.2,0,Comercio & Retail
1,42.03,55.8,20,Femenino,9,42.8,1,12,32.5,1,Comercio & Retail
1,40.89,66.3,47,Femenino,15,38.6,0,12,40.5,1,Logística
1,55.92,90.4,23,Masculino,18,44.7,0,45,52.2,1,Tecnología
1,47.22,64.9,46,Masculino,11,34.9,1,45,35.6,1,Manufactura
0,6.49,17.7,25,Masculino,5,40.5,0,1,9.7,0,Agroindustria
1,50.11,70.6,61,Masculino,13,38.6,1,120,25.7,1,Agroindustria
1,41.51,68.0,62,Masculino,10,36.8,1,45,32.0,1,Servicios Personales
1,38.77,55.8,60,Masculino,6,38.7,1,120,36.8,1,Comercio & Retail
0,13.85,65.3,61,Femenino,11,58.8,0,4,11.8,0,Comercio & Retail
0,9.34,34.2,50,Masculino,5,57.3,0,1,6.6,0,Logística
1,44.43,68.8,34,Masculino,11,47.9,1,12,55.6,1,Comercio & Retail
0,9.87,34.6,28,Masculino,7,35.9,0,2,28.6,0,Comercio & Retail
0,9.77,35.0,30,Masculino,3,40.0,0,2,8.1,0,Manufactura
0,10.59,30.7,28,Masculino,4,38.4,0,1,30.2,0,Servicios Personales
0,13.36,58.9,48,Femenino,8,47.5,1,1,15.4,0,Comercio & Retail
1,37.41,58.4,45,Femenino,12,49.0,0,12,17.9,1,Manufactura
1,57.88,92.3,61,Masculino,15,45.6,1,45,4.8,1,Servicios Personales
1,52.35,87.3,23,Masculino,15,36.4,1,12,7.0,0,Servicios Personales
0,7.35,34.8,58,Masculino,4,62.5,0,1,17.8,1,Comercio & Retail
1,37.36,54.0,33,Femenino,9,46.0,1,45,10.4,1,Servicios Personales
0,11.32,64.2,21,Femenino,8,39.2,0,1,20.9,0,Servicios Personales
0,15.31,76.7,52,Masculino,10,54.1,0,4,23.1,1,Comercio & Retail
0,13.9,71.7,43,Femenino,15,37.6,0,2,27.1,0,Manufactura
0,12.55,56.1,29,Masculino,11,35.6,0,2,16.7,1,Logística
1,53.85,80.2,28,Femenino,13,41.8,1,120,62.4,1,Comercio & Retail
1,40.26,63.6,54,Femenino,18,36.0,1,45,34.9,1,Comercio & Retail
0,7.66,5.7,42,Masculino,4,55.9,0,1,22.7,0,Servicios Personales
0,12.01,39.8,35,Femenino,8,54.1,0,4,15.5,0,Tecnología
0,13.56,66.5,36,Masculino,12,64.3,0,2,44.5,0,Servicios Personales
0,12.68,48.4,40,Masculino,11,52.2,0,2,11.7,1,Servicios Personales
1,41.29,58.9,55,Femenino,14,43.2,1,12,42.2,1,Manufactura
0,12.2,46.7,35,Masculino,9,49.3,0,1,2.7,1,Comercio & Retail
1,51.29,73.1,43,Masculino,11,36.5,1,12,42.3,1,Manufactura
0,8.25,39.6,23,Femenino,7,46.2,0,1,44.6,1,Agroindustria
1,52.61,82.6,21,Femenino,14,48.2,1,12,23.2,1,Comercio & Retail
1,37.19,56.6,61,Femenino,10,46.5,1,120,14.6,1,Tecnología
1,57.72,91.0,46,Masculino,15,35.1,1,45,23.7,1,Comercio & Retail
1,48.82,73.1,51,Masculino,15,38.8,1,120,48.4,1,Agroindustria
0,8.88,39.7,34,Masculino,5,32.9,0,1,9.0,0,Manufactura
0,15.41,81.8,60,Masculino,16,34.2,0,1,49.2,0,Comercio & Retail
1,48.5,70.2,60,Masculino,14,40.5,1,120,7.3,1,Manufactura
0,17.71,59.6,33,Masculino,9,75.1,0,4,45.6,0,Comercio & Retail
0,13.59,74.5,19,Masculino,13,38.4,0,2,38.2,0,Comercio & Retail
0,9.72,49.9,51,Femenino,8,43.2,0,2,7.4,0,Manufactura
1,45.23,56.4,25,Masculino,15,42.7,1,120,22.7,0,Comercio & Retail
0,11.64,43.9,30,Masculino,10,66.6,0,2,39.2,0,Agroindustria
0,13.87,58.3,59,Masculino,13,52.3,0,1,36.6,1,Comercio & Retail
0,13.51,50.0,25,Masculino,8,49.8,0,4,61.3,0,Servicios Personales
0,13.78,59.2,47,Femenino,11,30.3,0,4,10.7,0,Comercio & Retail
0,12.06,60.1,49,Masculino,13,41.8,0,1,40.2,0,Comercio & Retail
0,12.7,51.4,53,Femenino,11,39.9,0,1,7.0,1,Manufactura
1,43.95,70.5,64,Masculino,12,39.6,1,450,49.8,1,Servicios Personales
0,8.13,36.4,47,Femenino,7,60.8,1,1,40.7,0,Agroindustria
0,12.0,34.9,18,Masculino,11,54.7,0,2,60.3,1,Comercio & Retail
0,12.95,45.2,60,Masculino,7,45.3,0,1,40.8,0,Comercio & Retail
0,8.85,50.2,56,Masculino,10,35.2,0,1,19.8,1,Comercio & Retail
0,14.41,55.2,34,Femenino,8,52.9,0,4,11.4,0,Agroindustria
0,11.51,44.1,37,Masculino,9,40.9,0,1,35.9,1,Logística
0,10.58,25.2,41,Masculino,3,59.6,0,2,38.0,0,Manufactura
0,10.47,58.4,39,Masculino,10,49.3,0,2,6.2,1,Servicios Personales
0,9.1,33.6,46,Femenino,10,61.5,1,1,27.8,0,Logística
0,8.01,25.5,39,Masculino,4,61.2,1,1,19.0,0,Manufactura
0,11.89,51.8,61,Femenino,11,60.1,0,1,14.8,1,Manufactura
0,13.67,62.7,26,Masculino,13,57.0,0,2,69.6,0,Agroindustria
1,47.2,54.3,54,Femenino,11,43.9,1,12,32.5,1,Comercio & Retail
0,13.28,67.5,27,Masculino,13,40.9,0,1,30.1,0,Servicios Personales
0,11.17,49.3,53,Masculino,8,44.7,1,4,27.7,0,Servicios Personales
1,40.45,57.7,54,Femenino,9,37.8,1,45,4.1,0,Agroindustria
0,12.81,60.5,45,Masculino,10,45.0,1,1,15.0,0,Comercio & Retail
0,17.98,71.3,45,Masculino,11,56.2,0,4,52.0,1,Manufactura
0,9.32,29.1,59,Femenino,1,66.2,0,2,33.3,1,Logística
1,41.69,57.4,60,Masculino,7,43.7,0,45,24.9,1,Comercio & Retail
0,17.01,83.7,38,Femenino,14,56.1,0,4,31.2,1,Servicios Personales
0,11.92,38.3,41,Femenino,7,56.9,1,2,13.0,0,Comercio & Retail
0,12.84,48.4,59,Femenino,9,40.7,0,1,13.5,1,Comercio & Retail
0,11.27,53.1,57,Masculino,10,40.4,0,1,39.2,0,Tecnología
0,13.35,47.2,19,Femenino,5,54.6,0,2,9.2,1,Servicios Personales
1,48.87,77.2,25,Masculino,16,49.2,1,12,21.2,0,Manufactura
1,47.89,63.4,44,Masculino,10,44.7,1,12,22.6,1,Manufactura
0,9.64,24.7,39,Femenino,7,46.9,0,1,25.5,0,Manufactura
0,12.57,42.7,54,Masculino,12,60.6,0,1,44.1,0,Comercio & Retail
0,13.91,64.6,44,Femenino,9,71.6,0,2,31.6,1,Agroindustria
0,13.84,60.8,46,Masculino,10,52.0,0,1,34.5,0,Manufactura
1,53.53,87.7,20,Femenino,15,37.9,1,12,55.2,0,Tecnología
0,9.28,32.5,61,Femenino,8,33.1,0,1,21.8,0,Logística
1,52.63,73.6,30,Masculino,14,41.7,1,12,12.4,1,Tecnología
0,9.64,37.0,62,Masculino,9,42.1,0,1,48.8,1,Comercio & Retail
0,13.31,64.8,27,Femenino,10,34.3,0,1,11.5,1,Comercio & Retail
0,12.67,60.2,53,Masculino,11,44.4,0,1,38.5,1,Comercio & Retail
0,12.54,50.7,26,Femenino,9,60.5,0,1,24.6,1,Comercio & Retail
0,9.64,48.7,44,Masculino,6,36.3,0,2,59.6,0,Manufactura
0,12.36,63.0,51,Masculino,12,64.3,0,4,11.8,0,Servicios Personales
0,14.15,70.7,18,Femenino,14,68.1,0,1,20.8,1,Agroindustria
0,12.04,49.4,49,Femenino,12,66.6,0,1,34.3,0,Comercio & Retail
1,50.59,77.4,42,Femenino,12,45.5,0,12,34.2,1,Manufactura
0,12.48,49.0,46,Femenino,8,57.9,0,2,6.2,0,Comercio & Retail
0,13.82,73.2,24,Femenino,13,59.2,0,1,28.6,0,Tecnología
0,11.7,46.3,20,Masculino,11,40.2,0,1,22.3,0,Servicios Personales
1,48.91,81.8,37,Masculino,13,44.5,1,45,42.1,1,Agroindustria
1,41.78,57.5,37,Femenino,10,36.1,1,45,40.0,1,Comercio & Retail
1,49.37,81.0,47,Masculino,12,41.6,1,450,25.1,1,Comercio & Retail
1,42.22,57.8,52,Masculino,8,43.4,1,12,15.6,1,Manufactura
0,8.86,43.3,52,Masculino,13,32.8,0,1,10.7,0,Comercio & Retail
0,12.55,43.5,56,Masculino,5,58.9,0,2,63.3,1,Servicios Personales
0,15.58,60.9,44,Masculino,9,47.2,0,4,19.8,1,Servicios Personales
0,14.06,50.0,43,Femenino,7,50.4,0,1,16.6,0,Comercio & Retail
1,61.02,100.0,31,Femenino,22,46.3,1,12,29.1,0,Logística
0,12.49,61.7,34,Femenino,12,47.0,0,1,15.5,0,Comercio & Retail
0,7.69,39.3,35,Femenino,6,28.0,0,2,29.0,0,Logística
0,10.66,49.6,62,Femenino,5,50.4,0,1,44.1,0,Manufactura
0,10.87,42.3,46,Masculino,3,36.4,0,1,22.2,0,Comercio & Retail
0,11.12,37.8,37,Femenino,6,71.4,0,2,22.1,1,Manufactura
0,10.36,35.7,44,Masculino,7,39.2,0,1,39.3,0,Agroindustria
0,13.69,52.2,35,Femenino,6,70.3,0,1,10.1,0,Servicios Personales
0,14.18,56.8,21,Masculino,8,58.6,0,1,57.7,0,Logística
1,51.25,69.6,18,Masculino,13,34.2,1,45,19.4,1,Manufactura
0,12.05,41.8,18,Femenino,9,41.4,0,1,33.7,0,Tecnología
0,12.12,50.7,43,Femenino,13,50.6,0,1,14.1,0,Manufactura
0,13.24,47.0,62,Masculino,6,48.4,0,1,34.3,0,Logística
0,13.4,45.9,37,Femenino,9,45.7,0,2,41.0,1,Tecnología
0,10.41,33.6,40,Femenino,6,40.4,0,2,13.5,1,Manufactura
0,14.71,67.7,27,Femenino,12,44.5,0,1,9.2,0,Manufactura
0,12.12,46.0,28,Masculino,9,61.3,0,2,17.0,0,Comercio & Retail
1,53.84,78.5,58,Masculino,17,38.7,1,45,19.2,1,Servicios Personales
0,12.19,36.2,58,Masculino,7,70.0,0,1,44.0,1,Logística
0,9.05,46.1,22,Masculino,6,70.5,0,1,27.5,0,Tecnología
0,12.26,49.6,18,Masculino,11,48.3,0,1,52.4,1,Tecnología
0,11.19,36.3,34,Masculino,9,49.4,0,1,8.4,0,Agroindustria
0,12.35,53.5,39,Masculino,12,29.5,0,2,25.6,0,Manufactura
0,13.6,69.4,51,Femenino,10,36.4,0,2,20.5,1,Comercio & Retail
0,13.1,45.2,62,Femenino,9,54.2,0,1,11.3,1,Agroindustria
0,9.74,47.9,58,Masculino,7,40.7,0,1,5.0,1,Comercio & Retail
1,43.76,47.9,46,Masculino,9,48.1,1,12,18.1,0,Comercio & Retail
0,8.91,29.0,21,Femenino,4,43.7,0,1,29.6,1,Tecnología
1,57.69,88.7,22,Femenino,15,37.4,1,45,23.8,1,Servicios Personales
0,15.47,76.3,28,Masculino,15,78.8,0,4,27.0,0,Manufactura
1,54.97,87.7,38,Masculino,14,39.2,1,450,39.2,1,Manufactura
0,12.35,66.4,52,Femenino,8,44.5,0,1,54.1,0,Comercio & Retail
0,13.21,62.8,29,Masculino,8,53.0,1,1,14.8,0,Comercio & Retail
0,14.53,57.8,43,Masculino,12,59.4,0,2,37.4,1,Comercio & Retail
0,12.34,40.8,36,Masculino,6,45.6,0,1,26.9,0,Manufactura
1,50.06,85.8,62,Femenino,14,49.6,1,45,11.7,1,Comercio & Retail
0,10.14,27.0,24,Femenino,1,45.6,0,2,30.2,0,Manufactura
0,14.02,58.6,64,Femenino,8,61.5,0,2,13.6,0,Comercio & Retail
0,10.48,51.5,24,Femenino,6,58.3,0,2,13.1,0,Comercio & Retail
1,54.47,88.0,43,Masculino,15,48.0,0,45,23.3,0,Agroindustria
1,45.04,61.2,57,Femenino,14,39.9,1,45,16.3,1,Comercio & Retail
0,11.22,62.5,22,Masculino,12,49.0,0,1,52.6,1,Manufactura
0,12.62,76.6,38,Femenino,17,64.0,1,1,15.0,1,Servicios Personales
0,9.14,53.9,31,Femenino,10,28.9,1,1,33.9,0,Manufactura
1,45.35,65.2,21,Masculino,12,45.2,1,450,21.8,1,Manufactura
0,9.31,32.1,40,Masculino,4,66.9,0,1,59.9,0,Logística
0,10.67,45.1,59,Femenino,9,57.8,0,1,25.7,0,Comercio & Retail
0,10.5,42.4,37,Masculino,10,35.2,1,1,17.1,0,Servicios Personales
0,7.97,27.8,32,Masculino,7,56.9,0,1,52.1,1,Comercio & Retail
1,52.79,77.3,62,Masculino,11,45.4,1,12,40.0,1,Tecnología
0,11.71,39.4,46,Masculino,3,76.4,0,1,68.0,1,Agroindustria
1,43.11,66.4,25,Femenino,12,45.5,1,120,21.7,1,Comercio & Retail
0,4.83,18.4,58,Masculino,8,32.5,0,2,17.8,0,Manufactura
0,10.53,34.8,36,Masculino,7,58.4,0,1,45.2,0,Logística
1,49.62,72.0,56,Femenino,13,44.4,1,45,34.3,1,Comercio & Retail
1,55.16,87.5,63,Femenino,16,35.9,1,12,42.0,1,Servicios Personales
0,15.59,63.9,45,Masculino,13,38.6,0,4,29.2,1,Comercio & Retail
0,12.65,48.6,63,Femenino,7,50.5,0,4,20.5,1,Comercio & Retail
0,11.6,66.1,44,Femenino,13,38.3,0,1,61.8,0,Comercio & Retail
0,15.26,62.4,21,Masculino,9,38.6,0,4,3.9,1,Tecnología
1,48.39,70.6,32,Femenino,14,37.1,1,12,15.6,1,Manufactura
0,12.26,58.3,52,Femenino,11,52.4,0,1,38.2,0,Agroindustria
0,8.88,26.0,54,Masculino,4,49.1,0,2,46.4,0,Manufactura
0,10.57,58.6,18,Masculino,9,58.4,0,4,52.3,0,Tecnología
0,11.13,47.2,20,Femenino,7,67.5,0,4,26.7,1,Tecnología
0,7.96,31.4,64,Masculino,7,50.2,0,1,24.8,1,Manufactura
1,44.83,54.9,41,Masculino,9,47.1,1,120,49.1,1,Manufactura
1,45.51,60.9,44,Masculino,11,41.6,1,45,4.2,1,Manufactura
0,18.02,76.6,57,Femenino,13,65.1,0,1,47.6,1,Manufactura
0,14.08,46.1,53,Femenino,8,63.9,0,1,38.9,0,Manufactura
0,12.35,65.3,51,Femenino,15,48.3,0,2,35.1,0,Tecnología
0,12.47,26.5,46,Masculino,4,40.7,0,2,21.0,1,Comercio & Retail
1,43.23,61.3,41,Masculino,7,38.1,1,450,40.1,1,Servicios Personales
0,14.19,84.9,41,Masculino,18,52.9,0,1,6.1,0,Agroindustria
0,11.61,49.3,59,Masculino,6,25.5,0,1,17.9,0,Manufactura
0,12.61,61.3,21,Masculino,15,62.2,0,1,25.8,0,Logística
0,11.94,59.0,20,Femenino,10,54.1,0,1,8.0,1,Comercio & Retail
0,9.66,39.7,51,Masculino,10,33.9,0,2,13.8,0,Manufactura
1,45.53,71.7,40,Masculino,14,44.5,1,45,41.1,1,Comercio & Retail
0,12.99,59.6,40,Masculino,13,33.5,0,1,10.2,0,Manufactura
0,12.66,65.8,62,Femenino,15,44.1,0,1,52.3,0,Comercio & Retail
0,8.65,40.6,22,Masculino,9,44.9,0,1,15.8,0,Comercio & Retail
0,11.3,56.9,48,Femenino,11,46.4,0,1,30.2,0,Manufactura
0,9.15,32.0,58,Femenino,9,53.2,0,8,34.6,0,Tecnología
0,8.88,24.6,23,Masculino,6,46.0,0,1,49.2,1,Tecnología
1,44.02,59.9,54,Masculino,11,46.4,1,12,30.6,1,Comercio & Retail
0,10.05,33.5,27,Femenino,9,47.5,0,1,41.8,0,Servicios Personales
0,8.2,11.8,57,Masculino,3,40.9,1,8,38.6,1,Comercio & Retail
0,16.38,88.9,24,Femenino,14,38.8,0,1,44.4,1,Servicios Personales
1,53.64,74.7,56,Femenino,11,33.2,1,450,43.6,1,Comercio & Retail
0,8.7,34.7,55,Femenino,7,57.0,0,2,49.1,1,Comercio & Retail
1,42.03,62.3,38,Masculino,11,43.0,1,45,29.3,1,Tecnología
0,11.22,38.8,37,Masculino,8,61.3,0,1,12.3,1,Manufactura
0,13.77,51.2,20,Masculino,11,51.5,0,2,2.8,0,Logística
0,13.05,43.6,39,Masculino,15,53.6,0,1,39.0,1,Comercio & Retail
0,19.19,78.3,64,Femenino,12,39.9,0,4,19.4,1,Tecnología
0,14.68,52.5,21,Femenino,8,30.5,0,1,11.4,0,Comercio & Retail
0,12.12,46.4,45,Masculino,6,36.4,0,1,27.9,0,Manufactura
0,13.93,48.3,29,Femenino,7,57.2,0,4,34.2,1,Agroindustria
1,48.6,65.0,55,Masculino,13,39.4,1,120,18.5,1,Comercio & Retail
0,11.18,50.1,53,Masculino,10,69.9,0,4,20.7,1,Manufactura
1,48.45,62.7,64,Masculino,12,47.3,1,120,19.6,0,Comercio & Retail
0,11.52,65.7,58,Femenino,9,35.0,0,8,16.5,0,Logística
0,10.61,39.2,22,Femenino,6,69.0,0,1,13.8,0,Manufactura
1,52.44,82.4,30,Masculino,12,44.5,1,45,71.2,0,Comercio & Retail
0,12.99,35.2,40,Femenino,7,31.4,0,1,40.2,1,Manufactura
0,6.73,32.1,47,Masculino,8,41.3,0,1,4.6,0,Comercio & Retail
0,8.29,25.8,54,Femenino,5,32.4,0,2,13.9,0,Comercio & Retail
0,12.22,37.4,42,Femenino,6,58.8,0,1,35.1,0,Logística
0,15.91,80.9,44,Femenino,13,59.6,0,2,33.7,1,Comercio & Retail
0,15.16,66.2,31,Femenino,14,36.9,0,1,28.5,0,Comercio & Retail
1,41.5,56.4,64,Masculino,14,43.6,1,45,42.8,1,Tecnología
0,12.36,71.1,53,Femenino,14,60.6,0,1,13.9,0,Comercio & Retail
0,14.53,63.2,56,Femenino,9,74.3,0,2,5.2,0,Logística
0,14.78,67.0,33,Femenino,13,64.5,0,1,58.3,1,Servicios Personales
1,47.4,73.0,39,Femenino,14,46.3,1,45,62.9,1,Comercio & Retail
0,10.94,42.7,38,Femenino,7,70.1,0,1,10.4,1,Comercio & Retail
0,15.43,56.9,38,Femenino,11,54.8,0,1,2.8,0,Servicios Personales
1,52.94,79.0,25,Masculino,10,34.4,0,450,26.9,1,Servicios Personales
0,11.96,40.1,33,Masculino,3,31.3,0,1,29.0,0,Comercio & Retail
0,16.0,77.7,48,Masculino,11,58.3,0,2,34.4,0,Comercio & Retail
0,11.6,71.8,59,Masculino,7,35.8,0,2,18.1,0,Agroindustria
0,16.79,83.9,27,Femenino,14,41.4,0,1,42.9,0,Logística
0,11.62,38.3,49,Masculino,7,44.4,0,1,35.9,0,Servicios Personales
1,50.11,67.8,51,Masculino,11,50.6,1,12,50.3,1,Comercio & Retail
1,50.33,74.1,26,Femenino,10,43.9,1,120,4.5,1,Manufactura
0,11.36,32.3,34,Masculino,3,27.3,0,1,45.9,0,Manufactura
0,9.81,47.5,28,Femenino,9,48.1,1,1,35.5,0,Servicios Personales
1,51.37,72.7,49,Femenino,11,42.2,1,45,35.6,1,Manufactura
0,12.11,58.3,27,Masculino,14,49.0,0,4,17.4,1,Manufactura
1,45.91,56.4,39,Femenino,10,38.4,1,450,15.4,0,Comercio & Retail
1,43.13,74.6,34,Femenino,13,47.8,1,12,33.8,1,Logística
0,15.07,61.9,21,Femenino,12,49.1,0,2,8.0,1,Comercio & Retail
0,15.9,69.3,64,Femenino,12,39.9,1,4,22.1,1,Comercio & Retail
1,52.19,69.5,42,Femenino,12,35.2,1,45,16.4,1,Manufactura
0,12.52,56.6,38,Masculino,9,20.6,0,1,36.1,1,Manufactura
0,8.45,37.1,54,Masculino,6,58.1,0,1,36.2,0,Servicios Personales
0,16.58,75.0,55,Masculino,16,46.0,0,4,12.9,0,Logística
1,50.24,65.8,18,Femenino,13,45.4,1,120,66.7,1,Comercio & Retail
0,8.83,41.3,42,Masculino,10,69.5,0,4,18.3,1,Comercio & Retail
1,46.83,76.8,53,Masculino,12,45.9,1,45,26.1,1,Manufactura
0,16.89,68.4,34,Femenino,12,32.9,1,1,56.7,0,Manufactura
0,12.53,44.7,58,Masculino,7,41.2,0,1,14.1,1,Servicios Personales
0,11.62,44.2,41,Masculino,9,28.4,0,2,15.7,0,Logística
1,49.39,76.3,19,Masculino,15,42.0,1,120,14.9,1,Manufactura
0,11.89,56.1,57,Femenino,10,47.4,0,1,78.1,0,Logística
0,12.58,54.6,32,Femenino,11,48.3,0,1,35.6,0,Servicios Personales
0,18.15,85.5,49,Masculino,15,39.6,0,1,50.7,0,Servicios Personales
0,10.2,43.7,56,Masculino,10,44.3,0,2,20.1,1,Comercio & Retail
0,11.22,29.9,23,Masculino,6,52.9,0,1,12.9,1,Comercio & Retail
1,46.25,66.1,18,Masculino,10,38.6,1,12,23.2,1,Comercio & Retail
1,46.38,62.0,64,Masculino,8,41.4,1,450,31.0,1,Manufactura
0,10.52,37.8,40,Femenino,5,29.7,0,1,20.6,0,Tecnología
1,40.68,57.1,56,Masculino,13,37.5,1,45,3.1,1,Servicios Personales
0,15.08,64.2,34,Femenino,9,63.2,0,2,45.4,0,Comercio & Retail
0,6.39,17.1,51,Masculino,0,78.7,0,1,59.4,1,Tecnología
1,48.74,60.2,58,Masculino,11,37.9,1,120,38.1,1,Logística
0,13.4,74.4,46,Femenino,11,51.9,0,2,36.8,1,Comercio & Retail
1,61.75,91.3,26,Masculino,17,45.7,1,12,27.7,1,Servicios Personales
0,10.35,51.3,30,Femenino,10,24.7,0,2,15.6,0,Manufactura
0,13.12,55.3,23,Femenino,14,41.8,0,1,22.5,1,Comercio & Retail
0,12.91,59.8,23,Femenino,12,59.5,0,1,50.8,1,Comercio & Retail
0,11.86,51.7,37,Femenino,8,32.3,0,2,45.9,0,Logística
0,15.13,65.4,20,Femenino,11,62.6,0,4,46.8,0,Comercio & Retail
0,11.72,38.7,34,Femenino,9,46.7,0,2,18.1,0,Logística
0,11.38,36.5,29,Masculino,7,44.6,0,1,36.8,0,Servicios Personales
0,4.93,17.5,64,Masculino,8,57.6,0,1,21.4,1,Comercio & Retail
0,11.99,50.5,62,Masculino,8,65.3,0,1,43.9,1,Servicios Personales
0,12.58,37.9,18,Femenino,10,80.0,0,1,29.8,0,Agroindustria
0,11.28,50.4,34,Masculino,10,42.6,0,8,22.1,0,Agroindustria
0,12.95,38.0,20,Masculino,8,50.5,0,1,9.8,0,Servicios Personales
1,46.06,57.7,43,Femenino,9,37.8,1,12,42.0,1,Comercio & Retail
0,9.06,30.8,32,Masculino,3,54.0,0,1,11.7,0,Logística
0,9.35,31.7,53,Femenino,6,76.1,0,2,33.8,0,Manufactura
0,9.21,52.5,49,Masculino,9,37.2,0,1,35.5,0,Agroindustria
1,55.5,85.8,49,Femenino,16,47.9,1,45,14.4,1,Manufactura
0,12.44,66.0,21,Femenino,12,47.5,1,1,19.5,0,Comercio & Retail
0,4.28,5.2,35,Masculino,6,37.5,0,1,15.7,0,Manufactura
0,20.27,100.0,36,Femenino,16,23.1,0,2,53.1,1,Servicios Personales
1,46.01,60.4,60,Femenino,10,44.2,1,12,17.4,1,Servicios Personales
0,15.02,50.2,52,Masculino,6,47.9,0,2,31.1,0,Comercio & Retail
0,9.04,47.8,57,Masculino,10,70.4,1,2,29.0,1,Manufactura
0,10.83,61.7,31,Masculino,14,32.2,1,2,11.2,0,Tecnología
0,10.69,33.7,50,Femenino,6,44.6,0,1,52.3,0,Comercio & Retail
0,14.1,59.0,31,Femenino,6,43.3,1,1,19.1,1,Comercio & Retail
1,51.21,79.8,51,Masculino,17,41.2,1,45,12.3,1,Tecnología
0,12.01,58.4,21,Femenino,11,39.2,0,2,66.5,0,Servicios Personales
1,48.47,65.6,41,Femenino,8,33.9,1,45,37.8,1,Servicios Personales
0,14.11,51.4,46,Masculino,10,48.0,0,4,56.1,1,Agroindustria
0,12.61,59.2,36,Femenino,11,35.4,0,1,15.2,1,Servicios Personales
0,11.05,37.7,23,Femenino,9,56.5,0,1,30.8,0,Comercio & Retail
1,50.86,94.5,50,Femenino,15,40.3,1,12,32.9,1,Servicios Personales
0,13.42,47.4,57,Femenino,10,50.6,0,2,45.1,0,Servicios Personales
0,18.41,65.3,36,Femenino,13,53.9,0,8,37.3,1,Servicios Personales
0,7.42,21.6,18,Femenino,10,38.5,0,1,60.2,0,Agroindustria
0,16.68,53.3,22,Femenino,10,51.1,0,1,5.7,0,Servicios Personales
0,15.71,66.2,44,Masculino,13,29.8,1,1,19.8,0,Logística
0,15.06,62.8,33,Masculino,13,26.3,1,4,14.2,0,Comercio & Retail
0,7.99,13.6,23,Femenino,4,54.3,0,1,5.2,0,Manufactura
0,13.47,60.5,57,Masculino,10,48.6,0,1,14.9,0,Manufactura
0,14.96,68.0,30,Femenino,18,58.8,0,2,50.6,0,Manufactura
0,10.08,30.4,52,Femenino,8,21.0,0,4,51.6,0,Manufactura
0,9.74,60.4,36,Femenino,12,59.5,0,4,18.2,0,Servicios Personales
1,53.12,87.1,29,Masculino,15,43.7,1,45,17.4,1,Comercio & Retail
0,13.43,38.5,33,Masculino,6,43.2,0,2,58.0,0,Comercio & Retail
0,13.46,54.0,60,Masculino,9,70.0,0,2,14.2,0,Comercio & Retail
0,6.71,24.3,27,Femenino,4,45.2,0,1,14.9,1,Tecnología
0,11.23,48.3,42,Femenino,10,42.3,0,1,43.1,0,Manufactura
1,46.76,67.8,37,Masculino,11,47.1,1,120,43.8,1,Comercio & Retail
1,49.0,75.3,48,Femenino,12,44.3,1,120,31.2,1,Comercio & Retail
1,54.0,90.1,21,Masculino,16,40.2,1,120,14.3,1,Comercio & Retail
1,45.55,61.2,61,Masculino,10,37.2,1,450,22.1,1,Comercio & Retail
0,12.91,42.3,40,Masculino,6,24.8,0,2,46.8,0,Agroindustria
0,10.42,28.7,19,Masculino,7,59.3,0,2,64.3,0,Comercio & Retail
0,10.9,37.3,39,Masculino,7,47.7,1,1,22.5,0,Comercio & Retail
0,13.33,51.9,54,Masculino,11,35.4,0,1,23.2,0,Manufactura
1,58.1,91.7,25,Masculino,19,38.8,1,120,37.6,1,Comercio & Retail
1,47.87,62.8,24,Femenino,10,40.2,1,120,7.0,1,Manufactura
1,49.8,71.6,31,Masculino,15,47.2,1,12,23.2,1,Agroindustria
0,7.1,30.1,20,Femenino,10,52.7,1,8,35.5,0,Manufactura
0,13.89,51.6,33,Femenino,6,49.2,0,1,20.1,0,Servicios Personales
0,10.27,34.0,36,Femenino,7,54.1,0,4,24.2,1,Logística
0,8.66,34.6,35,Femenino,7,50.2,0,1,9.0,1,Comercio & Retail
1,42.43,61.4,33,Masculino,10,48.6,1,450,29.5,1,Agroindustria
0,11.4,57.8,25,Masculino,12,28.9,0,1,65.0,0,Comercio & Retail
0,12.35,43.2,50,Femenino,7,42.8,1,1,34.6,1,Servicios Personales
1,46.57,70.3,29,Femenino,13,39.4,1,45,23.7,1,Agroindustria
1,48.67,72.5,28,Masculino,14,46.2,1,12,15.7,1,Tecnología
0,14.32,48.5,22,Masculino,9,37.5,0,1,38.1,1,Servicios Personales
1,45.95,68.2,44,Masculino,13,37.2,1,450,42.9,1,Comercio & Retail
0,13.04,50.2,29,Femenino,3,55.0,0,1,42.9,0,Tecnología
0,10.75,32.0,34,Masculino,1,31.8,0,4,10.2,0,Manufactura
1,50.48,76.6,23,Femenino,13,44.1,1,120,23.5,1,Comercio & Retail
0,12.37,51.8,50,Femenino,8,31.7,0,4,24.8,0,Tecnología
1,60.19,100.0,22,Femenino,18,42.0,1,12,5.9,1,Servicios Personales
0,13.88,64.7,45,Femenino,10,45.9,0,1,29.9,1,Comercio & Retail
0,11.72,52.9,31,Femenino,6,38.1,0,1,48.4,0,Tecnología
1,54.11,93.3,22,Masculino,16,45.8,1,45,12.4,1,Manufactura
1,46.7,70.7,50,Femenino,12,41.8,1,45,16.6,1,Tecnología
1,46.06,85.2,58,Femenino,16,37.0,1,120,37.5,1,Manufactura
0,10.7,44.7,36,Femenino,8,60.2,0,1,16.6,1,Logística
1,46.77,79.3,39,Femenino,11,44.5,1,450,21.3,1,Tecnología
0,11.77,43.3,22,Masculino,7,48.2,0,1,8.3,1,Tecnología
0,10.12,16.7,19,Femenino,3,47.6,0,4,34.1,0,Tecnología
0,13.85,71.5,47,Masculino,13,42.1,0,1,45.7,0,Logística
0,13.27,45.8,64,Femenino,8,48.7,0,1,16.1,0,Manufactura
0,11.56,29.6,56,Masculino,6,60.7,0,2,28.3,0,Servicios Personales
0,7.08,26.2,21,Masculino,5,39.4,0,1,10.4,0,Comercio & Retail
0,13.21,60.0,50,Masculino,11,39.0,0,2,5.8,0,Agroindustria
0,10.7,56.7,30,Masculino,10,62.4,0,2,23.6,0,Tecnología
0,6.22,33.4,37,Masculino,8,54.8,0,4,9.9,1,Manufactura
0,11.41,39.6,24,Femenino,7,48.3,0,4,17.3,0,Manufactura
1,50.25,77.0,32,Masculino,13,44.6,1,12,31.4,1,Manufactura
0,3.52,5.0,40,Masculino,1,41.4,0,4,32.9,0,Tecnología
0,13.5,60.6,31,Masculino,12,56.7,0,4,19.8,1,Comercio & Retail
0,12.95,63.3,40,Femenino,12,64.8,0,2,25.9,0,Agroindustria
0,10.46,41.6,36,Femenino,5,52.1,0,1,40.7,0,Comercio & Retail
0,9.53,24.9,46,Masculino,3,37.2,0,2,16.6,1,Servicios Personales
0,14.93,59.1,37,Femenino,12,34.0,0,1,20.0,1,Comercio & Retail
0,11.35,45.1,46,Femenino,6,41.2,0,4,1.4,0,Comercio & Retail
0,16.25,78.5,41,Femenino,16,55.6,0,8,22.1,1,Comercio & Retail
1,56.58,100.0,35,Masculino,18,38.6,1,45,24.8,1,Comercio & Retail
0,13.62,69.2,27,Masculino,12,47.7,0,2,7.1,0,Comercio & Retail
1,42.25,63.1,58,Masculino,10,42.2,1,120,34.9,1,Logística
0,10.82,51.8,25,Femenino,9,58.6,0,1,55.7,0,Comercio & Retail
0,11.56,49.8,43,Femenino,4,41.9,0,1,10.9,1,Comercio & Retail
0,8.66,45.4,46,Femenino,9,21.6,0,1,9.1,0,Manufactura
0,7.63,35.5,27,Masculino,8,74.1,0,1,34.7,0,Manufactura
0,11.94,46.1,34,Masculino,8,60.4,0,1,27.7,0,Tecnología
0,14.32,56.4,19,Femenino,11,56.9,0,1,21.5,1,Comercio & Retail
0,12.18,53.6,23,Masculino,10,67.6,0,1,21.7,0,Comercio & Retail
0,16.6,86.8,22,Masculino,13,57.2,0,1,35.8,0,Servicios Personales
0,12.69,39.1,45,Femenino,8,42.1,0,1,45.7,0,Manufactura
0,13.95,62.4,58,Femenino,12,68.7,1,4,30.4,0,Comercio & Retail
0,11.63,38.7,22,Masculino,10,29.4,0,1,18.2,0,Comercio & Retail
0,15.42,81.9,35,Femenino,12,35.7,0,1,21.0,0,Agroindustria
0,9.47,31.8,43,Masculino,10,51.0,0,1,37.5,1,Comercio & Retail
0,13.39,84.4,37,Femenino,17,57.6,1,4,52.9,1,Tecnología
0,9.55,5.6,58,Masculino,1,45.7,0,4,69.0,0,Servicios Personales
0,13.01,49.1,44,Masculino,12,49.7,0,1,18.7,0,Manufactura
0,10.48,58.2,29,Masculino,13,44.4,0,1,75.8,0,Comercio & Retail
0,8.81,24.0,24,Masculino,5,42.4,0,1,20.5,0,Comercio & Retail
1,51.45,85.7,20,Masculino,17,43.0,1,45,25.2,1,Manufactura
0,10.49,42.2,27,Masculino,10,19.1,0,2,8.8,0,Servicios Personales
1,42.38,65.4,51,Femenino,10,45.0,1,450,21.1,1,Comercio & Retail
0,19.35,72.3,42,Femenino,11,33.8,0,8,48.8,0,Agroindustria
1,56.04,83.5,52,Masculino,13,46.5,1,45,38.3,1,Servicios Personales
0,9.67,43.7,33,Masculino,11,62.2,0,4,18.4,1,Comercio & Retail
0,9.53,47.2,19,Femenino,10,27.4,0,1,72.1,1,Tecnología
0,15.01,62.2,41,Femenino,13,38.3,0,1,37.5,0,Comercio & Retail
1,39.53,65.4,27,Masculino,14,35.9,1,45,51.1,1,Tecnología
1,42.12,67.0,55,Femenino,11,41.4,1,45,24.7,1,Servicios Personales
0,10.29,34.2,39,Masculino,4,69.4,0,1,35.5,0,Comercio & Retail
0,9.75,29.7,43,Masculino,6,80.0,0,4,13.0,0,Comercio & Retail
1,53.98,68.2,60,Masculino,14,42.3,1,120,28.3,1,Servicios Personales
1,42.94,50.7,56,Femenino,9,40.5,1,12,11.1,1,Tecnología
0,10.16,45.3,44,Femenino,8,38.2,0,4,12.6,0,Servicios Personales
1,42.9,55.6,46,Femenino,12,32.1,1,12,10.2,1,Servicios Personales
0,10.92,47.9,64,Femenino,11,64.9,0,1,49.0,0,Manufactura
0,11.74,58.5,55,Masculino,9,39.1,0,1,41.2,1,Manufactura
0,13.5,55.2,37,Masculino,13,44.9,0,2,23.3,0,Manufactura
0,10.5,42.1,44,Femenino,5,50.4,0,1,26.4,0,Comercio & Retail
0,10.15,29.4,58,Femenino,3,32.3,0,1,50.4,0,Tecnología
1,46.38,70.4,37,Femenino,16,40.7,1,450,38.4,1,Logística
0,13.47,44.1,61,Masculino,6,47.8,1,1,27.8,0,Comercio & Retail
0,8.57,23.8,36,Femenino,4,41.7,0,8,7.9,0,Manufactura
0,10.33,56.7,37,Masculino,9,40.9,0,1,23.3,0,Agroindustria
0,12.86,47.1,52,Masculino,10,37.5,0,1,51.1,1,Agroindustria
1,38.53,48.1,64,Masculino,8,46.2,1,12,48.9,1,Manufactura
0,12.18,50.5,19,Masculino,9,44.6,0,1,39.0,0,Tecnología
0,10.34,28.8,47,Femenino,5,46.4,0,1,13.8,0,Comercio & Retail
0,12.77,63.9,51,Masculino,13,59.0,0,8,60.9,0,Servicios Personales
0,6.29,24.6,39,Femenino,4,52.5,0,1,45.9,1,Manufactura
0,14.67,66.7,20,Masculino,10,47.6,0,1,11.1,0,Manufactura
0,12.26,52.0,23,Femenino,11,52.5,0,2,16.2,1,Comercio & Retail
1,43.84,62.3,32,Masculino,12,42.0,1,120,3.9,1,Manufactura
0,9.49,38.1,44,Femenino,11,54.1,0,1,2.4,0,Tecnología
0,9.38,32.1,27,Masculino,6,38.9,0,2,8.2,1,Servicios Personales
0,12.27,53.3,26,Femenino,8,60.9,0,2,20.5,1,Comercio & Retail
0,12.32,47.7,50,Masculino,7,50.2,0,1,54.6,0,Tecnología
0,8.61,35.4,49,Femenino,4,50.3,0,1,48.1,1,Manufactura
0,14.35,62.7,23,Femenino,12,51.1,0,8,19.4,0,Comercio & Retail
0,10.83,45.5,58,Masculino,7,38.9,0,2,13.0,0,Manufactura
1,48.82,73.4,53,Masculino,11,40.8,1,12,22.2,1,Manufactura
0,10.57,45.8,19,Femenino,10,63.0,0,1,45.4,0,Servicios Personales
0,11.33,51.3,46,Masculino,6,36.9,0,1,7.9,1,Manufactura
0,9.82,26.2,21,Masculino,5,56.5,0,1,38.7,0,Servicios Personales
0,12.59,54.0,18,Masculino,9,64.2,0,1,73.0,1,Logística
0,11.2,26.4,36,Femenino,5,67.5,0,2,41.0,0,Servicios Personales
1,50.57,79.5,43,Femenino,14,50.2,1,45,4.0,1,Servicios Personales
0,14.08,62.1,42,Masculino,15,45.8,0,2,37.9,0,Tecnología
1,38.04,57.0,27,Femenino,13,42.6,1,45,48.6,1,Servicios Personales
1,41.27,57.9,32,Masculino,11,40.9,1,45,15.9,1,Comercio & Retail
0,11.05,47.1,39,Femenino,10,48.9,0,2,62.2,0,Manufactura
0,8.88,31.9,38,Femenino,6,50.0,0,1,39.5,1,Comercio & Retail
0,14.63,65.8,39,Masculino,13,50.0,0,1,45.3,0,Agroindustria
1,49.35,62.5,53,Masculino,15,39.7,1,12,35.2,1,Tecnología
0,10.79,52.3,51,Masculino,9,50.3,0,2,10.7,1,Comercio & Retail
1,46.98,58.7,47,Femenino,10,36.9,1,450,1.8,1,Comercio & Retail
0,10.42,27.3,42,Femenino,7,42.8,0,1,52.0,1,Comercio & Retail
0,13.25,53.4,62,Femenino,9,46.6,0,2,25.3,0,Agroindustria
0,12.81,37.0,45,Masculino,5,46.1,0,2,14.7,0,Agroindustria
0,11.9,55.4,18,Masculino,9,47.6,0,2,25.7,0,Comercio & Retail
0,13.93,64.2,62,Masculino,12,64.4,0,4,16.5,0,Servicios Personales
0,13.53,62.5,21,Femenino,11,41.1,0,1,28.3,1,Servicios Personales
0,15.15,62.5,24,Masculino,11,45.2,0,2,9.5,0,Manufactura
0,9.89,21.5,26,Femenino,1,46.5,0,2,5.4,0,Servicios Personales
0,12.84,58.7,53,Masculino,10,31.7,0,1,27.6,1,Logística
1,45.91,78.4,36,Femenino,12,40.8,1,120,33.9,1,Comercio & Retail
0,13.95,68.1,18,Masculino,10,40.2,0,1,12.8,1,Comercio & Retail
0,10.94,69.9,27,Femenino,14,47.4,0,2,6.3,0,Comercio & Retail
0,11.25,48.8,53,Femenino,10,48.3,0,2,4.7,0,Comercio & Retail
0,13.58,75.7,26,Femenino,12,29.7,0,1,5.9,0,Comercio & Retail
0,11.77,61.9,62,Femenino,6,31.9,0,1,21.0,1,Servicios Personales
0,14.76,62.7,63,Femenino,12,47.7,0,1,10.7,0,Comercio & Retail
1,49.5,72.0,59,Femenino,13,41.7,1,45,13.6,1,Comercio & Retail
0,10.68,39.7,49,Femenino,7,29.0,0,1,39.5,1,Logística
0,10.4,40.3,49,Masculino,5,64.8,0,1,24.0,1,Tecnología
0,7.98,27.2,23,Femenino,8,55.9,0,1,3.3,0,Comercio & Retail
0,10.35,33.8,55,Masculino,6,40.4,0,1,74.3,1,Logística
1,47.7,70.2,34,Femenino,12,40.7,1,45,38.3,1,Comercio & Retail
0,8.66,38.3,27,Masculino,8,46.2,0,1,10.9,0,Comercio & Retail
1,44.81,72.5,44,Masculino,13,36.4,1,12,22.5,1,Manufactura
0,9.63,36.2,52,Femenino,4,49.8,0,1,14.8,0,Logística
0,15.75,48.8,38,Masculino,7,54.5,0,1,24.5,0,Comercio & Retail
0,10.07,37.9,42,Femenino,7,70.7,0,1,16.1,1,Comercio & Retail
0,13.9,66.7,45,Masculino,11,40.5,0,4,42.7,1,Agroindustria
0,7.19,41.5,64,Masculino,2,66.7,0,1,33.8,1,Comercio & Retail
0,13.67,46.1,32,Femenino,9,60.1,0,2,7.5,0,Agroindustria
0,10.68,44.3,21,Femenino,9,48.2,0,2,8.0,0,Manufactura
0,11.84,57.3,46,Femenino,11,55.5,0,2,59.8,0,Servicios Personales
0,14.39,57.8,26,Femenino,10,49.3,0,1,8.0,0,Agroindustria
0,12.95,28.7,44,Masculino,6,60.6,0,1,21.9,0,Comercio & Retail
0,9.11,14.5,43,Femenino,1,51.6,0,2,27.7,0,Comercio & Retail
0,10.91,57.6,36,Femenino,7,62.1,0,2,24.3,1,Agroindustria
0,10.85,46.4,45,Femenino,5,39.6,0,2,9.0,0,Comercio & Retail
0,6.06,25.1,34,Femenino,5,40.8,0,4,43.5,0,Servicios Personales
1,45.08,61.7,60,Femenino,7,35.9,1,45,7.4,1,Comercio & Retail
0,13.19,62.7,58,Masculino,13,37.2,1,1,19.3,0,Comercio & Retail
0,10.32,38.4,59,Femenino,5,67.5,0,1,83.3,1,Agroindustria
0,10.24,27.4,37,Masculino,3,38.3,1,1,58.8,1,Manufactura
0,13.98,56.2,62,Femenino,8,46.6,0,2,52.2,1,Servicios Personales
0,9.42,39.6,57,Femenino,9,49.5,0,1,27.3,0,Logística
1,45.47,45.7,56,Masculino,9,33.3,1,450,24.5,1,Agroindustria
0,7.09,33.8,40,Femenino,7,57.5,1,1,18.9,0,Comercio & Retail
0,11.3,40.4,64,Femenino,9,39.1,0,1,30.9,0,Manufactura
0,12.23,51.6,49,Masculino,11,48.8,1,1,21.7,0,Comercio & Retail
0,8.14,34.6,64,Masculino,7,31.2,0,1,27.2,0,Servicios Personales
1,49.65,77.4,50,Femenino,14,44.2,1,120,12.1,1,Comercio & Retail
0,11.95,47.1,63,Masculino,9,44.1,0,1,3.0,1,Tecnología
1,48.16,68.5,22,Masculino,14,41.1,1,45,21.1,1,Manufactura
0,11.55,40.6,60,Femenino,11,52.8,0,2,18.8,1,Comercio & Retail
0,9.57,44.9,51,Femenino,5,69.3,0,2,38.9,0,Manufactura
0,8.25,9.9,57,Femenino,3,39.7,0,4,45.5,0,Comercio & Retail
1,48.32,72.0,28,Femenino,14,38.8,1,45,25.0,1,Servicios Personales
0,11.83,56.3,20,Masculino,7,44.8,0,2,21.6,0,Logística
1,45.55,70.4,50,Masculino,10,45.0,1,120,6.4,1,Comercio & Retail
0,9.15,33.2,28,Masculino,8,43.7,0,1,27.4,0,Logística
1,49.96,73.2,33,Femenino,15,43.0,1,120,63.6,1,Logística
1,44.58,62.7,35,Femenino,10,35.3,1,45,38.4,1,Comercio & Retail
0,12.81,30.9,47,Masculino,5,55.2,0,1,53.5,1,Servicios Personales
1,42.3,61.8,27,Femenino,9,34.7,1,450,24.3,1,Comercio & Retail
1,40.9,50.6,35,Masculino,14,40.6,1,12,58.9,1,Servicios Personales
0,11.07,44.5,55,Masculino,7,40.2,0,2,25.1,1,Logística
0,12.95,35.5,36,Masculino,4,54.3,0,2,20.8,1,Servicios Personales
0,12.84,55.5,53,Femenino,13,53.8,0,2,13.4,0,Tecnología
0,13.78,47.0,30,Femenino,6,72.0,0,2,17.1,0,Comercio & Retail
0,11.77,20.8,63,Masculino,4,29.4,0,1,14.3,1,Servicios Personales
0,12.96,55.2,20,Masculino,6,46.2,0,1,25.1,0,Manufactura
0,13.34,55.8,27,Masculino,11,50.2,0,1,4.2,0,Manufactura
0,14.86,57.4,55,Femenino,11,71.6,0,1,33.5,0,Comercio & Retail
0,11.52,48.7,18,Masculino,11,59.9,0,2,12.7,0,Agroindustria
0,12.57,35.5,44,Masculino,6,40.9,1,2,17.2,1,Agroindustria
1,45.96,59.9,63,Femenino,13,44.7,1,120,37.3,0,Tecnología
0,18.05,70.0,25,Masculino,13,62.1,0,1,34.9,1,Manufactura
0,13.93,65.6,63,Masculino,12,74.0,0,1,14.5,0,Servicios Personales
0,11.86,38.1,59,Femenino,6,63.0,0,2,41.1,1,Tecnología
0,11.61,48.7,34,Femenino,8,51.8,0,4,25.7,1,Logística
0,9.86,48.1,26,Masculino,11,72.1,0,1,31.7,1,Logística
0,14.11,52.7,23,Femenino,12,23.8,0,2,26.9,0,Comercio & Retail
0,14.11,51.1,60,Masculino,6,51.9,0,2,2.6,0,Comercio & Retail
1,50.62,75.5,42,Femenino,17,51.8,1,12,7.2,1,Agroindustria
0,10.64,54.0,56,Femenino,9,47.6,0,1,15.9,1,Manufactura
0,11.88,44.0,45,Masculino,13,48.5,0,4,19.0,0,Servicios Personales
0,10.38,39.3,50,Masculino,5,32.9,1,1,32.2,0,Comercio & Retail
1,47.08,70.6,54,Femenino,11,44.5,1,120,18.2,1,Manufactura
0,7.24,36.2,26,Masculino,5,45.7,1,2,32.1,0,Manufactura
0,15.85,56.7,35,Femenino,10,61.1,0,1,47.8,1,Tecnología
1,52.47,78.7,38,Femenino,12,43.2,1,45,29.6,1,Tecnología
0,13.98,65.8,19,Femenino,12,25.3,1,1,35.4,0,Tecnología
0,10.79,36.2,60,Femenino,7,33.3,0,8,14.2,0,Logística
0,11.26,22.6,55,Masculino,3,55.0,0,8,11.1,0,Comercio & Retail
1,37.76,52.9,57,Masculino,11,43.3,1,120,31.5,1,Servicios Personales
1,43.28,56.7,53,Masculino,8,46.1,1,120,50.7,1,Agroindustria
0,11.3,59.9,60,Masculino,8,54.5,0,1,43.4,0,Comercio & Retail
0,13.51,49.7,54,Femenino,6,43.6,0,2,38.9,1,Comercio & Retail
0,11.19,47.7,32,Masculino,10,42.8,0,4,62.6,0,Tecnología
1,41.15,55.7,45,Masculino,10,37.8,1,120,25.7,1,Tecnología
1,49.1,78.0,35,Masculino,14,44.1,1,45,20.3,1,Manufactura
0,10.55,11.3,51,Masculino,2,37.9,0,2,8.7,1,Manufactura
0,10.18,44.1,39,Masculino,5,53.6,0,1,17.4,0,Logística
1,46.67,71.5,28,Femenino,12,40.9,1,120,2.8,1,Manufactura
0,6.15,29.0,30,Masculino,2,51.8,1,4,63.9,0,Logística
0,13.05,51.2,21,Masculino,7,41.6,0,1,37.0,0,Manufactura
1,57.74,90.2,39,Masculino,19,41.9,1,450,30.5,1,Servicios Personales
0,13.86,42.6,24,Femenino,9,68.6,0,1,56.4,0,Comercio & Retail
1,54.14,78.7,60,Masculino,13,41.3,1,45,22.1,0,Servicios Personales
0,7.8,27.5,41,Masculino,3,45.0,0,2,20.2,1,Manufactura
0,13.85,61.8,21,Femenino,13,39.2,0,1,16.3,0,Agroindustria
0,9.78,48.3,45,Masculino,8,57.6,0,1,32.2,1,Logística
1,40.46,60.2,32,Femenino,11,46.3,1,12,41.1,1,Manufactura
0,13.37,58.4,18,Femenino,12,60.5,0,2,33.7,1,Manufactura
0,11.44,52.4,20,Femenino,8,53.1,0,1,48.2,1,Comercio & Retail
1,51.93,82.2,31,Masculino,12,45.2,1,120,31.3,1,Comercio & Retail
0,11.07,26.6,55,Femenino,6,50.4,0,2,51.4,1,Tecnología
0,12.08,42.8,18,Masculino,10,46.0,0,1,48.5,0,Agroindustria
0,13.09,75.4,55,Femenino,12,40.6,0,8,47.4,1,Logística
0,11.42,54.9,55,Femenino,8,38.2,0,1,14.7,0,Manufactura
0,11.09,55.7,38,Femenino,6,38.2,0,8,17.8,1,Comercio & Retail
1,49.15,65.9,46,Femenino,8,40.3,1,12,24.7,1,Servicios Personales
0,16.11,78.7,22,Masculino,14,35.8,0,1,37.5,0,Manufactura
0,13.27,55.5,27,Masculino,13,69.9,0,4,25.4,0,Manufactura
0,17.26,70.6,45,Femenino,13,59.9,0,1,62.9,0,Servicios Personales
0,17.86,75.5,38,Femenino,16,40.4,0,1,17.9,0,Tecnología
0,14.01,60.0,24,Masculino,10,42.9,0,2,10.8,0,Logística
0,13.21,51.7,20,Femenino,11,27.8,0,2,27.7,0,Comercio & Retail
0,7.55,28.5,62,Masculino,2,39.7,0,1,23.5,0,Agroindustria
0,13.53,50.4,64,Masculino,7,60.6,0,1,47.2,0,Manufactura
0,14.71,66.0,37,Femenino,12,43.8,0,1,14.4,0,Servicios Personales
0,15.25,71.4,36,Femenino,13,54.1,0,1,22.5,1,Agroindustria
0,11.41,42.5,52,Masculino,5,40.9,0,1,35.8,0,Manufactura
0,14.09,47.6,21,Femenino,10,43.4,0,1,19.5,0,Comercio & Retail
1,52.22,90.3,22,Femenino,18,46.0,1,120,54.5,1,Comercio & Retail
0,12.75,54.4,18,Femenino,10,51.2,0,2,28.4,1,Comercio & Retail
0,17.27,86.4,21,Masculino,15,33.4,0,2,45.0,0,Comercio & Retail
1,44.15,67.1,29,Masculino,11,44.1,1,45,33.8,1,Logística
1,44.01,57.5,44,Femenino,12,46.0,1,450,8.5,1,Manufactura
0,13.06,50.2,59,Masculino,7,72.8,0,1,17.4,0,Servicios Personales
0,8.88,45.0,40,Femenino,4,49.4,0,4,48.0,0,Manufactura
1,48.28,71.2,42,Masculino,13,39.2,1,12,38.5,1,Manufactura
0,13.67,55.9,38,Femenino,11,62.8,0,4,21.6,1,Manufactura
0,11.71,44.4,41,Masculino,10,38.2,0,1,13.5,1,Logística
0,8.16,15.3,42,Masculino,5,48.7,0,2,16.2,0,Comercio & Retail
1,45.48,62.2,62,Femenino,9,42.3,1,12,29.2,1,Comercio & Retail
0,11.77,33.5,63,Femenino,8,48.6,0,4,31.9,0,Comercio & Retail
0,11.86,36.8,49,Femenino,8,60.6,0,4,10.1,0,Comercio & Retail
1,41.63,60.0,49,Femenino,11,43.1,1,120,19.3,1,Comercio & Retail
1,52.3,70.1,22,Femenino,13,49.4,1,120,15.9,1,Tecnología
0,14.85,73.7,53,Masculino,11,40.9,0,2,7.1,0,Comercio & Retail
0,11.07,62.7,63,Masculino,11,27.7,0,4,40.5,1,Tecnología
1,39.76,52.3,59,Femenino,10,36.6,1,12,67.1,1,Agroindustria
0,9.66,48.3,59,Masculino,9,38.0,0,1,15.5,0,Agroindustria
0,10.31,27.8,56,Masculino,7,43.9,0,2,37.5,0,Agroindustria
0,13.34,69.4,33,Masculino,10,56.2,0,1,5.9,0,Comercio & Retail
1,53.67,75.9,50,Femenino,13,45.7,1,45,8.7,1,Tecnología
0,13.31,57.8,38,Femenino,10,52.5,0,4,40.7,0,Manufactura
0,15.26,57.3,26,Femenino,7,43.5,0,2,46.5,0,Servicios Personales
0,10.71,45.8,23,Femenino,5,41.2,0,1,49.9,1,Servicios Personales
0,11.95,44.4,62,Masculino,6,30.0,0,2,26.8,1,Logística
0,11.02,38.7,52,Masculino,6,35.5,0,2,6.5,1,Comercio & Retail
1,56.06,99.4,56,Femenino,21,47.9,1,45,28.9,1,Comercio & Retail
0,9.73,28.2,39,Femenino,7,55.2,0,2,1.6,0,Manufactura
1,51.71,65.7,58,Masculino,10,36.5,1,12,8.6,1,Manufactura
0,11.7,53.0,22,Masculino,10,29.1,1,1,12.6,0,Agroindustria
1,54.19,85.7,59,Masculino,15,34.7,1,120,16.1,1,Comercio & Retail
0,13.94,70.3,40,Femenino,12,62.6,0,4,57.3,0,Manufactura
1,44.94,64.0,34,Masculino,12,45.9,1,45,25.0,1,Servicios Personales
0,12.03,67.4,29,Masculino,11,68.9,0,1,15.1,1,Comercio & Retail
0,9.71,51.2,40,Masculino,11,67.6,0,2,33.2,1,Comercio & Retail
0,12.35,44.3,33,Femenino,11,43.8,0,1,73.3,0,Logística
0,10.13,45.5,20,Femenino,8,58.4,0,1,8.5,1,Comercio & Retail
0,13.11,47.4,47,Femenino,7,52.3,0,1,9.4,0,Logística
0,13.91,63.6,39,Masculino,10,60.2,0,2,8.5,1,Manufactura
0,10.77,47.9,26,Masculino,8,45.5,0,1,4.6,0,Comercio & Retail
0,10.28,50.0,46,Masculino,11,66.5,0,2,29.9,0,Logística
0,7.25,52.0,64,Masculino,6,27.6,0,2,20.0,1,Manufactura
0,8.33,27.4,54,Femenino,4,59.2,0,4,30.3,0,Comercio & Retail
0,10.74,38.9,40,Femenino,5,32.3,0,8,53.2,0,Comercio & Retail
1,40.72,60.0,30,Femenino,10,44.7,1,12,59.4,1,Comercio & Retail
0,7.38,31.7,49,Femenino,4,31.7,0,4,6.3,0,Comercio & Retail
1,48.82,63.6,63,Masculino,17,41.2,1,45,9.8,1,Agroindustria
0,17.18,76.3,64,Masculino,17,34.7,0,1,11.8,1,Comercio & Retail
0,17.96,71.7,40,Femenino,13,43.0,0,1,5.1,1,Agroindustria
1,47.84,66.7,62,Masculino,9,39.9,1,450,43.5,1,Manufactura
0,12.47,53.8,34,Masculino,8,58.3,0,2,34.8,0,Agroindustria
0,11.32,63.9,57,Femenino,11,47.4,0,1,45.0,0,Comercio & Retail
0,11.21,43.1,38,Femenino,12,64.1,0,2,13.3,0,Servicios Personales
0,13.5,69.6,19,Femenino,11,39.2,0,2,20.0,1,Agroindustria
0,13.73,44.2,54,Femenino,5,52.9,0,1,11.6,0,Agroindustria
1,40.83,56.7,23,Masculino,9,44.2,1,45,12.0,1,Comercio & Retail
1,45.12,65.7,61,Femenino,12,41.6,1,45,46.2,1,Manufactura
0,8.44,24.1,35,Femenino,1,58.9,1,1,39.5,0,Tecnología
1,40.65,51.3,47,Masculino,6,45.8,1,45,19.4,1,Servicios Personales
0,13.38,62.5,39,Masculino,12,39.4,0,1,40.1,1,Manufactura
0,13.24,54.8,50,Femenino,9,36.1,0,4,49.0,1,Comercio & Retail
0,11.69,47.9,47,Masculino,9,53.4,0,2,14.1,1,Manufactura
1,46.99,71.2,34,Femenino,14,35.0,1,12,16.1,1,Manufactura
1,43.66,56.1,60,Femenino,10,38.3,1,120,6.8,1,Comercio & Retail
0,13.93,53.1,49,Masculino,8,48.6,0,1,55.5,1,Logística
0,8.61,46.0,59,Femenino,9,41.3,0,2,33.2,0,Manufactura
0,12.79,49.8,31,Masculino,9,65.2,0,1,32.8,0,Tecnología
0,9.9,46.3,27,Femenino,7,42.2,0,1,62.7,0,Comercio & Retail
0,13.04,49.7,64,Femenino,9,52.2,0,2,6.7,1,Comercio & Retail
0,12.86,40.6,53,Masculino,6,30.0,0,1,59.5,0,Tecnología
0,8.57,39.1,51,Femenino,9,64.8,0,2,24.3,0,Manufactura
0,10.67,52.5,26,Masculino,8,48.2,0,1,59.8,1,Comercio & Retail
0,10.9,52.9,59,Masculino,11,44.2,0,1,55.4,0,Manufactura
1,51.38,65.2,45,Masculino,16,47.7,1,12,36.9,1,Servicios Personales
0,11.25,61.9,28,Masculino,11,49.9,0,2,9.5,0,Manufactura
0,11.89,58.4,31,Femenino,10,50.7,1,1,12.0,0,Logística
0,10.77,63.4,56,Masculino,11,53.6,0,2,25.2,0,Comercio & Retail
0,12.39,47.5,64,Masculino,7,44.1,0,2,4.8,0,Comercio & Retail
1,45.97,71.2,36,Masculino,13,46.2,1,45,29.5,1,Tecnología
0,12.04,77.7,32,Masculino,12,39.2,1,1,13.2,0,Servicios Personales
0,15.77,63.4,45,Masculino,10,66.7,0,2,24.6,0,Servicios Personales
0,15.0,68.4,41,Femenino,11,35.2,0,1,42.7,0,Tecnología
1,47.41,64.7,25,Masculino,11,40.6,1,45,31.6,1,Comercio & Retail
1,44.17,67.7,60,Femenino,11,47.5,1,12,5.4,1,Manufactura
0,16.78,66.7,26,Femenino,14,63.8,0,2,11.0,0,Comercio & Retail
0,12.68,49.5,64,Masculino,7,46.7,0,2,20.0,0,Comercio & Retail
0,16.58,86.6,50,Femenino,15,45.1,0,1,53.5,0,Manufactura
0,11.3,28.9,50,Femenino,4,44.4,0,2,24.1,1,Tecnología
0,16.08,80.7,36,Femenino,13,50.2,0,1,39.9,0,Comercio & Retail
0,11.25,55.6,20,Masculino,11,45.0,0,1,43.1,0,Comercio & Retail
0,7.84,43.7,27,Femenino,6,35.2,0,1,42.8,0,Comercio & Retail
0,15.75,60.9,57,Masculino,14,46.8,1,8,9.5,0,Manufactura
0,12.08,35.0,64,Femenino,3,48.0,1,2,29.9,0,Comercio & Retail
1,54.1,91.3,59,Femenino,16,34.6,1,45,24.9,1,Manufactura
0,17.1,90.7,18,Femenino,19,36.5,0,1,11.5,0,Agroindustria
0,11.99,37.7,46,Masculino,9,45.4,0,2,25.0,0,Comercio & Retail
0,10.11,39.4,51,Femenino,6,48.2,0,1,31.7,0,Comercio & Retail
0,9.52,38.2,30,Masculino,8,24.6,0,1,33.1,0,Comercio & Retail
0,13.89,71.9,18,Masculino,14,41.0,0,1,4.4,0,Tecnología
0,13.42,59.4,51,Masculino,9,23.2,0,2,18.6,1,Comercio & Retail
0,10.06,19.7,46,Masculino,0,59.2,0,1,53.0,1,Agroindustria
0,9.53,43.5,64,Femenino,11,54.3,0,2,30.4,0,Comercio & Retail
0,13.06,63.7,30,Masculino,13,40.2,0,2,14.9,0,Comercio & Retail
1,42.77,65.1,46,Masculino,12,35.4,1,45,51.1,1,Servicios Personales
1,43.16,80.9,56,Masculino,13,35.4,1,12,19.4,1,Logística
1,51.4,77.5,41,Masculino,16,35.8,1,45,28.0,0,Comercio & Retail
0,14.83,56.0,43,Masculino,9,42.4,0,1,66.2,1,Manufactura
1,51.58,84.8,34,Masculino,17,43.2,1,450,46.3,1,Manufactura
0,13.45,45.1,24,Femenino,9,44.7,0,1,58.4,0,Manufactura
1,47.27,66.5,30,Masculino,14,36.4,1,12,61.9,1,Comercio & Retail
0,10.05,49.1,22,Masculino,9,45.7,0,1,41.7,1,Agroindustria
1,58.87,99.7,43,Masculino,18,38.6,1,120,4.6,1,Logística
0,10.85,55.2,20,Femenino,12,25.4,0,1,10.1,1,Agroindustria
0,12.9,53.2,24,Masculino,10,38.2,0,1,49.4,0,Manufactura
0,11.91,29.0,56,Masculino,5,58.9,0,1,5.4,1,Comercio & Retail
1,51.79,72.1,18,Femenino,11,41.4,1,12,36.4,1,Manufactura
0,11.83,46.8,34,Masculino,7,39.6,0,1,32.6,1,Comercio & Retail
1,48.08,76.7,60,Femenino,12,45.7,1,120,24.1,1,Manufactura
0,10.57,40.3,42,Masculino,13,67.0,0,4,16.1,0,Servicios Personales
0,17.4,80.3,20,Femenino,14,65.7,0,1,51.3,1,Comercio & Retail
1,45.86,54.0,32,Femenino,12,44.1,1,450,33.4,1,Comercio & Retail
0,12.84,49.1,46,Femenino,10,47.8,0,1,9.9,0,Servicios Personales
1,40.99,73.1,60,Masculino,15,39.0,1,45,24.4,1,Tecnología
0,13.89,74.8,49,Femenino,15,39.4,0,1,16.6,0,Servicios Personales
0,9.43,38.8,43,Masculino,6,56.7,0,2,45.2,1,Manufactura
0,13.05,75.9,33,Masculino,17,50.3,1,2,46.0,1,Agroindustria
1,50.39,74.0,42,Masculino,15,34.0,1,45,2.1,1,Servicios Personales
0,13.11,42.0,45,Femenino,7,52.0,0,4,11.0,1,Servicios Personales
0,7.53,10.5,26,Masculino,3,49.4,0,1,41.0,1,Comercio & Retail
0,14.97,78.4,18,Masculino,15,37.1,0,1,21.4,0,Manufactura
0,11.43,59.1,46,Femenino,11,52.0,1,2,11.3,0,Servicios Personales
0,13.28,48.9,39,Femenino,8,67.3,0,1,23.6,0,Servicios Personales
0,14.05,54.0,33,Femenino,11,29.8,0,1,59.4,1,Comercio & Retail
1,48.38,75.3,58,Masculino,15,47.3,1,120,13.8,1,Manufactura
0,4.81,5.0,61,Femenino,2,35.9,0,1,41.8,0,Tecnología
0,12.1,49.6,58,Femenino,10,68.0,0,2,17.8,1,Manufactura
0,12.59,50.5,24,Masculino,10,50.9,0,1,28.7,1,Manufactura
0,15.69,78.5,31,Masculino,16,41.4,0,2,35.8,0,Comercio & Retail
1,46.44,66.7,46,Masculino,13,41.0,1,45,49.2,1,Comercio & Retail
1,48.86,76.5,36,Masculino,13,43.3,1,12,26.4,1,Comercio & Retail
0,7.21,35.9,36,Femenino,8,48.4,1,1,34.2,1,Comercio & Retail
1,53.67,74.2,19,Masculino,13,44.3,1,45,18.1,1,Agroindustria
1,46.19,67.0,58,Femenino,8,34.6,1,45,33.3,1,Tecnología
0,14.26,50.1,62,Masculino,10,73.2,0,2,36.2,1,Manufactura
0,14.16,70.3,32,Masculino,12,73.8,0,1,63.8,1,Manufactura
1,45.11,69.3,20,Femenino,10,43.9,1,450,35.5,1,Servicios Personales
0,14.93,73.1,28,Masculino,11,36.8,0,2,27.1,0,Servicios Personales
1,51.73,72.1,63,Femenino,15,38.2,1,12,30.7,1,Agroindustria
0,10.13,61.8,47,Femenino,9,47.7,0,2,71.0,0,Servicios Personales
0,11.2,47.6,57,Masculino,6,49.8,0,2,23.0,0,Logística
0,11.87,55.1,35,Masculino,7,49.7,0,1,31.1,1,Comercio & Retail
0,8.86,45.9,19,Masculino,6,50.0,0,1,12.7,0,Servicios Personales
1,54.46,90.7,49,Masculino,16,41.9,1,120,33.4,1,Servicios Personales
1,45.49,60.7,25,Masculino,12,42.5,1,450,38.1,1,Logística
0,12.23,66.4,39,Femenino,14,42.6,0,2,16.1,0,Tecnología
0,11.21,45.2,23,Femenino,13,52.8,0,4,31.0,0,Manufactura
0,11.41,46.8,29,Femenino,9,71.8,0,4,41.8,0,Logística
1,48.32,75.9,64,Femenino,16,45.5,1,45,19.4,0,Servicios Personales
0,7.91,25.0,57,Masculino,7,46.7,0,1,43.8,0,Servicios Personales
1,47.42,87.4,53,Femenino,18,38.7,1,45,23.3,1,Tecnología
0,13.64,65.7,32,Femenino,10,40.4,0,1,17.6,0,Servicios Personales
1,44.62,73.9,45,Femenino,17,36.9,1,45,23.3,1,Servicios Personales
0,13.1,57.7,62,Masculino,6,46.4,0,1,9.0,0,Comercio & Retail
0,13.86,50.7,35,Masculino,8,26.1,0,1,33.1,1,Manufactura
0,9.45,39.4,19,Femenino,4,35.5,0,2,58.5,1,Comercio & Retail
1,50.05,70.5,30,Masculino,14,38.7,1,12,19.1,1,Servicios Personales
1,38.54,50.1,62,Femenino,11,38.1,1,120,23.8,1,Manufactura
1,51.94,92.4,32,Masculino,18,41.7,1,45,31.2,1,Logística
0,11.36,54.6,37,Femenino,8,55.7,0,1,9.6,0,Agroindustria
1,51.0,73.3,46,Femenino,15,37.9,1,12,5.6,1,Logística
1,44.56,57.6,59,Masculino,10,45.7,1,45,53.3,1,Manufactura
0,12.8,54.9,46,Masculino,10,51.1,0,4,35.3,1,Comercio & Retail
0,11.48,44.5,20,Femenino,9,45.6,0,1,44.1,1,Comercio & Retail
0,10.26,46.3,36,Masculino,7,67.5,0,4,38.3,1,Comercio & Retail
0,10.98,51.9,20,Masculino,11,37.4,0,2,39.4,0,Manufactura
0,14.91,66.6,31,Masculino,11,48.7,0,8,22.8,0,Agroindustria
0,11.02,54.2,57,Femenino,4,66.7,0,1,5.7,0,Comercio & Retail
0,9.39,26.0,21,Femenino,0,27.0,0,1,27.6,1,Logística
0,9.98,49.1,28,Masculino,9,27.5,0,2,19.7,1,Comercio & Retail
1,49.61,74.5,48,Femenino,14,31.7,1,45,9.0,1,Servicios Personales
0,10.88,70.3,60,Femenino,11,70.2,0,1,20.9,1,Manufactura
0,10.34,34.0,49,Femenino,5,48.5,0,1,22.5,0,Comercio & Retail
0,9.37,32.6,44,Masculino,3,28.9,0,1,2.4,1,Comercio & Retail
0,14.43,78.2,47,Femenino,14,53.8,0,2,22.8,1,Comercio & Retail
0,11.69,33.6,60,Masculino,4,55.0,0,2,9.8,0,Comercio & Retail
0,12.91,68.9,19,Femenino,13,48.7,0,2,34.4,1,Servicios Personales
1,50.69,73.5,26,Femenino,12,41.2,1,12,31.3,1,Agroindustria
1,49.83,96.3,45,Femenino,16,43.8,1,12,29.2,1,Tecnología
0,13.65,46.1,48,Femenino,8,44.7,0,1,20.2,0,Logística
1,48.59,83.4,51,Masculino,14,37.8,1,120,57.5,1,Servicios Personales
1,42.48,60.1,32,Masculino,15,44.7,1,120,14.2,1,Manufactura
0,11.76,39.8,42,Femenino,5,57.7,1,1,32.6,1,Logística
0,13.92,37.2,53,Femenino,11,49.7,0,2,45.4,0,Comercio & Retail
0,12.39,47.3,25,Masculino,10,44.7,0,4,28.7,1,Comercio & Retail
0,8.84,28.6,26,Masculino,6,61.7,0,1,8.7,0,Comercio & Retail
1,49.8,75.4,54,Masculino,11,36.0,1,120,44.9,1,Tecnología
0,7.24,36.2,62,Masculino,6,40.3,0,1,29.3,1,Manufactura
0,10.62,58.5,56,Femenino,11,21.6,0,4,12.6,0,Manufactura
1,53.4,84.8,49,Masculino,18,39.5,1,12,12.6,0,Comercio & Retail
0,10.31,36.5,34,Femenino,9,47.5,0,1,13.1,1,Servicios Personales
0,13.21,57.9,52,Femenino,10,29.6,0,1,39.2,0,Servicios Personales
1,51.48,75.8,54,Masculino,15,33.2,1,45,48.6,1,Manufactura
1,49.79,66.9,36,Masculino,15,32.4,1,120,9.6,1,Servicios Personales
0,13.06,60.8,61,Masculino,8,37.9,1,1,36.8,0,Tecnología
0,13.86,80.5,46,Femenino,13,43.5,0,1,47.8,1,Comercio & Retail
0,3.79,5.0,24,Femenino,0,58.0,0,1,38.0,0,Tecnología
0,6.55,32.1,45,Femenino,6,52.7,1,2,26.1,0,Comercio & Retail
1,52.72,75.7,26,Masculino,14,44.1,1,45,43.7,1,Tecnología
0,10.35,42.4,45,Femenino,8,48.2,0,4,25.5,1,Comercio & Retail
0,12.66,48.8,23,Masculino,9,57.0,0,2,9.4,0,Manufactura
0,11.53,28.8,46,Femenino,6,36.3,0,2,14.0,0,Servicios Personales
0,7.94,28.9,34,Masculino,6,48.3,0,2,11.2,0,Agroindustria
0,6.75,13.8,33,Masculino,1,34.5,0,1,51.3,0,Servicios Personales
0,14.98,52.3,40,Femenino,9,44.9,0,1,17.5,0,Manufactura
0,15.86,65.0,48,Femenino,12,32.7,0,2,9.9,0,Logística
0,9.25,50.8,20,Masculino,11,33.7,0,1,45.8,1,Servicios Personales
0,12.17,31.5,38,Masculino,7,65.9,0,1,72.1,0,Comercio & Retail
0,7.42,22.6,43,Masculino,5,44.4,0,1,29.5,0,Servicios Personales
0,12.64,60.9,53,Masculino,9,72.6,0,1,15.5,1,Comercio & Retail
0,13.59,56.3,59,Femenino,5,41.7,0,2,17.9,1,Manufactura
0,10.74,47.3,54,Masculino,7,52.6,0,1,4.6,1,Comercio & Retail
0,8.36,29.3,39,Femenino,10,58.6,0,1,41.9,0,Servicios Personales
0,10.78,48.7,59,Masculino,7,52.0,0,1,22.0,0,Servicios Personales
1,48.64,86.9,29,Femenino,15,45.2,1,45,63.8,1,Agroindustria
0,8.72,32.5,59,Masculino,6,55.2,0,2,29.4,0,Manufactura
0,12.07,55.8,30,Femenino,8,26.7,0,1,33.1,0,Servicios Personales
1,46.59,77.7,28,Femenino,13,37.6,1,12,50.1,1,Comercio & Retail
1,54.4,79.9,33,Femenino,13,33.9,1,12,34.0,1,Servicios Personales
0,13.02,57.1,25,Masculino,12,44.3,0,8,17.0,1,Manufactura
0,13.25,47.8,57,Masculino,8,23.5,0,2,4.2,0,Manufactura
0,13.61,64.8,57,Masculino,12,45.2,0,2,34.0,0,Comercio & Retail
0,14.76,80.2,62,Femenino,13,57.5,0,1,23.4,0,Manufactura
0,11.45,58.9,19,Masculino,12,26.6,1,1,16.0,0,Servicios Personales
1,45.45,64.4,47,Masculino,10,43.5,1,120,9.9,1,Agroindustria
1,41.56,65.7,47,Femenino,12,44.1,1,12,18.3,1,Manufactura
0,11.61,64.6,29,Femenino,10,50.2,0,2,5.1,0,Comercio & Retail
1,49.71,70.6,27,Femenino,12,32.2,0,12,48.9,1,Comercio & Retail
1,40.21,48.4,61,Femenino,10,45.6,1,45,48.0,1,Comercio & Retail
0,7.93,33.7,28,Femenino,4,49.8,0,1,14.0,0,Logística
0,10.87,40.1,32,Masculino,8,53.9,0,2,64.5,0,Manufactura
0,17.15,86.8,33,Femenino,18,52.5,0,1,48.6,1,Comercio & Retail
0,10.39,44.5,34,Masculino,3,38.3,0,2,63.3,0,Comercio & Retail
1,51.31,74.8,43,Masculino,16,41.5,1,450,22.4,1,Logística
0,13.89,56.9,19,Masculino,12,13.7,0,2,13.7,0,Tecnología
1,39.24,53.2,29,Masculino,10,40.9,1,120,13.2,1,Logística
0,11.65,37.8,43,Femenino,4,59.4,0,1,48.9,0,Tecnología
1,47.13,61.7,40,Masculino,10,42.2,1,450,9.7,1,Comercio & Retail
0,11.6,46.6,35,Femenino,7,54.0,0,4,35.1,0,Manufactura
1,43.87,67.0,49,Masculino,15,42.3,1,12,23.5,1,Tecnología
0,14.74,40.5,55,Masculino,7,49.0,0,4,1.6,0,Comercio & Retail
1,47.84,65.1,64,Masculino,9,40.1,1,12,28.3,1,Logística
0,10.35,43.8,20,Masculino,11,39.7,0,1,15.4,1,Manufactura
1,41.19,49.6,55,Femenino,8,39.1,1,45,37.2,1,Servicios Personales
0,13.78,68.8,20,Femenino,14,68.7,0,2,44.3,0,Comercio & Retail
1,40.57,55.7,47,Masculino,9,38.0,1,450,21.5,1,Manufactura
0,7.96,28.4,18,Femenino,3,42.1,0,2,29.4,1,Tecnología
0,10.97,44.0,47,Masculino,11,48.5,0,4,20.4,1,Agroindustria
1,46.36,72.9,62,Femenino,13,45.5,1,120,18.7,1,Logística
1,48.66,65.2,49,Masculino,15,46.9,0,120,7.5,1,Tecnología
0,12.5,51.2,45,Femenino,12,55.2,0,1,31.4,0,Comercio & Retail
0,15.76,71.5,38,Masculino,14,51.9,0,1,51.8,0,Manufactura
0,11.61,58.9,63,Masculino,12,48.8,0,1,65.3,0,Comercio & Retail
0,10.91,31.0,30,Femenino,6,30.2,0,1,33.2,0,Servicios Personales
0,10.94,39.1,44,Femenino,7,71.5,0,1,25.5,0,Servicios Personales
0,5.7,11.7,53,Femenino,1,36.9,1,4,13.7,0,Manufactura
0,14.33,66.5,24,Femenino,9,45.7,0,1,46.6,0,Comercio & Retail
1,44.07,66.1,39,Femenino,12,50.9,1,45,16.6,1,Comercio & Retail
0,10.74,29.4,27,Femenino,4,51.1,0,4,9.2,0,Servicios Personales
1,49.43,82.6,56,Masculino,15,43.3,1,12,8.3,1,Logística
0,11.21,53.1,32,Femenino,10,49.3,0,1,14.8,0,Servicios Personales
0,8.81,40.4,32,Masculino,7,35.4,0,2,48.9,1,Manufactura
0,7.83,40.3,21,Masculino,4,58.2,0,1,6.9,1,Comercio & Retail
0,14.25,72.1,49,Femenino,16,62.7,0,2,23.1,0,Servicios Personales
0,12.94,60.8,40,Femenino,14,40.6,0,2,44.7,1,Tecnología
0,9.78,53.6,23,Masculino,8,61.9,0,1,18.7,0,Tecnología
0,15.55,72.6,41,Femenino,14,53.7,0,2,50.1,0,Manufactura
1,43.61,52.5,37,Masculino,9,37.7,1,12,27.9,1,Servicios Personales
0,8.43,43.5,54,Masculino,8,44.3,0,1,44.4,0,Servicios Personales
0,11.52,53.0,37,Femenino,8,68.0,0,1,17.4,1,Comercio & Retail
0,11.23,37.3,29,Masculino,9,55.0,0,4,13.3,1,Logística
0,9.8,27.6,50,Femenino,8,56.3,0,1,19.6,0,Tecnología
0,10.86,51.0,45,Femenino,10,39.3,0,1,68.4,0,Servicios Personales
1,52.25,85.3,25,Masculino,16,40.6,1,450,3.8,1,Comercio & Retail
0,15.38,100.0,18,Masculino,19,57.2,1,2,45.9,1,Comercio & Retail
0,9.92,40.5,54,Masculino,5,53.0,0,2,7.4,0,Servicios Personales
0,13.92,53.8,39,Masculino,12,54.4,0,1,10.9,0,Comercio & Retail
0,12.14,49.9,23,Masculino,11,70.1,0,4,21.9,1,Manufactura
1,42.13,75.1,38,Masculino,12,40.2,1,45,5.9,1,Manufactura
1,45.44,56.1,49,Femenino,8,34.2,1,12,62.6,0,Logística
1,49.87,68.5,52,Masculino,12,39.3,1,45,10.6,1,Manufactura
0,8.79,44.2,32,Masculino,5,42.3,0,2,3.7,1,Manufactura
1,57.21,100.0,22,Femenino,22,45.3,1,120,24.9,1,Comercio & Retail
1,39.74,56.9,63,Masculino,11,31.3,1,45,47.0,1,Servicios Personales
0,11.46,65.4,23,Femenino,13,26.0,0,1,4.0,0,Agroindustria
0,13.24,45.4,42,Masculino,6,48.1,0,1,35.0,0,Comercio & Retail
0,10.87,45.4,63,Masculino,7,52.9,0,4,15.2,0,Comercio & Retail
0,10.29,11.3,57,Masculino,4,32.8,0,1,10.7,0,Tecnología
1,52.39,87.8,46,Femenino,16,45.1,1,120,16.7,1,Servicios Personales
0,11.45,44.9,24,Masculino,6,44.7,0,1,33.9,0,Manufactura
0,9.77,54.3,57,Femenino,9,64.0,0,1,55.9,0,Comercio & Retail
0,12.88,65.1,30,Masculino,9,53.3,0,1,22.7,0,Manufactura
1,43.49,54.9,55,Masculino,12,44.0,1,45,60.2,1,Logística
0,11.85,24.3,35,Masculino,5,42.8,0,1,21.1,0,Comercio & Retail
0,12.25,72.0,19,Masculino,13,55.3,0,4,12.4,0,Agroindustria
1,49.19,67.4,25,Masculino,15,45.1,1,120,23.8,1,Tecnología
0,11.28,59.7,28,Femenino,7,47.0,0,1,37.4,0,Servicios Personales
1,36.86,48.1,50,Femenino,10,38.5,1,450,1.3,1,Comercio & Retail
1,43.05,55.8,55,Masculino,12,47.3,1,45,13.2,1,Tecnología
0,11.91,55.0,44,Masculino,11,52.3,0,4,4.2,0,Servicios Personales
0,10.01,36.0,37,Femenino,6,40.4,0,1,59.3,0,Manufactura
1,49.24,63.3,29,Masculino,13,42.4,1,45,37.3,0,Comercio & Retail
1,44.95,76.4,60,Femenino,16,41.6,1,120,42.5,1,Manufactura
0,13.01,75.4,48,Femenino,16,75.1,0,4,20.7,0,Manufactura
0,9.98,47.4,44,Masculino,12,67.4,0,1,38.0,0,Logística
1,47.38,72.0,49,Femenino,13,41.7,1,450,30.9,1,Servicios Personales
0,11.84,46.6,27,Femenino,9,51.8,0,1,12.8,0,Comercio & Retail
0,11.85,41.5,20,Femenino,7,64.5,0,2,20.1,0,Logística
0,8.45,42.9,62,Masculino,10,54.2,0,1,53.0,0,Agroindustria
1,50.37,75.8,44,Masculino,19,40.9,1,45,7.8,1,Servicios Personales
0,10.61,46.1,52,Masculino,8,51.5,0,2,22.5,0,Tecnología
1,48.06,78.5,48,Femenino,12,36.7,1,45,12.2,1,Comercio & Retail
0,14.76,74.2,32,Masculino,11,33.0,0,1,25.0,1,Manufactura
0,12.5,41.9,33,Masculino,9,61.6,0,1,35.1,0,Agroindustria
0,15.22,71.6,30,Masculino,16,32.5,0,2,33.2,1,Logística
1,48.05,80.7,52,Masculino,16,51.9,1,12,40.8,1,Servicios Personales
1,43.64,68.3,28,Femenino,20,39.7,1,12,43.7,1,Agroindustria
0,10.46,37.1,38,Femenino,7,45.7,0,1,69.8,0,Agroindustria
0,13.04,65.2,28,Femenino,12,33.7,0,1,40.7,0,Comercio & Retail
0,14.9,52.7,47,Femenino,10,41.3,0,1,37.3,0,Logística
0,7.2,24.0,52,Masculino,7,48.3,0,1,29.9,0,Manufactura
0,9.09,24.7,39,Masculino,7,27.2,0,2,15.3,0,Comercio & Retail
0,10.07,44.7,55,Masculino,11,37.0,0,1,31.4,0,Agroindustria
0,13.6,46.2,48,Femenino,8,47.3,0,1,13.3,0,Logística
0,11.01,30.6,31,Femenino,6,44.7,0,1,46.4,1,Comercio & Retail
0,11.78,70.6,41,Femenino,10,43.0,0,4,49.3,0,Comercio & Retail
0,9.27,25.6,49,Femenino,6,43.7,1,1,18.3,0,Manufactura
0,13.3,59.3,53,Femenino,8,68.3,0,2,12.8,1,Logística
0,10.98,47.0,49,Masculino,11,52.3,0,2,22.2,0,Servicios Personales
0,15.34,76.2,32,Femenino,9,39.0,0,1,42.2,0,Logística
1,44.89,57.6,60,Masculino,9,41.9,1,12,29.7,1,Comercio & Retail
1,47.59,60.8,52,Femenino,17,41.9,1,120,36.6,1,Comercio & Retail
1,52.5,87.2,20,Masculino,15,47.8,1,12,56.9,1,Tecnología
0,8.71,50.4,33,Masculino,10,46.3,0,2,13.8,0,Manufactura
0,6.68,48.3,22,Femenino,6,52.2,0,1,23.5,0,Manufactura
0,13.46,66.9,38,Masculino,13,41.6,0,1,53.5,1,Comercio & Retail
1,52.68,91.4,27,Masculino,20,37.8,1,45,26.3,1,Comercio & Retail
0,14.74,72.5,36,Masculino,15,36.9,0,1,32.2,0,Tecnología
0,7.74,23.3,42,Masculino,5,33.3,0,1,8.8,1,Comercio & Retail
0,11.02,46.6,21,Femenino,9,47.5,0,2,15.7,1,Comercio & Retail
0,9.43,30.1,46,Masculino,7,46.9,0,8,61.5,1,Logística
0,6.76,34.3,36,Masculino,6,52.2,0,4,30.8,1,Comercio & Retail
1,48.42,73.0,60,Femenino,14,41.5,1,12,40.6,1,Servicios Personales
0,15.44,81.6,19,Femenino,14,46.8,0,1,23.5,0,Servicios Personales
1,58.62,97.9,27,Masculino,17,44.1,1,450,35.6,1,Tecnología
1,43.62,66.9,60,Femenino,13,44.2,1,120,25.0,1,Servicios Personales
0,9.27,43.7,42,Masculino,10,33.7,0,1,46.0,0,Logística
0,13.72,58.5,37,Masculino,11,44.6,0,1,9.4,1,Agroindustria
0,11.56,41.4,36,Masculino,7,47.6,0,1,23.9,0,Comercio & Retail
1,51.46,88.2,40,Femenino,15,44.1,1,45,4.8,1,Comercio & Retail
0,11.94,51.8,41,Femenino,7,38.3,0,1,9.8,0,Comercio & Retail
0,13.5,49.3,28,Femenino,8,46.7,0,1,35.7,1,Comercio & Retail
1,45.48,66.2,63,Masculino,9,32.5,1,45,72.5,1,Agroindustria
0,4.53,9.9,51,Masculino,0,54.1,0,2,21.5,0,Manufactura
1,51.55,73.3,45,Masculino,13,36.3,1,12,12.7,1,Logística
0,10.98,34.0,22,Masculino,6,55.3,0,2,32.5,1,Comercio & Retail
0,14.95,62.3,22,Femenino,13,52.4,0,4,43.0,0,Servicios Personales
0,12.41,26.3,38,Femenino,8,41.4,0,1,32.5,1,Logística
0,12.78,48.0,29,Masculino,8,58.2,0,1,44.8,0,Tecnología
0,7.99,40.3,21,Masculino,6,39.2,0,2,6.5,0,Comercio & Retail
1,45.23,73.6,59,Femenino,15,41.5,1,12,17.7,1,Comercio & Retail
1,52.8,83.5,37,Femenino,16,39.1,1,45,46.4,1,Agroindustria
1,50.01,81.0,55,Femenino,14,42.3,0,12,44.8,1,Comercio & Retail
0,13.51,58.8,42,Femenino,11,45.3,0,1,23.6,0,Tecnología
1,41.87,65.0,31,Masculino,11,41.6,1,45,35.9,1,Comercio & Retail
1,47.16,74.7,28,Masculino,14,40.4,1,12,2.9,1,Comercio & Retail
1,44.63,65.8,49,Masculino,10,36.1,1,45,37.9,1,Manufactura
1,53.33,80.3,28,Masculino,15,45.1,1,120,50.0,1,Comercio & Retail
0,15.38,57.2,35,Masculino,6,52.1,0,1,11.0,0,Comercio & Retail
1,56.32,73.6,44,Masculino,14,36.8,1,12,26.1,1,Comercio & Retail
0,14.7,65.6,35,Femenino,15,57.3,0,1,31.5,0,Comercio & Retail
0,14.03,51.6,40,Masculino,6,56.0,0,1,38.9,1,Servicios Personales
0,12.25,49.4,28,Femenino,7,34.5,0,8,50.6,0,Logística
0,11.95,59.8,38,Femenino,10,54.8,0,4,24.4,1,Tecnología
0,11.37,47.6,61,Femenino,12,46.8,0,1,25.7,0,Agroindustria
1,43.85,61.9,22,Masculino,8,47.6,1,45,9.7,1,Manufactura
1,49.18,65.0,40,Femenino,10,42.0,1,45,13.0,1,Manufactura
0,8.85,26.1,58,Femenino,2,37.3,0,1,40.3,1,Manufactura
0,10.82,38.5,42,Femenino,13,39.3,0,4,24.0,1,Manufactura
1,47.9,63.6,58,Masculino,13,49.8,0,450,12.7,1,Servicios Personales
1,59.92,98.1,27,Masculino,16,39.1,1,12,28.0,0,Manufactura
1,51.37,67.8,39,Masculino,12,37.2,1,12,37.7,0,Servicios Personales
0,10.03,38.9,36,Femenino,9,43.8,0,1,3.9,1,Logística
0,11.31,33.4,18,Femenino,6,34.8,0,2,4.1,0,Comercio & Retail
0,10.4,39.0,24,Masculino,7,41.0,0,1,17.4,0,Manufactura
0,12.05,66.3,21,Femenino,10,49.0,0,2,47.0,0,Comercio & Retail
0,9.46,27.9,18,Masculino,7,42.8,0,4,28.0,0,Manufactura
0,9.67,53.6,32,Masculino,7,50.5,0,2,29.4,0,Comercio & Retail
1,39.63,62.9,57,Masculino,10,43.9,1,45,13.2,0,Tecnología
0,13.93,53.4,29,Masculino,4,42.3,0,4,24.3,0,Manufactura
0,14.57,44.3,39,Femenino,6,24.1,0,1,20.9,0,Manufactura
0,12.74,46.6,39,Femenino,11,43.8,0,1,45.2,1,Manufactura
1,40.74,58.5,64,Masculino,11,48.4,1,45,23.5,1,Manufactura
0,13.13,57.1,34,Femenino,13,45.9,0,2,32.8,0,Comercio & Retail
0,11.54,62.9,46,Femenino,11,64.6,0,4,14.8,0,Manufactura
0,16.48,72.4,63,Femenino,10,56.2,0,2,16.8,0,Logística
0,12.49,54.4,31,Femenino,12,41.2,0,4,25.9,0,Logística
0,12.83,68.3,37,Femenino,11,41.9,0,1,4.6,0,Tecnología
0,12.24,32.8,50,Femenino,6,47.6,0,2,65.2,1,Agroindustria
0,12.41,27.5,60,Masculino,7,41.5,0,4,6.9,0,Comercio & Retail
0,14.21,95.0,32,Masculino,16,61.3,0,1,17.8,0,Servicios Personales
1,59.97,100.0,29,Masculino,22,40.1,1,12,33.3,1,Comercio & Retail
0,14.8,71.9,57,Masculino,13,35.8,0,1,18.9,0,Manufactura
0,12.42,47.6,37,Femenino,6,65.3,0,4,30.1,0,Agroindustria
1,45.25,66.0,47,Femenino,17,47.7,1,120,53.2,1,Servicios Personales
0,11.99,44.3,55,Femenino,8,45.4,0,1,16.4,0,Logística
0,11.46,46.6,20,Masculino,12,55.5,0,1,20.2,0,Comercio & Retail
0,10.5,49.8,45,Masculino,10,43.5,0,8,50.8,0,Tecnología
0,14.45,70.5,43,Femenino,11,42.7,0,1,58.1,1,Manufactura
0,12.9,51.5,47,Femenino,8,37.3,0,2,10.3,0,Logística
1,43.46,68.8,30,Masculino,15,41.5,1,45,43.6,1,Manufactura
0,11.14,51.2,30,Masculino,9,33.4,0,1,16.0,0,Tecnología
0,13.42,61.5,19,Masculino,12,40.7,0,1,41.8,0,Servicios Personales
1,44.04,66.1,54,Femenino,12,42.7,1,12,54.2,1,Manufactura
1,38.96,48.7,55,Femenino,10,42.8,1,12,29.0,0,Servicios Personales
0,7.37,29.8,19,Masculino,4,32.4,0,1,39.4,0,Comercio & Retail
0,8.32,44.5,53,Masculino,7,42.6,0,1,45.3,0,Comercio & Retail
1,46.41,71.3,43,Masculino,13,47.0,1,12,29.2,1,Comercio & Retail
0,13.15,61.2,28,Masculino,11,53.0,0,1,17.5,1,Agroindustria
0,7.82,26.6,25,Masculino,7,68.1,0,2,40.1,0,Tecnología
0,12.72,42.4,61,Masculino,10,80.0,0,1,25.6,1,Manufactura
1,47.9,65.2,57,Femenino,11,50.7,1,45,2.4,1,Comercio & Retail
1,43.16,60.5,60,Femenino,12,44.0,1,45,61.0,0,Servicios Personales
1,54.63,78.6,39,Masculino,17,40.4,1,12,43.1,1,Comercio & Retail
0,9.59,16.5,37,Femenino,1,48.3,0,1,22.8,0,Comercio & Retail
0,14.87,72.5,25,Masculino,15,70.4,0,1,18.4,0,Comercio & Retail
0,12.57,41.3,46,Masculino,11,58.0,0,1,19.4,0,Logística
0,13.95,56.3,57,Masculino,6,53.5,0,1,24.3,0,Logística
1,45.6,57.9,43,Femenino,11,42.3,1,45,14.0,1,Comercio & Retail
1,54.49,75.1,47,Femenino,15,40.7,1,12,37.3,0,Comercio & Retail
1,53.87,83.8,34,Masculino,17,41.0,1,45,17.6,1,Manufactura
0,12.94,48.6,37,Masculino,6,56.9,0,2,18.0,0,Comercio & Retail
0,11.65,49.8,33,Masculino,7,43.0,1,1,18.5,0,Agroindustria
0,9.98,34.3,63,Femenino,5,44.5,0,2,6.1,1,Comercio & Retail
0,9.68,50.3,60,Femenino,11,45.1,0,8,12.1,1,Comercio & Retail
0,13.85,71.4,24,Masculino,11,55.6,1,4,18.6,1,Comercio & Retail
1,46.22,71.6,33,Masculino,14,41.1,1,45,18.4,1,Servicios Personales
0,12.62,68.9,62,Masculino,12,36.1,0,1,38.8,0,Comercio & Retail
0,12.1,56.2,64,Femenino,13,60.4,0,1,28.7,0,Comercio & Retail
0,12.14,41.5,44,Femenino,5,49.4,0,8,11.7,1,Comercio & Retail
0,11.66,68.7,40,Femenino,17,80.0,0,2,30.7,0,Logística
1,43.78,71.0,41,Masculino,15,41.3,1,120,26.7,1,Servicios Personales
0,13.06,48.3,26,Masculino,8,60.4,0,2,29.0,0,Servicios Personales
0,13.55,60.4,52,Femenino,7,50.2,0,4,44.6,1,Manufactura
1,45.94,73.6,37,Femenino,13,45.1,1,12,3.4,1,Tecnología
0,12.16,45.4,54,Masculino,4,38.0,0,2,51.6,0,Servicios Personales
0,12.34,47.6,59,Femenino,7,39.6,0,4,3.9,1,Comercio & Retail
0,8.77,27.9,34,Masculino,6,44.6,0,1,22.6,0,Servicios Personales
0,9.67,44.0,64,Masculino,10,33.4,1,2,24.3,1,Servicios Personales
0,14.12,54.6,48,Femenino,8,48.3,0,1,19.7,1,Manufactura
0,10.41,33.0,25,Femenino,7,44.7,0,1,55.0,0,Comercio & Retail
0,10.4,27.6,32,Masculino,7,60.3,1,1,13.4,0,Servicios Personales
0,13.25,37.2,48,Femenino,8,51.5,0,4,26.3,0,Manufactura
0,10.08,37.7,47,Femenino,5,48.1,0,2,36.2,1,Manufactura
1,44.1,55.1,63,Masculino,12,43.4,1,120,9.1,1,Manufactura
1,53.38,83.6,37,Masculino,14,40.1,1,45,12.8,1,Agroindustria
0,15.04,67.3,56,Masculino,12,55.4,1,1,37.1,1,Servicios Personales
0,16.48,76.9,29,Femenino,15,71.6,0,2,6.2,0,Servicios Personales
0,9.55,46.9,34,Femenino,7,42.3,0,1,74.9,0,Servicios Personales
0,11.87,49.0,59,Femenino,7,42.2,1,1,21.0,0,Servicios Personales
1,44.89,69.2,47,Femenino,12,41.3,1,12,41.0,1,Comercio & Retail
0,11.43,54.8,46,Masculino,12,54.4,0,1,48.4,1,Manufactura
1,42.85,67.6,36,Femenino,10,42.6,1,120,34.5,1,Logística
0,14.58,61.3,63,Masculino,10,43.9,0,2,14.3,1,Comercio & Retail
0,9.11,35.1,28,Femenino,6,45.8,1,2,29.5,0,Tecnología
0,8.49,22.7,51,Femenino,0,51.8,0,1,23.1,0,Manufactura
0,14.01,49.7,24,Masculino,12,49.2,0,1,17.5,0,Servicios Personales
1,47.1,79.6,61,Femenino,14,37.2,1,120,66.0,1,Logística
0,12.47,49.9,51,Femenino,8,64.3,0,1,10.3,0,Manufactura
0,10.31,25.6,37,Femenino,8,41.3,0,2,15.9,0,Comercio & Retail
1,46.9,63.0,55,Femenino,7,40.1,1,45,71.7,1,Tecnología
0,9.35,37.9,41,Femenino,9,51.1,0,1,41.1,1,Servicios Personales
1,52.29,76.7,27,Femenino,14,35.6,1,120,32.7,1,Comercio & Retail
0,13.67,53.1,49,Masculino,6,40.8,0,4,8.6,0,Manufactura
0,11.27,36.9,32,Masculino,12,51.3,0,1,15.7,0,Servicios Personales
0,13.47,49.3,54,Masculino,8,27.4,0,2,29.2,0,Servicios Personales
0,10.41,31.9,37,Femenino,2,51.1,0,1,22.5,1,Tecnología
1,49.45,62.2,20,Masculino,9,33.1,0,12,18.0,1,Logística
1,55.66,91.2,54,Femenino,16,41.0,1,45,59.0,1,Comercio & Retail
0,10.47,52.3,57,Masculino,7,80.0,0,4,15.7,0,Tecnología
0,9.99,47.6,25,Masculino,9,40.2,0,1,30.2,0,Manufactura
0,14.23,59.6,57,Femenino,10,34.9,0,2,17.2,0,Logística
1,42.23,79.1,61,Masculino,11,39.2,1,45,25.0,1,Comercio & Retail
0,15.58,91.6,40,Masculino,16,39.6,0,1,3.6,1,Manufactura
0,9.68,36.3,57,Masculino,7,68.8,0,1,56.3,1,Servicios Personales
1,45.46,65.7,28,Femenino,10,39.8,1,120,78.1,1,Servicios Personales
1,51.21,80.6,63,Masculino,13,36.8,1,12,19.8,0,Comercio & Retail
0,10.6,34.2,25,Masculino,7,44.1,0,2,25.3,0,Manufactura
0,13.62,54.8,46,Femenino,10,35.4,0,1,8.6,0,Servicios Personales
1,49.46,68.1,47,Masculino,14,42.7,1,12,36.8,1,Servicios Personales
0,11.69,56.2,27,Femenino,8,39.3,0,2,28.6,0,Manufactura
0,12.56,46.9,56,Femenino,9,51.6,0,1,40.1,0,Agroindustria
0,10.52,32.7,45,Masculino,6,49.4,0,2,33.5,1,Comercio & Retail
1,50.5,81.9,53,Masculino,14,46.0,1,12,11.6,1,Servicios Personales
0,10.92,46.9,30,Masculino,11,32.7,0,2,13.8,0,Servicios Personales
0,13.41,48.9,49,Masculino,8,35.7,0,2,6.3,0,Comercio & Retail
0,11.27,43.7,53,Femenino,9,54.6,0,1,14.1,0,Comercio & Retail
1,50.03,65.9,54,Femenino,10,40.1,1,45,33.3,1,Logística
1,43.03,52.9,43,Masculino,11,35.1,1,120,25.2,1,Manufactura
0,8.93,47.4,39,Femenino,8,47.9,0,1,25.1,0,Comercio & Retail
0,7.4,23.1,21,Masculino,8,30.5,1,1,23.3,0,Agroindustria
0,11.29,51.0,48,Masculino,9,36.4,0,1,44.2,0,Agroindustria
0,12.36,57.2,35,Femenino,11,68.1,0,1,38.1,0,Manufactura
1,51.13,79.7,55,Femenino,16,42.3,1,12,1.8,1,Tecnología
1,35.81,56.0,41,Masculino,7,47.3,1,12,9.9,1,Manufactura
0,10.03,37.0,40,Masculino,4,57.8,0,2,50.1,1,Tecnología
0,15.52,79.0,39,Masculino,15,46.3,0,1,28.0,1,Servicios Personales
0,12.87,35.6,19,Masculino,7,62.3,0,4,28.4,1,Servicios Personales
0,17.81,100.0,48,Masculino,16,49.2,0,1,29.1,0,Servicios Personales
1,39.0,56.6,28,Femenino,15,48.8,1,45,27.9,1,Servicios Personales
0,13.13,51.0,45,Femenino,12,56.1,0,1,32.5,1,Comercio & Retail
1,49.53,67.4,63,Femenino,15,41.2,1,12,15.8,1,Servicios Personales
0,13.98,28.9,49,Femenino,3,53.4,0,2,41.7,1,Logística
0,9.5,35.4,22,Femenino,5,42.8,0,2,39.0,0,Comercio & Retail
0,13.08,51.5,55,Femenino,11,44.4,0,1,27.4,0,Comercio & Retail
0,12.47,52.8,27,Femenino,9,33.3,0,1,8.9,1,Logística
0,13.88,54.6,57,Femenino,7,49.1,0,2,37.2,1,Comercio & Retail
1,45.29,67.6,63,Masculino,13,42.1,1,120,24.9,1,Agroindustria
0,13.97,46.4,41,Masculino,11,51.2,0,1,15.7,1,Servicios Personales
1,47.22,70.0,52,Femenino,14,43.0,1,450,16.0,1,Manufactura
0,15.36,42.8,61,Masculino,9,37.8,0,1,40.6,0,Servicios Personales
0,9.61,41.0,40,Femenino,10,69.3,0,4,28.0,1,Comercio & Retail
1,50.4,79.4,34,Masculino,16,41.4,1,12,19.0,1,Logística
0,6.48,26.0,18,Femenino,5,47.5,0,1,10.1,1,Logística
1,40.92,51.7,48,Masculino,10,47.3,1,45,56.9,1,Comercio & Retail
0,12.55,47.2,48,Femenino,7,32.1,0,1,28.0,0,Comercio & Retail
1,53.88,82.2,59,Masculino,16,38.8,1,45,13.6,1,Comercio & Retail
1,54.82,100.0,59,Femenino,19,42.7,1,12,14.5,1,Comercio & Retail
0,10.44,41.8,51,Masculino,11,59.4,0,2,15.3,1,Comercio & Retail
0,15.94,61.0,26,Femenino,12,45.1,0,1,16.3,0,Manufactura
1,42.2,65.1,39,Femenino,10,45.0,1,12,27.1,1,Comercio & Retail
0,13.81,34.2,30,Masculino,9,40.7,0,8,17.6,1,Comercio & Retail
0,16.11,53.3,42,Femenino,10,63.4,0,1,25.8,1,Comercio & Retail
0,10.96,37.0,35,Masculino,5,53.3,0,1,6.1,0,Comercio & Retail
1,40.61,56.0,29,Femenino,13,45.2,1,12,35.9,1,Manufactura
0,7.04,32.2,57,Femenino,6,28.8,0,1,42.2,0,Agroindustria
0,11.36,39.1,34,Masculino,9,42.1,0,1,27.2,0,Comercio & Retail
1,41.99,57.8,32,Femenino,10,45.5,1,12,30.1,1,Comercio & Retail
0,8.35,18.0,59,Femenino,7,58.8,0,1,9.3,0,Manufactura
0,12.66,55.3,32,Masculino,12,49.1,0,4,30.9,0,Comercio & Retail
0,10.76,39.8,32,Masculino,8,21.8,0,1,20.2,0,Manufactura
1,55.29,80.1,56,Masculino,14,38.1,1,12,32.9,1,Manufactura
0,9.57,27.4,30,Femenino,7,68.0,0,1,21.5,0,Logística
1,45.58,64.0,34,Masculino,9,38.0,1,12,9.8,1,Tecnología
0,11.87,46.5,49,Femenino,6,41.2,0,1,29.5,0,Manufactura
1,48.65,81.5,26,Femenino,14,42.4,1,12,46.2,0,Manufactura
0,13.32,46.7,57,Masculino,9,55.9,0,1,15.8,1,Servicios Personales
0,10.37,42.8,37,Femenino,8,57.3,0,1,27.3,1,Comercio & Retail
0,12.3,43.1,43,Femenino,9,48.4,0,2,22.1,1,Manufactura
0,13.84,60.8,44,Femenino,10,28.7,0,1,34.5,0,Servicios Personales
0,13.9,59.5,38,Masculino,12,46.7,0,1,26.9,0,Logística
0,10.94,54.9,35,Masculino,12,49.5,0,8,34.5,0,Tecnología
0,11.14,47.5,30,Masculino,9,37.5,0,1,17.9,0,Comercio & Retail
0,13.79,58.7,33,Femenino,10,63.5,1,1,72.3,0,Comercio & Retail
0,5.54,5.0,26,Masculino,0,46.2,0,4,25.9,0,Manufactura
0,11.89,37.5,29,Masculino,8,44.5,0,2,30.1,0,Comercio & Retail
1,49.84,88.5,61,Femenino,15,44.9,0,12,50.3,1,Servicios Personales
1,40.5,53.9,55,Femenino,12,43.4,1,450,11.8,1,Manufactura
0,10.7,53.5,36,Femenino,6,37.4,0,1,50.9,1,Logística
0,13.68,45.7,24,Femenino,9,42.6,0,4,56.0,0,Agroindustria
0,9.88,33.4,52,Masculino,8,55.7,0,1,5.1,0,Comercio & Retail
1,50.68,84.7,35,Femenino,14,46.0,1,45,13.0,1,Manufactura
1,51.85,88.5,33,Femenino,14,40.8,1,45,8.9,1,Logística
0,11.43,37.2,56,Masculino,7,57.9,0,1,27.4,1,Manufactura
0,11.06,65.9,21,Masculino,10,67.3,0,1,48.8,0,Comercio & Retail
0,10.48,40.0,42,Masculino,6,42.3,0,1,5.2,0,Manufactura
0,9.47,48.6,49,Femenino,8,59.3,0,1,31.1,0,Comercio & Retail
0,11.75,50.1,57,Femenino,8,68.7,0,2,15.2,1,Comercio & Retail
0,11.15,43.2,30,Femenino,7,32.5,0,1,33.3,0,Manufactura
0,14.41,60.0,62,Femenino,11,35.8,1,4,27.0,0,Logística
1,46.25,75.1,34,Femenino,15,41.6,1,120,27.1,1,Servicios Personales
0,11.49,49.2,54,Masculino,10,41.6,0,1,26.8,0,Tecnología
0,7.21,31.9,23,Femenino,6,51.0,0,1,45.5,0,Servicios Personales
0,11.64,47.5,36,Femenino,11,43.6,0,2,22.8,0,Manufactura
0,8.13,40.1,30,Femenino,11,54.5,0,1,40.0,0,Agroindustria
0,9.12,50.1,43,Masculino,9,47.1,0,1,23.9,1,Manufactura
0,13.96,74.6,31,Masculino,17,62.0,0,1,41.3,0,Comercio & Retail
0,8.58,42.6,48,Masculino,11,73.1,0,1,48.7,1,Tecnología
0,10.86,54.8,21,Femenino,12,46.8,0,2,43.4,0,Manufactura
0,8.42,13.7,56,Femenino,1,74.8,0,8,14.5,1,Logística
0,9.0,33.5,25,Femenino,6,68.7,0,1,6.3,0,Logística
1,53.44,76.9,42,Femenino,12,41.0,1,120,46.3,1,Servicios Personales
0,13.54,53.0,30,Masculino,11,54.5,1,1,44.0,0,Comercio & Retail
1,41.9,65.5,49,Masculino,9,38.9,1,45,19.9,1,Comercio & Retail
1,44.74,55.5,55,Masculino,12,41.0,1,120,43.8,1,Manufactura
1,48.34,75.8,55,Masculino,14,37.7,1,45,16.8,1,Agroindustria
0,13.15,37.0,45,Masculino,8,58.5,0,4,35.9,0,Logística
0,14.3,64.2,47,Femenino,8,43.3,0,1,3.5,0,Agroindustria
0,13.45,63.3,20,Masculino,9,31.9,0,2,38.3,1,Comercio & Retail
1,45.06,70.5,45,Femenino,12,39.4,1,120,64.6,1,Manufactura
0,14.18,66.8,20,Masculino,8,69.9,0,1,64.9,0,Servicios Personales
1,46.46,75.7,62,Femenino,13,38.5,1,12,19.2,1,Agroindustria
0,12.71,51.4,51,Femenino,8,48.0,0,1,39.8,1,Tecnología
0,7.65,33.4,33,Masculino,8,49.4,1,1,36.4,1,Servicios Personales
1,50.03,67.4,39,Femenino,19,38.5,1,45,10.9,1,Manufactura
0,8.58,22.1,49,Femenino,5,56.5,0,2,5.6,1,Comercio & Retail
0,13.75,50.1,55,Femenino,13,62.3,0,2,12.7,0,Logística
0,4.71,19.0,25,Femenino,3,54.8,0,1,32.2,1,Logística
0,12.58,77.9,25,Masculino,13,47.6,0,2,13.6,0,Comercio & Retail
0,17.87,84.3,23,Masculino,20,57.2,0,2,23.8,0,Comercio & Retail
1,46.42,66.4,31,Femenino,14,41.8,1,12,14.6,1,Comercio & Retail
0,14.27,75.6,49,Femenino,15,62.0,0,2,22.0,0,Comercio & Retail
1,42.1,55.9,52,Masculino,10,39.7,1,12,43.5,1,Logística
0,13.8,65.1,27,Femenino,14,56.6,0,2,17.2,0,Manufactura
0,17.96,70.9,20,Femenino,11,39.3,0,1,25.6,1,Comercio & Retail
1,52.06,87.2,29,Femenino,18,47.2,1,450,23.8,1,Servicios Personales
0,9.19,40.7,48,Masculino,6,59.1,0,2,34.4,1,Tecnología
1,53.5,99.8,46,Femenino,15,43.8,1,12,21.3,1,Comercio & Retail
0,17.5,80.4,22,Femenino,12,62.8,0,1,17.7,0,Servicios Personales
0,13.25,43.2,42,Masculino,7,62.6,0,4,50.7,0,Logística
0,12.5,56.5,58,Femenino,9,46.7,0,2,14.2,0,Logística
0,9.8,21.8,48,Masculino,4,57.8,0,1,27.4,0,Comercio & Retail
0,5.76,5.0,38,Femenino,0,28.3,0,2,24.1,0,Comercio & Retail
0,12.95,41.8,37,Femenino,5,47.5,0,1,23.1,0,Manufactura
0,11.48,40.4,56,Femenino,9,39.0,0,1,22.3,0,Manufactura
0,12.86,60.6,39,Femenino,10,39.2,0,1,43.5,1,Logística
0,9.13,56.5,21,Masculino,5,40.2,0,1,29.3,0,Manufactura
0,9.33,32.2,30,Masculino,9,54.7,0,1,35.8,1,Manufactura
0,9.79,36.2,62,Femenino,11,53.0,0,2,12.2,1,Comercio & Retail
0,10.48,37.8,59,Femenino,8,43.8,0,1,11.0,1,Comercio & Retail
0,11.79,47.1,37,Femenino,6,29.1,0,2,8.4,0,Servicios Personales
0,12.07,55.5,30,Masculino,7,56.1,0,2,19.9,0,Manufactura
1,50.82,83.1,34,Masculino,15,37.7,1,120,26.6,1,Comercio & Retail
0,10.98,29.9,53,Femenino,3,43.8,0,1,64.5,0,Tecnología
1,50.49,71.2,50,Masculino,14,39.4,1,120,19.7,1,Manufactura
0,13.75,76.2,18,Masculino,15,51.6,0,1,23.8,0,Manufactura
1,43.4,62.8,32,Masculino,9,46.6,1,45,29.7,1,Manufactura
1,46.23,56.6,30,Femenino,12,40.9,1,12,56.5,1,Servicios Personales
0,11.85,43.4,34,Femenino,7,45.6,0,4,30.1,0,Manufactura
0,10.3,47.5,41,Femenino,11,55.8,0,1,15.7,0,Tecnología
1,49.08,90.6,25,Masculino,18,42.1,1,12,37.9,1,Logística
0,16.26,75.2,44,Masculino,15,62.4,0,1,19.5,0,Comercio & Retail
0,15.92,72.9,62,Masculino,8,44.9,0,2,12.8,0,Manufactura
0,8.17,20.2,40,Femenino,5,25.2,0,8,29.9,0,Manufactura
1,42.53,60.4,63,Femenino,9,43.9,1,45,37.1,1,Servicios Personales
0,11.45,53.9,25,Femenino,11,67.7,0,1,38.1,1,Servicios Personales
0,16.44,75.2,25,Masculino,13,54.2,0,2,47.1,0,Manufactura
0,13.52,62.5,43,Femenino,10,58.7,0,4,44.7,0,Servicios Personales
1,49.96,80.1,64,Femenino,17,44.8,1,45,20.5,1,Comercio & Retail
0,11.52,44.7,30,Masculino,10,53.1,0,1,11.5,1,Logística
0,10.27,36.4,56,Femenino,8,61.1,0,2,47.1,1,Comercio & Retail
0,10.67,64.1,54,Femenino,12,49.5,0,1,11.3,0,Manufactura
0,11.45,59.8,45,Femenino,13,59.2,0,1,12.8,0,Comercio & Retail
0,10.37,40.7,42,Masculino,7,37.8,0,2,41.3,1,Logística
0,6.53,26.6,33,Masculino,6,67.8,0,1,31.0,1,Logística
0,9.12,36.1,19,Masculino,4,67.7,0,1,36.1,1,Comercio & Retail
0,11.34,42.1,35,Masculino,9,37.3,0,1,36.8,1,Servicios Personales
0,12.34,70.8,34,Masculino,15,36.9,0,4,20.3,0,Servicios Personales
0,16.88,80.2,47,Masculino,13,70.6,0,2,36.5,1,Comercio & Retail
1,50.63,72.5,56,Masculino,14,44.0,1,45,18.3,1,Logística
0,12.71,54.6,30,Masculino,8,49.6,1,1,17.4,1,Manufactura
0,10.29,41.4,49,Femenino,9,32.1,0,2,30.8,0,Tecnología
0,10.71,29.8,46,Femenino,3,45.4,0,2,22.2,0,Servicios Personales
0,15.94,75.3,63,Femenino,14,59.7,0,1,40.3,0,Manufactura
0,12.95,65.3,47,Masculino,15,33.8,0,1,15.0,1,Agroindustria
0,9.92,39.6,35,Masculino,6,53.3,0,4,36.7,1,Servicios Personales
0,14.28,74.8,30,Masculino,16,49.8,0,1,44.2,0,Logística
1,42.95,53.7,60,Femenino,9,43.3,1,45,28.8,1,Tecnología
0,7.69,25.8,38,Femenino,6,63.9,0,4,34.4,1,Tecnología
0,11.5,40.5,47,Femenino,9,38.5,0,2,29.1,1,Tecnología
0,11.92,49.1,38,Masculino,12,47.7,0,2,21.8,0,Comercio & Retail
0,11.94,43.5,34,Femenino,10,49.0,0,1,30.2,0,Comercio & Retail
0,10.05,40.7,57,Masculino,8,51.6,0,1,43.5,0,Tecnología
0,13.57,68.1,36,Femenino,12,65.9,0,1,31.5,0,Manufactura
1,47.59,67.9,32,Femenino,13,42.6,1,450,52.0,1,Manufactura
0,10.18,51.9,26,Masculino,9,57.3,0,1,30.4,0,Comercio & Retail
0,9.54,41.2,27,Femenino,9,56.5,0,1,17.7,1,Tecnología
0,7.62,46.8,61,Femenino,8,58.8,0,1,32.8,0,Comercio & Retail
1,54.3,75.6,48,Masculino,12,40.2,1,12,6.1,0,Comercio & Retail
0,9.88,34.0,40,Femenino,4,38.0,1,2,24.0,0,Servicios Personales
0,11.84,51.1,47,Masculino,7,59.4,0,1,33.3,0,Agroindustria
0,12.61,45.9,50,Masculino,9,44.5,0,1,22.7,0,Manufactura
0,10.04,38.2,26,Femenino,7,62.9,0,1,32.3,1,Servicios Personales
0,12.56,64.2,64,Masculino,11,36.3,1,4,41.9,1,Comercio & Retail
0,11.87,49.6,18,Femenino,11,68.6,1,2,22.8,0,Comercio & Retail
0,18.13,89.8,61,Masculino,19,64.3,0,1,18.7,0,Servicios Personales
0,11.29,44.9,52,Masculino,7,43.3,0,1,13.7,0,Agroindustria
0,12.29,51.1,28,Masculino,10,41.5,0,8,37.4,0,Manufactura
0,8.79,30.6,51,Femenino,6,44.3,0,2,37.5,0,Comercio & Retail
0,15.0,76.5,33,Femenino,17,49.2,0,1,26.8,0,Manufactura
0,15.55,65.2,26,Femenino,16,51.6,0,1,14.8,1,Servicios Personales
0,8.58,33.8,49,Masculino,4,54.5,0,4,17.4,0,Servicios Personales
1,41.3,59.3,32,Masculino,9,46.8,0,45,34.7,1,Servicios Personales
0,14.47,50.0,29,Femenino,10,39.0,0,1,18.7,0,Logística
1,55.83,78.4,50,Masculino,9,50.7,1,12,35.5,1,Comercio & Retail
0,8.48,39.4,62,Femenino,8,46.3,0,2,13.0,0,Manufactura
1,43.41,59.6,31,Femenino,13,39.9,1,12,33.1,1,Comercio & Retail
0,15.37,90.7,25,Femenino,17,33.0,0,1,31.1,0,Comercio & Retail
1,47.49,73.2,25,Femenino,13,40.3,1,12,11.1,0,Tecnología
0,13.91,73.7,44,Femenino,13,40.3,0,2,9.7,0,Servicios Personales
0,11.78,61.7,29,Masculino,9,34.7,0,2,35.5,0,Comercio & Retail
0,14.48,61.7,18,Femenino,14,45.0,0,1,24.7,1,Manufactura
1,50.63,74.7,60,Femenino,14,44.2,1,12,29.8,1,Servicios Personales
0,9.87,33.0,57,Masculino,8,62.0,1,1,39.2,0,Agroindustria
0,14.06,61.7,59,Femenino,9,52.2,0,1,3.3,0,Manufactura
0,11.06,41.0,28,Masculino,4,51.8,1,2,29.5,1,Comercio & Retail
0,13.39,45.4,56,Femenino,5,58.7,0,4,64.0,1,Agroindustria
0,11.14,46.5,60,Masculino,8,52.7,0,2,24.1,0,Agroindustria
0,9.55,49.3,48,Masculino,6,51.8,0,1,31.2,0,Manufactura
0,13.98,68.7,34,Femenino,13,32.5,0,2,24.8,0,Logística
1,42.69,64.8,50,Masculino,9,41.1,1,120,10.6,1,Manufactura
1,44.35,59.9,49,Masculino,12,45.9,1,12,47.5,1,Comercio & Retail
0,8.68,31.8,46,Masculino,5,29.2,0,1,34.4,0,Manufactura
1,51.55,79.3,38,Femenino,15,34.5,1,120,5.1,1,Logística
0,13.59,50.4,38,Femenino,12,53.5,1,1,22.2,0,Servicios Personales
1,36.47,60.6,57,Masculino,12,38.3,1,12,54.3,1,Tecnología
0,15.18,70.5,40,Masculino,14,48.2,0,1,55.0,0,Logística
0,11.15,45.6,23,Femenino,11,46.1,0,4,45.3,0,Servicios Personales
0,11.1,40.0,39,Femenino,6,54.9,1,4,33.9,0,Servicios Personales
1,46.21,67.9,55,Femenino,12,37.4,1,12,34.5,1,Manufactura
0,12.08,51.4,54,Femenino,7,32.8,0,1,52.9,1,Tecnología
0,13.58,44.0,62,Femenino,11,46.5,0,1,29.2,0,Comercio & Retail
0,10.49,53.1,25,Femenino,7,44.0,0,1,2.4,0,Tecnología
1,45.6,58.2,58,Femenino,16,47.9,1,12,12.1,1,Comercio & Retail
0,14.97,57.9,52,Femenino,13,64.5,1,1,12.8,1,Comercio & Retail
1,53.81,91.4,28,Masculino,14,42.5,1,45,19.8,1,Servicios Personales
0,12.29,44.5,41,Femenino,7,33.0,0,1,24.0,1,Comercio & Retail
0,12.33,48.5,38,Femenino,11,51.3,0,1,17.9,0,Tecnología
0,9.69,45.4,19,Femenino,11,44.1,0,1,5.2,0,Manufactura
0,11.48,42.3,57,Masculino,10,60.0,0,1,42.5,0,Comercio & Retail
0,7.99,17.5,36,Masculino,3,66.7,0,2,5.9,1,Comercio & Retail
1,53.05,92.7,56,Masculino,17,40.6,1,45,13.2,1,Tecnología
0,14.46,60.5,45,Femenino,10,48.5,0,1,19.9,1,Comercio & Retail
1,50.05,73.7,34,Masculino,12,50.5,1,45,49.7,1,Comercio & Retail
0,8.05,24.4,23,Femenino,5,22.5,0,8,15.7,0,Comercio & Retail
1,39.49,59.1,36,Femenino,16,44.4,1,120,11.6,1,Manufactura
1,49.86,81.4,55,Masculino,15,44.2,0,12,16.7,1,Comercio & Retail
0,16.32,66.4,45,Masculino,13,53.3,0,1,24.3,1,Tecnología
0,10.99,51.0,19,Masculino,11,39.9,0,2,43.8,0,Manufactura
0,19.34,100.0,55,Masculino,19,49.1,0,1,23.8,1,Tecnología
0,15.81,84.0,54,Masculino,14,49.2,1,1,0.9,0,Servicios Personales
0,12.43,52.2,21,Femenino,5,41.5,1,2,4.3,0,Comercio & Retail
0,9.21,48.7,39,Femenino,11,48.8,0,2,32.4,0,Servicios Personales
1,53.67,75.3,43,Femenino,12,42.6,0,120,11.7,1,Servicios Personales
0,12.27,58.9,60,Masculino,10,38.0,0,1,16.6,0,Comercio & Retail
1,42.57,56.8,53,Femenino,12,48.3,1,12,35.4,1,Manufactura
1,51.22,87.1,30,Masculino,15,36.5,1,12,44.8,1,Manufactura
0,12.01,42.1,49,Femenino,9,47.1,1,8,33.3,1,Tecnología
0,10.76,44.7,34,Femenino,9,25.1,0,1,26.6,1,Agroindustria
0,8.59,48.0,58,Femenino,6,45.9,0,2,15.9,1,Manufactura
0,10.61,20.8,53,Femenino,3,22.4,0,2,46.3,1,Agroindustria
0,14.87,55.1,63,Masculino,9,42.1,0,1,12.4,1,Manufactura
0,9.05,38.0,36,Femenino,7,54.0,0,1,19.2,0,Tecnología
0,12.94,52.7,52,Femenino,9,40.1,0,1,29.1,0,Comercio & Retail
0,11.64,49.5,63,Femenino,8,53.9,0,1,33.1,1,Logística
0,11.68,29.4,57,Femenino,6,42.6,0,1,25.7,0,Logística
0,11.47,49.1,45,Femenino,8,61.2,0,1,22.8,0,Manufactura
1,43.8,57.7,18,Femenino,12,46.4,1,45,31.0,1,Tecnología
0,8.83,37.4,59,Masculino,8,44.3,0,1,5.6,0,Comercio & Retail
0,10.92,39.9,35,Femenino,9,35.9,0,2,36.8,0,Comercio & Retail
1,46.82,76.0,57,Femenino,18,44.4,1,12,19.9,1,Manufactura
0,16.81,64.9,50,Masculino,14,51.5,0,1,25.1,1,Manufactura
0,11.17,64.7,29,Femenino,11,50.9,1,4,15.6,0,Manufactura
0,9.92,45.4,25,Femenino,11,55.8,0,2,17.9,0,Manufactura
0,9.43,43.8,41,Masculino,7,53.0,0,4,5.3,0,Comercio & Retail
0,9.73,50.7,33,Femenino,8,58.7,0,4,32.0,0,Manufactura
0,11.74,61.0,21,Masculino,9,38.3,0,1,27.3,0,Manufactura
0,13.29,49.5,55,Masculino,10,47.8,1,1,12.2,0,Comercio & Retail
0,8.58,56.6,61,Masculino,10,52.0,0,2,41.4,0,Comercio & Retail
0,9.15,27.4,44,Masculino,6,40.8,0,2,33.4,1,Comercio & Retail
0,14.4,50.0,26,Femenino,12,24.7,0,4,22.4,0,Manufactura
1,40.58,50.6,64,Femenino,8,41.8,1,12,21.2,1,Logística
1,58.03,100.0,33,Femenino,17,42.6,1,120,36.7,0,Comercio & Retail
1,48.96,81.6,29,Femenino,15,40.6,1,45,33.8,1,Comercio & Retail
0,7.73,18.8,48,Masculino,4,36.4,0,2,49.6,0,Comercio & Retail
0,11.84,39.7,41,Masculino,9,41.9,0,1,45.2,0,Manufactura
1,55.2,85.2,31,Femenino,16,38.9,1,45,15.3,1,Manufactura
1,54.12,74.2,62,Masculino,13,41.3,1,120,29.1,1,Servicios Personales
0,11.77,55.5,42,Femenino,10,46.9,0,1,55.3,0,Comercio & Retail
0,11.79,16.9,51,Masculino,1,41.6,0,1,11.9,0,Manufactura
0,13.1,56.2,20,Masculino,9,59.2,0,1,3.1,0,Manufactura
0,14.52,48.7,41,Masculino,11,61.8,0,2,2.2,1,Manufactura
0,12.77,33.3,59,Femenino,2,58.7,0,1,30.1,0,Agroindustria
1,47.61,66.5,26,Masculino,12,40.6,1,45,32.0,0,Manufactura
0,10.64,34.9,43,Femenino,7,47.7,0,1,31.3,1,Tecnología
0,13.03,58.2,37,Masculino,11,59.2,0,1,32.1,0,Comercio & Retail
1,54.35,93.7,57,Femenino,11,44.2,1,12,32.2,1,Servicios Personales
0,12.68,48.1,27,Femenino,9,39.6,0,1,15.2,1,Agroindustria
1,46.77,72.6,36,Masculino,13,40.5,1,120,43.0,1,Tecnología
1,49.69,67.3,20,Masculino,11,41.0,1,12,24.6,1,Comercio & Retail
1,55.46,96.9,41,Femenino,20,45.6,1,450,46.8,1,Manufactura
1,49.1,79.0,22,Masculino,17,40.7,1,45,23.7,0,Manufactura
0,9.56,31.7,20,Masculino,6,36.3,0,2,23.4,1,Servicios Personales
0,15.67,73.3,44,Masculino,15,44.6,0,2,35.4,0,Agroindustria
0,12.28,41.6,33,Masculino,7,67.5,0,4,41.0,0,Manufactura
0,9.14,51.8,32,Femenino,6,49.8,0,4,29.1,0,Comercio & Retail
0,10.98,47.0,52,Masculino,4,50.2,0,1,9.7,0,Logística
1,45.24,69.1,29,Femenino,9,36.0,1,450,39.0,1,Manufactura
1,47.24,67.5,58,Femenino,14,38.2,1,45,6.9,1,Servicios Personales
0,14.85,69.5,61,Masculino,11,62.9,0,1,27.5,0,Manufactura
0,13.61,65.8,43,Masculino,12,48.3,0,1,25.2,0,Agroindustria
0,4.7,5.0,64,Masculino,0,42.7,1,1,30.5,0,Comercio & Retail
0,10.17,36.2,51,Masculino,9,48.5,0,2,14.3,1,Comercio & Retail
0,7.71,35.8,40,Masculino,6,73.8,0,2,45.1,1,Logística
0,11.51,29.6,48,Femenino,4,10.0,0,1,7.5,1,Servicios Personales
0,8.78,26.1,37,Masculino,5,61.3,0,2,8.8,0,Logística
0,14.68,67.4,29,Femenino,10,36.7,0,2,27.7,0,Tecnología
0,12.74,77.9,40,Masculino,12,76.9,0,4,46.4,0,Comercio & Retail
0,10.25,41.1,21,Masculino,7,38.6,0,1,52.1,1,Tecnología
1,52.74,78.3,40,Masculino,12,35.3,1,120,66.6,1,Logística
1,46.81,71.3,18,Femenino,13,48.0,1,120,19.9,1,Tecnología
0,9.7,39.4,42,Masculino,11,46.5,0,1,11.5,1,Servicios Personales
0,9.9,22.7,19,Masculino,7,54.2,1,1,13.0,0,Manufactura
0,12.11,50.4,47,Masculino,8,48.6,0,1,3.2,1,Manufactura
0,13.04,57.5,20,Femenino,11,41.1,0,4,36.1,0,Manufactura
0,10.01,33.7,38,Masculino,7,45.7,0,1,26.6,0,Comercio & Retail
0,16.36,67.4,42,Masculino,12,35.7,0,4,34.8,0,Servicios Personales
0,10.73,60.9,37,Masculino,6,37.3,0,2,51.3,1,Comercio & Retail
1,44.9,59.7,39,Masculino,11,44.5,1,12,75.7,1,Manufactura
1,44.14,62.8,38,Femenino,13,42.2,1,12,27.8,1,Servicios Personales
0,13.04,52.0,50,Femenino,11,52.3,0,1,26.8,0,Tecnología
0,5.72,27.2,55,Femenino,6,49.3,0,1,45.0,0,Servicios Personales
0,9.27,39.1,32,Femenino,4,38.3,0,1,22.8,0,Manufactura
0,10.33,34.7,63,Masculino,6,36.4,0,1,22.4,1,Comercio & Retail
0,14.41,61.6,32,Femenino,12,62.0,0,1,10.3,1,Servicios Personales
0,7.95,46.9,63,Femenino,9,59.2,0,1,69.0,0,Comercio & Retail
1,50.35,63.0,42,Femenino,8,43.6,1,12,49.0,1,Manufactura
0,13.07,48.8,38,Masculino,12,42.4,0,1,14.2,1,Comercio & Retail
0,11.0,29.9,41,Femenino,2,44.7,0,1,2.7,1,Manufactura
1,44.02,59.7,22,Femenino,9,48.5,1,45,39.7,1,Comercio & Retail
0,10.19,31.6,23,Femenino,6,71.5,0,1,20.0,1,Manufactura
0,12.1,41.1,60,Femenino,5,61.2,0,1,37.2,1,Manufactura
0,12.85,45.3,61,Masculino,8,61.0,0,1,18.5,0,Manufactura
1,58.17,99.1,64,Femenino,19,38.2,1,12,29.7,1,Manufactura
1,41.98,53.3,40,Masculino,12,39.1,1,12,33.6,1,Manufactura
0,11.16,41.7,21,Masculino,6,48.4,0,1,30.0,1,Manufactura
1,47.5,75.7,44,Masculino,15,31.8,1,45,11.0,1,Logística
0,10.56,40.4,35,Masculino,5,52.1,0,2,6.7,0,Comercio & Retail
0,12.52,55.2,38,Masculino,16,41.8,0,2,36.9,0,Comercio & Retail
0,12.84,35.8,45,Femenino,7,43.3,0,1,47.7,0,Comercio & Retail
0,16.65,60.9,52,Masculino,10,37.8,1,2,61.8,0,Comercio & Retail
0,18.34,100.0,39,Femenino,18,61.6,0,1,25.1,1,Manufactura
1,49.18,61.5,57,Femenino,9,47.8,1,12,12.8,1,Tecnología
1,51.52,87.0,40,Masculino,17,44.3,1,120,29.5,1,Comercio & Retail
0,11.13,46.5,20,Masculino,10,58.9,0,4,16.3,0,Manufactura
1,50.52,58.0,57,Masculino,10,40.0,1,120,15.0,1,Comercio & Retail
0,11.67,48.9,27,Masculino,7,63.8,0,4,26.7,1,Comercio & Retail
1,58.16,92.8,42,Femenino,15,37.4,1,450,5.5,1,Servicios Personales
0,10.8,38.1,25,Masculino,8,33.1,0,1,54.6,0,Manufactura
1,53.31,79.2,28,Femenino,17,49.5,1,45,27.7,1,Logística
1,47.94,67.1,22,Femenino,8,39.1,1,120,35.8,1,Comercio & Retail
0,13.93,45.0,62,Masculino,8,80.0,0,2,57.7,0,Servicios Personales
1,46.78,75.9,54,Femenino,14,40.2,1,120,29.6,1,Servicios Personales
0,11.71,44.4,62,Masculino,10,52.4,0,1,64.8,1,Servicios Personales
0,12.67,55.6,55,Masculino,11,37.9,0,1,20.7,1,Agroindustria
0,8.77,38.3,46,Femenino,5,64.2,0,1,58.4,0,Servicios Personales
0,12.24,51.2,22,Masculino,10,44.6,0,2,6.9,1,Servicios Personales
0,11.15,60.8,26,Masculino,11,35.0,0,1,27.2,0,Manufactura
1,58.09,85.6,19,Femenino,17,40.3,1,120,14.2,1,Comercio & Retail
0,13.0,47.7,18,Femenino,8,65.9,0,2,26.1,0,Servicios Personales
0,12.75,51.5,57,Masculino,11,30.2,0,1,34.6,1,Manufactura
0,14.15,83.3,47,Femenino,15,59.5,0,1,23.7,0,Comercio & Retail
0,10.87,56.8,28,Masculino,10,37.7,0,4,27.9,0,Manufactura
0,12.06,64.3,45,Femenino,14,37.1,0,1,22.5,0,Servicios Personales
1,49.07,82.9,61,Masculino,19,43.2,1,120,35.0,1,Tecnología
0,13.47,44.7,29,Masculino,10,36.9,0,1,52.7,1,Manufactura
0,17.54,87.0,56,Femenino,15,53.2,0,2,13.5,0,Logística
0,13.56,55.9,43,Masculino,12,36.7,0,1,37.2,0,Manufactura
0,12.58,57.9,30,Masculino,13,61.0,0,1,32.1,1,Manufactura
0,12.65,57.1,25,Masculino,13,64.2,0,1,56.7,1,Servicios Personales
1,38.63,51.1,45,Masculino,14,46.1,1,45,23.7,1,Tecnología
1,58.02,93.0,47,Masculino,14,41.4,1,45,11.6,1,Comercio & Retail
0,13.02,55.9,26,Masculino,10,36.5,0,4,8.8,1,Comercio & Retail
0,8.46,38.1,56,Masculino,8,39.5,0,1,19.6,0,Comercio & Retail
0,15.78,59.6,48,Masculino,12,53.2,0,1,29.5,1,Manufactura
0,6.29,18.4,38,Femenino,4,54.3,0,1,5.1,0,Servicios Personales
1,45.0,64.8,64,Masculino,12,49.5,1,450,15.9,1,Servicios Personales
0,13.81,65.5,51,Femenino,13,49.0,0,1,30.9,0,Logística
0,14.5,62.1,48,Femenino,9,47.0,0,2,26.7,0,Comercio & Retail
0,12.83,48.0,42,Femenino,10,53.5,0,1,32.1,0,Manufactura
1,50.19,70.6,29,Femenino,13,32.6,1,120,24.0,0,Servicios Personales
0,13.09,67.2,18,Femenino,13,45.0,0,1,35.2,1,Comercio & Retail
1,49.95,62.4,39,Femenino,14,35.0,1,120,30.7,1,Comercio & Retail
1,43.22,70.6,57,Femenino,13,37.6,1,120,33.5,1,Logística
0,13.5,54.2,54,Masculino,10,33.8,0,1,29.5,0,Comercio & Retail
0,15.45,65.0,64,Femenino,10,64.7,0,4,34.1,1,Servicios Personales
0,14.69,67.0,18,Femenino,12,63.5,0,1,3.6,1,Servicios Personales
1,51.37,74.2,18,Femenino,16,37.5,1,12,4.2,1,Comercio & Retail
0,14.54,67.9,59,Femenino,11,49.0,0,1,52.7,0,Comercio & Retail
0,16.6,77.9,59,Femenino,15,44.7,0,4,5.6,0,Manufactura
0,8.33,17.8,38,Masculino,2,62.2,0,1,13.4,0,Tecnología
1,43.96,68.5,32,Masculino,11,44.7,1,12,37.2,1,Logística
0,14.06,63.7,34,Masculino,10,53.8,0,4,13.6,0,Manufactura
0,10.36,22.0,39,Masculino,4,58.2,0,1,41.5,0,Comercio & Retail
0,8.71,23.7,55,Femenino,4,51.4,0,2,56.2,0,Agroindustria
0,15.48,64.2,52,Femenino,12,51.2,0,1,21.4,0,Tecnología
0,11.51,51.5,62,Femenino,10,40.3,0,1,20.1,1,Tecnología
0,13.9,63.8,33,Masculino,13,60.5,0,2,38.5,0,Logística
0,5.19,7.1,25,Femenino,0,46.5,0,1,62.6,0,Agroindustria
0,14.44,72.7,64,Masculino,14,28.6,0,4,27.1,1,Agroindustria
0,15.14,73.2,34,Femenino,14,42.7,0,2,60.6,1,Manufactura
0,6.17,20.7,34,Femenino,5,48.8,1,4,49.6,0,Manufactura
1,54.14,71.1,43,Masculino,15,44.3,1,45,66.1,1,Servicios Personales
0,15.57,77.4,30,Masculino,17,57.1,0,1,33.9,0,Agroindustria
0,11.55,37.8,34,Masculino,5,42.7,0,1,33.6,0,Servicios Personales
0,13.23,60.7,55,Masculino,10,41.8,0,4,11.0,0,Manufactura
0,13.2,66.2,34,Masculino,11,35.7,0,2,22.2,0,Logística
0,5.77,23.3,31,Masculino,3,31.2,0,2,48.0,0,Comercio & Retail
0,13.79,56.4,62,Masculino,9,45.1,0,2,3.9,0,Logística
0,14.98,60.0,23,Femenino,15,56.2,0,4,21.2,1,Comercio & Retail
0,12.87,56.3,52,Masculino,7,41.1,0,2,8.8,0,Manufactura
0,13.22,76.1,63,Masculino,17,31.7,0,2,34.6,0,Servicios Personales
0,13.13,45.5,31,Femenino,11,47.3,0,1,21.5,0,Manufactura
0,12.12,36.1,64,Masculino,7,32.1,0,1,51.0,0,Comercio & Retail
0,14.8,69.5,25,Masculino,10,49.1,0,1,42.5,1,Comercio & Retail
0,11.42,37.3,32,Masculino,4,50.0,0,8,4.7,0,Logística
0,17.87,80.9,44,Femenino,12,34.0,0,1,17.1,0,Manufactura
0,13.44,54.0,30,Femenino,9,42.9,0,1,52.7,0,Manufactura
0,14.5,60.6,48,Masculino,8,63.8,0,1,17.2,0,Comercio & Retail
0,12.18,31.4,52,Masculino,5,62.2,0,1,17.0,1,Tecnología
0,11.63,41.9,23,Femenino,10,62.9,0,4,41.8,1,Servicios Personales
0,11.88,62.7,22,Masculino,11,56.1,0,1,40.1,0,Comercio & Retail
0,14.38,35.7,39,Femenino,5,33.8,1,2,53.5,1,Manufactura
1,48.66,76.0,40,Masculino,14,45.3,1,12,15.5,1,Tecnología
1,46.2,67.3,42,Femenino,11,44.7,1,450,16.2,1,Comercio & Retail
0,11.03,47.0,51,Femenino,7,42.4,0,4,5.3,0,Logística
0,12.81,54.1,43,Masculino,10,53.0,0,2,48.9,0,Servicios Personales
1,43.9,66.5,64,Femenino,13,40.0,1,120,38.3,1,Manufactura
0,15.05,79.8,22,Femenino,15,63.4,0,1,42.9,0,Agroindustria
1,48.5,64.4,43,Femenino,16,46.9,1,45,20.3,1,Comercio & Retail
0,14.48,76.0,37,Femenino,17,57.3,0,2,16.4,0,Servicios Personales
0,10.52,56.0,23,Femenino,5,42.7,0,1,5.2,1,Manufactura
0,8.57,38.2,23,Masculino,7,52.8,1,1,27.3,0,Manufactura
0,12.02,41.8,35,Masculino,5,60.9,0,1,9.1,0,Servicios Personales
0,14.6,67.1,21,Masculino,14,53.2,0,1,62.7,1,Comercio & Retail
0,13.75,49.0,34,Masculino,9,59.5,0,2,19.7,1,Manufactura
0,11.09,53.3,31,Femenino,15,32.2,0,2,12.9,0,Manufactura
0,11.64,41.2,31,Femenino,5,53.2,0,1,16.1,1,Manufactura
0,10.42,37.6,30,Femenino,7,32.2,0,2,35.8,0,Manufactura
0,8.77,22.7,24,Masculino,7,54.2,0,1,12.0,1,Comercio & Retail
0,12.25,61.0,61,Masculino,15,45.4,0,2,43.0,1,Comercio & Retail
0,11.44,68.1,32,Femenino,13,35.8,1,1,9.6,1,Comercio & Retail
0,8.13,16.1,36,Femenino,2,38.1,0,1,49.0,1,Logística
0,9.34,38.9,60,Masculino,8,57.3,0,1,9.1,0,Logística
1,44.03,66.7,64,Masculino,14,39.5,1,45,25.4,1,Servicios Personales
0,10.19,39.7,61,Masculino,14,37.5,0,1,35.5,0,Logística
0,12.55,46.9,52,Femenino,12,64.3,0,1,53.9,1,Comercio & Retail
0,11.37,65.4,34,Masculino,11,37.0,0,2,41.0,0,Agroindustria
0,11.05,44.2,52,Femenino,6,51.1,0,1,16.0,1,Tecnología
0,12.89,76.6,36,Masculino,14,44.0,0,8,29.0,0,Manufactura
0,12.3,41.1,37,Masculino,5,78.1,0,1,47.2,0,Comercio & Retail
0,12.59,35.4,53,Masculino,4,53.1,0,1,15.0,1,Comercio & Retail
1,45.87,73.4,52,Femenino,11,44.1,1,120,3.0,1,Servicios Personales
1,41.68,53.0,49,Femenino,8,44.2,1,12,17.4,1,Comercio & Retail
1,49.29,67.4,61,Femenino,13,44.8,1,120,16.8,1,Agroindustria
0,12.18,78.4,57,Femenino,12,35.0,0,1,8.6,0,Servicios Personales
0,16.46,84.3,41,Masculino,16,57.3,0,1,7.5,0,Comercio & Retail
0,14.07,68.7,34,Masculino,12,40.1,0,1,62.3,1,Logística
0,14.55,66.0,24,Femenino,14,41.9,0,2,31.9,1,Manufactura
0,10.38,43.3,60,Femenino,7,63.0,0,1,18.3,0,Servicios Personales
0,13.09,55.6,18,Femenino,13,50.1,0,2,2.9,0,Agroindustria
0,11.28,35.9,52,Masculino,9,70.0,0,1,22.8,1,Manufactura
0,10.35,29.8,49,Masculino,8,73.0,0,4,36.2,0,Comercio & Retail
0,8.63,40.8,53,Femenino,7,49.9,0,1,69.7,1,Comercio & Retail
1,54.16,92.7,30,Femenino,16,38.0,1,120,15.5,1,Comercio & Retail
0,12.16,59.3,23,Masculino,10,51.7,1,1,51.4,0,Servicios Personales
0,11.46,51.7,31,Masculino,7,34.5,0,1,69.7,1,Logística
0,12.14,58.3,54,Femenino,13,71.3,0,1,12.6,1,Manufactura
0,12.92,50.0,32,Masculino,8,64.8,0,1,26.4,1,Comercio & Retail
0,11.3,63.3,64,Masculino,7,45.2,0,1,18.0,0,Servicios Personales
1,59.06,100.0,21,Masculino,21,44.8,1,450,29.8,1,Comercio & Retail
0,13.06,31.3,57,Masculino,5,59.5,0,4,17.9,0,Manufactura
0,13.75,66.1,33,Femenino,17,42.9,0,2,9.6,0,Tecnología
0,7.85,29.9,45,Masculino,7,53.7,0,4,49.2,1,Comercio & Retail
0,11.77,69.6,33,Femenino,12,54.9,1,1,6.1,1,Manufactura
0,12.65,57.2,21,Femenino,10,48.0,0,2,15.7,0,Logística
1,53.3,85.0,62,Femenino,13,41.1,1,120,46.2,1,Comercio & Retail
0,11.51,35.6,43,Femenino,5,31.6,0,2,13.4,0,Manufactura
0,9.55,16.2,45,Femenino,4,43.8,0,1,22.6,1,Servicios Personales
0,11.7,64.7,49,Masculino,13,27.5,0,1,25.4,1,Comercio & Retail
0,8.97,27.4,62,Masculino,3,50.8,0,1,38.5,1,Servicios Personales
0,9.0,35.1,19,Masculino,6,47.8,0,1,56.0,1,Tecnología
0,12.99,55.0,48,Femenino,10,66.3,0,1,10.0,1,Agroindustria
0,6.94,38.7,20,Femenino,5,51.6,0,1,18.0,1,Comercio & Retail
0,6.05,18.7,25,Masculino,6,50.5,0,1,29.9,0,Servicios Personales
0,10.06,40.3,41,Femenino,8,38.2,0,1,38.7,1,Manufactura
0,11.23,35.6,32,Masculino,2,36.5,0,2,11.3,0,Comercio & Retail
0,11.11,51.1,60,Femenino,5,37.2,0,1,10.6,1,Servicios Personales
1,43.81,62.2,48,Masculino,15,35.1,1,120,78.7,1,Comercio & Retail
0,11.22,58.3,26,Femenino,14,60.9,0,4,37.8,1,Comercio & Retail
1,59.34,98.6,56,Masculino,19,42.7,1,120,11.8,1,Comercio & Retail
1,51.66,83.3,62,Masculino,12,47.1,1,45,16.5,1,Logística
1,49.61,77.2,19,Masculino,15,48.1,1,120,36.5,1,Manufactura
0,14.02,48.1,25,Masculino,8,72.6,0,2,7.7,0,Agroindustria
0,12.57,43.9,24,Femenino,9,61.3,0,4,36.4,0,Comercio & Retail
1,42.22,73.1,61,Masculino,12,46.7,1,450,26.0,1,Agroindustria
0,8.68,24.0,56,Femenino,3,46.4,1,1,16.5,0,Manufactura
1,55.62,78.7,59,Masculino,12,44.2,1,12,10.4,1,Manufactura
0,11.39,50.6,33,Femenino,8,48.4,0,1,59.5,0,Comercio & Retail
0,10.18,49.6,52,Masculino,8,40.5,1,2,32.4,0,Manufactura
0,14.08,62.8,47,Masculino,14,57.7,0,2,17.0,1,Servicios Personales
0,8.08,23.1,27,Femenino,4,52.3,0,1,39.0,1,Comercio & Retail
0,10.36,48.8,55,Femenino,10,47.5,0,2,27.3,1,Manufactura
0,13.5,62.1,35,Femenino,12,42.6,0,4,27.2,1,Manufactura
1,41.51,58.1,22,Masculino,8,40.5,1,45,11.1,1,Comercio & Retail
1,38.16,63.2,46,Femenino,10,38.0,1,45,41.4,1,Servicios Personales
0,9.49,50.3,56,Masculino,10,45.2,0,4,40.9,0,Comercio & Retail
0,11.54,46.1,51,Masculino,13,42.7,0,2,42.2,1,Manufactura
0,11.57,43.8,60,Masculino,9,12.6,0,2,42.9,0,Agroindustria
0,8.75,36.5,62,Masculino,5,47.4,0,2,32.0,0,Servicios Personales
0,11.37,49.3,40,Femenino,8,37.3,0,2,54.2,0,Logística
0,14.5,69.3,22,Masculino,9,35.5,0,2,31.0,0,Logística
0,11.26,57.3,47,Masculino,7,55.5,0,2,65.3,1,Manufactura
0,14.93,66.9,23,Masculino,11,33.7,0,1,11.3,0,Tecnología
0,14.78,52.5,63,Masculino,11,66.3,0,2,33.6,0,Manufactura
1,41.71,57.8,61,Masculino,10,38.0,1,12,14.4,1,Tecnología
0,13.31,48.1,21,Femenino,7,53.5,0,2,25.6,1,Tecnología
0,14.58,68.2,46,Masculino,10,69.6,0,1,35.3,0,Comercio & Retail
0,13.44,65.1,40,Masculino,15,47.0,1,1,19.8,1,Comercio & Retail
0,14.18,67.9,23,Masculino,11,52.4,0,1,13.1,1,Logística
0,14.9,77.0,49,Masculino,14,47.2,0,1,20.1,0,Agroindustria
1,40.78,49.9,59,Femenino,10,46.9,1,45,24.2,1,Comercio & Retail
0,13.58,60.0,35,Masculino,8,55.4,0,2,63.3,0,Comercio & Retail
0,13.4,48.0,32,Masculino,13,33.1,0,4,25.3,0,Comercio & Retail
0,11.98,56.7,57,Femenino,5,22.5,0,4,18.7,0,Agroindustria
0,12.4,60.2,49,Masculino,8,47.1,0,1,64.2,1,Agroindustria
0,13.36,49.1,26,Femenino,9,62.0,0,1,12.1,0,Comercio & Retail
1,49.83,58.8,54,Masculino,12,42.7,1,45,15.4,1,Agroindustria
1,50.91,74.7,27,Femenino,15,42.2,1,12,30.0,1,Comercio & Retail
0,9.53,59.5,37,Masculino,13,32.0,0,2,45.4,1,Servicios Personales
0,16.12,64.7,23,Femenino,13,31.0,0,1,20.1,0,Tecnología
0,14.23,75.2,20,Masculino,13,34.4,0,1,19.6,0,Servicios Personales
1,41.77,63.9,59,Femenino,14,38.9,1,450,24.3,1,Tecnología
0,11.02,48.4,28,Femenino,6,19.9,1,1,36.7,1,Logística
0,17.19,84.5,60,Masculino,18,38.2,0,1,11.3,0,Comercio & Retail
1,49.77,81.9,34,Femenino,14,39.7,1,12,24.7,1,Logística
1,46.23,64.6,49,Masculino,9,44.3,1,12,59.2,1,Comercio & Retail
0,14.27,49.0,21,Masculino,11,61.2,0,2,44.8,0,Comercio & Retail
0,5.45,13.9,21,Masculino,5,51.3,0,1,17.6,1,Logística
0,12.19,52.7,34,Masculino,9,52.0,0,1,1.0,0,Comercio & Retail
1,42.12,53.6,58,Femenino,9,44.1,1,12,8.5,1,Servicios Personales
0,11.16,34.8,36,Femenino,8,47.4,0,1,22.7,1,Manufactura
1,49.42,83.7,22,Masculino,13,41.3,1,120,32.2,1,Logística
0,12.73,51.4,49,Femenino,10,47.5,0,1,32.9,0,Agroindustria
0,10.09,41.4,39,Masculino,5,48.5,0,2,28.2,1,Agroindustria
0,8.59,31.7,23,Femenino,6,52.9,0,1,67.4,1,Logística
0,10.41,12.1,52,Masculino,3,43.5,0,1,38.8,0,Tecnología
0,14.21,78.7,39,Femenino,13,54.6,0,1,28.0,0,Servicios Personales
0,9.55,41.7,18,Masculino,9,62.6,0,1,20.7,1,Manufactura
1,49.91,74.9,37,Femenino,13,47.7,1,120,18.7,1,Comercio & Retail
1,50.69,94.7,39,Femenino,22,39.5,1,45,7.3,1,Manufactura
0,9.85,40.8,28,Masculino,7,28.5,0,1,34.8,1,Logística
0,11.65,57.4,30,Femenino,11,59.1,0,1,32.4,0,Agroindustria
1,47.46,74.7,59,Masculino,15,39.8,1,45,34.5,1,Logística
0,11.07,40.6,20,Masculino,8,40.2,0,4,15.7,0,Tecnología
0,13.21,58.2,26,Femenino,9,43.9,0,1,20.2,0,Comercio & Retail
1,51.93,72.4,29,Masculino,12,48.6,1,45,39.7,0,Tecnología
1,55.82,100.0,40,Femenino,20,45.3,1,12,28.5,1,Comercio & Retail
0,12.52,58.5,31,Masculino,12,68.0,0,2,24.3,0,Logística
0,9.75,31.8,50,Masculino,7,35.7,0,1,25.0,0,Comercio & Retail
0,11.67,45.1,35,Masculino,7,32.9,0,4,21.8,1,Logística
0,10.26,50.7,58,Femenino,8,63.7,0,4,27.2,0,Manufactura
0,9.5,30.8,26,Femenino,3,57.4,0,2,40.1,0,Servicios Personales
0,16.71,66.3,40,Masculino,9,80.0,0,2,24.4,1,Servicios Personales
0,11.86,56.1,27,Femenino,10,29.3,0,1,34.1,0,Manufactura
1,45.03,76.0,36,Femenino,10,40.8,1,45,33.9,1,Comercio & Retail
0,12.54,39.8,64,Masculino,4,38.5,0,1,36.2,0,Comercio & Retail
0,14.1,68.1,22,Masculino,11,47.1,0,1,13.8,0,Tecnología
0,9.92,39.9,64,Femenino,6,47.2,0,1,49.0,1,Logística
0,13.97,47.9,40,Femenino,9,70.3,0,4,9.7,1,Manufactura
0,5.65,36.9,47,Femenino,7,40.6,0,2,4.3,0,Servicios Personales
1,51.89,72.8,42,Femenino,14,39.7,1,45,15.2,1,Servicios Personales
0,9.62,51.8,45,Femenino,7,57.0,0,2,35.8,0,Comercio & Retail
1,47.62,73.0,51,Femenino,15,38.3,1,450,58.9,1,Comercio & Retail
0,11.7,55.3,62,Masculino,11,58.4,0,2,36.9,0,Comercio & Retail
0,10.13,52.7,64,Masculino,12,48.6,0,1,22.6,1,Comercio & Retail
0,10.68,60.1,42,Femenino,10,56.3,0,1,57.9,1,Agroindustria
0,11.57,32.3,27,Femenino,7,46.0,0,2,40.7,1,Manufactura
0,17.05,67.0,31,Masculino,12,31.1,1,1,22.2,0,Tecnología
0,11.67,49.8,59,Femenino,8,47.6,0,4,31.9,0,Comercio & Retail
0,12.96,57.6,63,Masculino,11,73.0,0,4,37.4,0,Comercio & Retail
0,14.11,75.1,47,Masculino,12,49.5,0,1,26.3,0,Comercio & Retail
1,58.41,98.9,58,Masculino,17,33.2,1,450,2.7,0,Comercio & Retail
0,9.97,41.9,42,Femenino,12,70.6,0,2,40.3,1,Servicios Personales
0,11.32,56.1,31,Masculino,14,28.8,0,1,38.9,1,Comercio & Retail
1,52.51,72.8,52,Masculino,13,41.1,1,45,32.7,0,Manufactura
1,45.09,67.9,51,Masculino,9,39.6,1,450,29.8,1,Servicios Personales
1,37.3,53.4,27,Masculino,13,44.3,1,45,19.0,0,Manufactura
0,11.1,59.2,52,Femenino,10,48.6,0,8,9.8,0,Comercio & Retail
0,9.32,29.5,28,Femenino,8,64.0,0,2,17.2,0,Comercio & Retail
0,4.56,20.5,28,Masculino,6,42.4,0,8,52.8,0,Logística
1,53.11,83.7,38,Masculino,12,42.1,1,120,25.4,1,Servicios Personales
0,11.53,50.9,38,Masculino,8,44.6,0,1,13.6,0,Manufactura
1,42.71,47.6,39,Masculino,12,43.7,0,120,55.8,0,Comercio & Retail
0,12.36,52.8,62,Femenino,10,58.3,1,2,34.8,1,Comercio & Retail
0,13.22,43.2,24,Femenino,9,66.6,0,2,21.3,0,Comercio & Retail
0,11.09,38.7,34,Masculino,7,55.2,1,1,10.6,1,Manufactura
1,49.69,71.9,19,Femenino,15,31.9,1,45,28.6,1,Agroindustria
0,11.68,53.1,29,Masculino,9,49.0,0,1,23.8,1,Servicios Personales
1,55.14,83.5,59,Femenino,16,40.7,1,12,17.3,1,Servicios Personales
0,11.45,36.1,35,Masculino,7,52.3,1,1,29.2,1,Servicios Personales
0,16.67,71.6,28,Masculino,16,46.9,1,1,27.9,1,Servicios Personales
0,13.92,59.0,33,Femenino,10,63.9,0,4,8.4,0,Servicios Personales
0,14.67,60.5,35,Femenino,13,59.4,0,1,29.8,0,Tecnología
0,9.16,28.4,52,Masculino,5,37.0,0,2,18.9,0,Servicios Personales
0,8.54,36.1,43,Masculino,5,59.8,0,1,27.8,1,Logística
0,14.3,59.3,33,Masculino,11,36.9,0,2,41.8,1,Tecnología
0,9.54,34.6,23,Femenino,6,57.2,0,1,67.1,0,Comercio & Retail
1,52.83,85.5,61,Femenino,15,41.9,1,120,45.6,1,Servicios Personales
1,44.65,63.9,60,Femenino,11,41.3,1,120,42.2,1,Logística
1,44.47,67.2,64,Femenino,8,41.2,1,120,31.7,1,Manufactura
0,12.1,40.5,64,Masculino,7,48.8,0,2,65.8,1,Comercio & Retail
0,15.08,58.1,59,Masculino,9,37.9,0,8,6.2,0,Servicios Personales
0,15.35,61.6,29,Femenino,8,22.9,0,1,30.6,1,Tecnología
0,12.62,54.1,30,Femenino,12,46.1,0,1,16.2,0,Tecnología
0,8.83,51.4,21,Femenino,10,57.0,0,1,35.9,0,Logística
1,50.24,83.3,56,Masculino,14,36.9,1,12,29.1,1,Manufactura
1,45.9,69.7,19,Masculino,12,36.8,1,45,20.4,1,Comercio & Retail
0,13.22,42.8,43,Masculino,7,48.1,1,1,6.0,0,Manufactura
0,11.02,33.2,44,Femenino,8,54.3,0,2,11.4,0,Servicios Personales
0,10.13,30.0,44,Masculino,7,40.8,0,2,11.9,1,Comercio & Retail
0,9.08,38.5,32,Femenino,7,37.6,0,2,23.0,1,Servicios Personales
0,6.87,19.0,25,Femenino,3,31.0,0,2,24.6,0,Comercio & Retail
1,48.43,63.2,24,Masculino,14,34.7,1,120,30.6,1,Comercio & Retail
1,41.19,56.7,64,Masculino,15,50.2,1,45,43.8,1,Tecnología
0,8.94,25.4,63,Femenino,6,45.3,0,1,58.7,1,Comercio & Retail
0,8.34,30.2,57,Femenino,6,64.1,0,1,24.9,0,Comercio & Retail
0,14.15,64.2,29,Femenino,12,42.8,0,4,28.0,0,Manufactura
0,11.83,39.6,30,Femenino,7,74.9,0,1,6.7,0,Servicios Personales
0,15.64,75.6,60,Masculino,15,37.7,0,4,37.9,0,Logística
0,14.12,43.1,34,Masculino,7,45.9,0,1,4.9,0,Comercio & Retail
0,6.33,6.0,34,Femenino,2,44.0,0,2,48.8,0,Manufactura
1,43.9,65.6,53,Femenino,10,35.2,1,12,22.7,1,Comercio & Retail
0,14.47,54.3,38,Femenino,8,48.1,1,1,8.9,0,Agroindustria
0,10.99,59.4,25,Masculino,11,33.6,0,4,20.6,0,Tecnología
0,12.16,45.7,22,Femenino,9,25.3,0,2,31.3,0,Servicios Personales
1,52.17,76.6,43,Masculino,12,41.5,1,12,38.2,1,Tecnología
0,11.66,52.8,33,Femenino,12,31.5,0,8,17.1,1,Manufactura
0,12.77,68.8,53,Masculino,11,39.8,0,1,27.6,0,Comercio & Retail
1,38.97,50.3,45,Masculino,11,42.9,1,12,4.0,1,Comercio & Retail
0,14.5,68.2,46,Masculino,10,53.8,0,1,28.3,1,Comercio & Retail
0,14.54,39.6,64,Masculino,5,32.7,0,4,46.3,0,Servicios Personales
1,42.32,68.0,29,Masculino,11,38.0,0,12,43.6,1,Comercio & Retail
1,49.4,69.1,54,Masculino,13,43.8,1,45,19.6,1,Agroindustria
0,12.24,63.5,47,Femenino,11,46.1,0,1,7.8,0,Agroindustria
0,9.58,51.3,40,Femenino,9,61.6,0,1,31.9,1,Servicios Personales
0,14.39,52.8,33,Femenino,12,21.7,0,4,16.1,0,Servicios Personales
1,44.54,69.9,31,Masculino,11,39.9,1,12,63.0,1,Servicios Personales
0,13.6,64.3,27,Masculino,13,39.0,0,2,47.6,1,Agroindustria
0,12.75,56.0,24,Femenino,10,38.5,1,2,54.2,0,Servicios Personales
0,9.3,19.1,62,Masculino,5,40.2,0,1,29.6,1,Manufactura
0,10.87,49.2,54,Masculino,9,68.5,0,2,27.7,1,Comercio & Retail
0,7.32,43.0,46,Masculino,6,48.7,0,1,31.6,0,Comercio & Retail
1,51.83,64.3,20,Masculino,8,41.1,1,120,12.9,1,Servicios Personales
0,12.33,54.4,32,Masculino,10,48.2,0,1,29.4,1,Comercio & Retail
0,12.37,67.6,53,Femenino,14,41.7,0,1,16.1,1,Servicios Personales
1,43.14,60.4,64,Femenino,13,39.3,1,12,51.2,1,Comercio & Retail
1,42.88,52.7,63,Masculino,11,48.9,1,120,25.8,1,Logística
1,58.3,92.9,36,Femenino,15,39.5,1,12,15.5,1,Logística
0,9.01,44.4,30,Femenino,10,70.7,0,4,14.1,1,Tecnología
1,45.72,54.9,59,Masculino,11,41.5,1,12,31.6,1,Manufactura
0,14.15,65.2,38,Masculino,9,48.5,0,2,30.7,0,Logística
0,11.99,50.5,54,Masculino,6,53.4,0,1,13.5,0,Agroindustria
1,54.37,86.2,44,Femenino,12,46.2,1,45,51.3,1,Servicios Personales
0,12.1,41.7,46,Masculino,4,39.8,0,4,25.6,0,Comercio & Retail
0,14.52,41.4,37,Femenino,6,65.7,0,2,9.1,0,Manufactura
1,47.92,65.2,42,Femenino,11,43.7,1,12,29.7,1,Servicios Personales
0,11.61,32.9,23,Masculino,7,35.4,0,1,11.7,0,Manufactura
0,10.31,54.0,53,Femenino,10,32.8,0,1,11.0,0,Comercio & Retail
0,11.11,49.3,19,Femenino,11,40.9,0,4,64.4,0,Servicios Personales
0,11.92,61.3,39,Masculino,8,64.8,0,1,33.9,0,Manufactura
0,10.63,40.3,49,Femenino,10,40.8,0,1,30.1,0,Comercio & Retail
1,40.22,52.5,33,Masculino,10,42.1,1,12,9.4,1,Logística
0,10.52,28.5,35,Masculino,6,54.9,0,1,8.6,0,Tecnología
0,14.97,73.1,22,Masculino,12,33.3,0,1,24.1,0,Comercio & Retail
0,7.37,24.7,53,Femenino,2,34.2,0,1,31.4,0,Comercio & Retail
0,17.21,82.7,47,Masculino,17,37.2,0,4,6.4,1,Comercio & Retail
1,41.01,51.2,62,Femenino,12,43.4,1,120,70.5,1,Manufactura
0,11.45,85.3,36,Masculino,14,58.0,0,1,52.7,1,Comercio & Retail
0,13.47,57.7,40,Femenino,13,31.1,0,1,41.6,0,Tecnología
0,10.24,50.9,51,Femenino,10,44.8,0,1,23.0,0,Tecnología
0,10.7,43.0,30,Masculino,7,54.7,0,2,42.7,0,Comercio & Retail
0,11.69,60.4,60,Femenino,10,39.6,0,2,38.1,0,Comercio & Retail
1,46.85,64.1,46,Femenino,13,42.2,1,12,9.2,1,Logística
0,13.38,57.4,53,Femenino,7,50.3,0,1,19.4,0,Comercio & Retail
0,13.71,59.6,39,Masculino,11,59.3,0,1,43.6,0,Servicios Personales
0,11.5,43.7,64,Femenino,3,63.3,0,1,53.5,0,Comercio & Retail
0,10.38,33.8,53,Femenino,7,42.6,0,1,23.9,0,Agroindustria
0,11.02,48.3,26,Femenino,7,72.7,0,2,24.3,0,Servicios Personales
1,42.64,71.6,56,Masculino,16,43.0,1,12,38.2,1,Manufactura
0,11.14,33.4,36,Masculino,5,52.6,0,1,22.6,1,Comercio & Retail
0,11.98,49.7,55,Femenino,12,50.1,0,4,18.5,0,Manufactura
0,17.17,92.7,23,Femenino,16,47.4,0,1,35.0,0,Comercio & Retail
0,14.7,84.7,64,Femenino,14,38.9,0,1,24.2,0,Comercio & Retail
1,63.08,91.3,32,Femenino,16,43.8,1,12,34.8,1,Manufactura
1,58.34,88.6,37,Femenino,16,39.6,1,45,46.5,1,Manufactura
1,58.42,82.5,26,Femenino,10,40.4,1,12,35.9,1,Tecnología
0,13.46,65.1,49,Masculino,12,43.2,0,2,32.5,1,Manufactura
1,49.3,75.9,21,Masculino,11,41.4,1,120,38.4,1,Agroindustria
0,13.67,62.9,35,Femenino,12,56.8,0,2,11.8,1,Manufactura
1,41.46,69.1,22,Masculino,12,49.3,0,12,65.5,1,Servicios Personales
0,18.35,91.2,37,Masculino,17,71.6,0,2,39.4,0,Logística
0,9.38,40.9,40,Masculino,11,47.3,0,1,30.7,0,Servicios Personales
0,9.51,37.9,28,Masculino,6,40.3,0,1,17.6,1,Manufactura
0,13.26,60.8,54,Femenino,12,50.6,0,2,27.5,0,Manufactura
0,14.62,66.8,39,Femenino,13,58.2,0,2,3.9,0,Comercio & Retail
0,11.46,35.8,21,Masculino,7,55.8,0,1,53.3,1,Comercio & Retail
0,8.78,44.7,46,Femenino,7,52.0,0,2,34.9,0,Comercio & Retail
0,15.64,74.6,61,Femenino,14,52.3,0,1,20.2,0,Logística
0,8.13,37.0,51,Femenino,8,35.9,0,2,37.0,0,Manufactura
0,11.89,47.4,30,Femenino,8,54.2,0,2,9.5,0,Servicios Personales
0,11.27,44.5,59,Masculino,8,41.0,0,1,22.3,1,Tecnología
0,11.33,71.1,26,Femenino,11,47.0,0,4,18.7,0,Comercio & Retail
0,18.5,76.8,59,Femenino,14,48.6,0,1,14.3,1,Servicios Personales
1,42.94,59.3,48,Femenino,13,36.2,1,45,20.0,1,Logística
0,13.04,56.8,24,Femenino,8,55.1,0,1,18.4,0,Comercio & Retail
0,14.49,74.5,21,Masculino,15,44.1,0,1,57.0,1,Comercio & Retail
0,13.73,67.6,36,Femenino,13,42.4,1,1,41.8,1,Comercio & Retail
1,45.45,61.8,59,Masculino,14,36.5,1,120,73.0,1,Agroindustria
1,48.94,73.0,47,Masculino,14,39.0,1,120,20.6,1,Servicios Personales
0,16.31,56.4,48,Masculino,8,41.4,0,1,6.5,1,Comercio & Retail
0,10.72,40.6,52,Femenino,7,71.2,0,4,35.4,0,Manufactura
0,14.42,66.8,38,Femenino,9,51.3,0,2,29.3,0,Logística
1,51.02,80.0,48,Masculino,14,43.7,1,120,18.9,1,Manufactura
0,11.06,30.7,36,Masculino,6,48.0,0,1,58.4,1,Comercio & Retail
0,11.97,37.6,48,Femenino,5,49.0,0,1,49.3,1,Comercio & Retail
0,5.56,13.2,49,Femenino,3,39.3,0,2,21.0,0,Comercio & Retail
0,7.55,25.3,19,Masculino,5,37.3,0,1,32.0,0,Servicios Personales
0,7.85,25.6,27,Masculino,7,63.3,0,1,4.6,1,Servicios Personales
0,10.84,38.9,19,Femenino,10,51.3,0,2,21.5,0,Servicios Personales
0,11.78,36.0,19,Masculino,6,41.9,0,1,29.8,0,Servicios Personales
1,43.68,65.1,41,Masculino,13,39.1,1,120,54.8,1,Logística
0,13.54,57.3,34,Masculino,10,50.4,0,1,42.0,0,Comercio & Retail
0,10.01,14.0,49,Masculino,2,35.7,0,1,53.9,0,Logística
1,45.52,63.3,33,Femenino,10,41.6,1,45,44.0,1,Manufactura
0,12.7,56.9,33,Masculino,11,51.8,0,2,17.3,0,Agroindustria
1,53.31,86.1,63,Masculino,17,44.7,1,120,29.3,1,Servicios Personales
0,10.36,26.8,56,Masculino,11,36.2,0,1,34.9,0,Logística
0,8.72,27.0,48,Femenino,3,50.2,0,4,56.2,1,Manufactura
1,44.43,66.9,60,Masculino,11,44.1,1,120,33.1,0,Logística
0,5.61,36.2,41,Femenino,11,39.6,0,1,28.1,0,Comercio & Retail
0,14.18,63.3,18,Femenino,12,67.7,0,8,11.3,0,Servicios Personales
1,50.31,87.1,28,Masculino,20,29.0,1,45,23.3,1,Servicios Personales
1,41.76,62.4,38,Masculino,8,45.0,1,120,37.3,1,Comercio & Retail
0,12.56,34.1,21,Masculino,8,25.0,0,1,20.1,0,Comercio & Retail
0,15.9,84.6,24,Femenino,12,38.4,0,1,6.9,0,Comercio & Retail
0,19.53,95.9,43,Masculino,17,31.8,0,4,20.9,0,Comercio & Retail
1,44.88,68.1,64,Femenino,13,44.5,1,45,5.6,1,Servicios Personales
0,10.41,36.6,29,Masculino,9,42.0,0,1,63.2,0,Comercio & Retail
1,44.05,66.4,48,Femenino,14,42.9,1,12,2.1,1,Servicios Personales
1,58.6,89.9,34,Masculino,17,44.1,0,45,3.2,1,Comercio & Retail
0,12.29,44.1,50,Masculino,7,54.5,0,1,19.2,1,Comercio & Retail
0,9.38,28.0,28,Femenino,6,40.5,0,1,21.5,1,Servicios Personales
0,12.97,66.1,45,Femenino,10,61.7,0,1,14.3,0,Agroindustria
0,12.66,58.0,49,Masculino,11,52.6,0,1,68.4,0,Manufactura
1,46.3,77.8,18,Masculino,15,35.2,1,120,42.7,1,Agroindustria
0,12.1,56.9,64,Masculino,8,32.6,0,2,36.8,0,Comercio & Retail
0,16.62,71.8,45,Masculino,12,46.0,0,8,6.3,0,Comercio & Retail
0,15.54,89.8,59,Femenino,16,66.0,0,1,38.6,1,Logística
1,45.27,66.0,24,Femenino,11,38.5,1,12,6.3,1,Agroindustria
0,13.72,40.3,19,Femenino,8,30.9,0,1,23.8,0,Comercio & Retail
1,39.07,62.6,59,Femenino,12,42.8,1,120,11.1,0,Tecnología
0,15.55,64.5,41,Masculino,9,35.2,0,1,11.0,0,Manufactura
0,13.66,45.5,21,Femenino,11,39.1,0,1,16.7,1,Comercio & Retail
0,11.06,39.7,61,Masculino,9,63.4,0,4,17.5,0,Comercio & Retail
1,43.19,56.4,36,Masculino,9,38.9,1,45,29.5,1,Comercio & Retail
0,10.83,46.1,43,Masculino,8,42.7,0,1,20.6,0,Servicios Personales
0,8.0,30.2,28,Masculino,8,51.9,0,1,49.8,0,Comercio & Retail
0,15.81,78.0,57,Femenino,14,44.2,0,1,30.4,1,Comercio & Retail
0,16.67,63.5,60,Masculino,11,51.1,0,2,34.2,0,Comercio & Retail
1,58.99,100.0,28,Femenino,15,43.2,1,450,12.8,1,Comercio & Retail
0,9.51,20.9,62,Femenino,1,60.5,0,1,34.3,1,Comercio & Retail
0,13.56,68.2,20,Masculino,8,40.1,0,1,48.2,1,Manufactura
0,9.68,52.8,29,Femenino,7,70.7,0,1,24.5,0,Comercio & Retail
0,9.76,32.2,20,Masculino,9,49.3,0,1,50.2,0,Comercio & Retail
0,9.99,39.3,59,Masculino,6,48.7,0,4,41.8,0,Servicios Personales
0,8.57,30.4,44,Masculino,4,47.5,0,1,49.4,0,Logística
0,13.91,66.1,19,Femenino,13,60.3,0,4,16.7,0,Tecnología
0,10.56,38.4,33,Masculino,8,38.8,0,2,20.7,0,Comercio & Retail
1,51.45,71.0,19,Femenino,12,37.3,1,450,29.2,1,Manufactura
0,12.93,35.6,47,Masculino,6,60.0,0,1,62.7,0,Comercio & Retail
0,13.4,42.8,37,Femenino,4,41.2,0,1,15.4,0,Tecnología
0,16.72,69.3,55,Masculino,11,50.7,0,2,40.6,0,Comercio & Retail
1,42.36,60.6,45,Femenino,12,39.2,1,12,36.1,1,Tecnología
0,11.14,40.9,42,Femenino,8,42.6,0,1,8.5,0,Comercio & Retail
0,11.85,33.4,49,Femenino,6,43.0,0,1,35.5,0,Logística
1,51.22,75.3,27,Femenino,15,47.4,1,120,49.4,1,Servicios Personales
0,15.04,58.2,59,Masculino,10,57.0,0,1,11.2,0,Tecnología
0,10.24,34.5,57,Femenino,6,63.5,0,1,59.1,0,Tecnología
0,9.59,26.9,50,Femenino,4,30.5,0,8,12.6,1,Manufactura
0,13.06,45.9,30,Masculino,7,57.2,0,1,51.3,0,Comercio & Retail
0,12.82,61.3,58,Femenino,9,59.6,0,1,16.2,0,Comercio & Retail
0,14.9,69.4,59,Femenino,13,52.6,0,4,9.1,0,Comercio & Retail
1,42.03,54.7,64,Masculino,10,46.2,1,120,13.2,1,Comercio & Retail
1,43.76,53.4,54,Femenino,9,40.1,1,45,19.8,1,Logística
0,8.31,25.0,33,Femenino,7,59.7,0,8,33.4,0,Agroindustria
1,44.93,72.7,62,Femenino,15,41.3,1,45,27.3,1,Logística
0,12.37,58.4,39,Femenino,14,29.5,0,2,8.3,0,Comercio & Retail
0,13.41,61.5,37,Masculino,13,61.2,0,2,19.4,0,Comercio & Retail
1,38.19,45.9,60,Femenino,10,37.4,1,12,17.9,1,Tecnología
1,42.7,53.7,44,Masculino,12,42.4,1,12,44.9,1,Comercio & Retail
0,7.37,5.1,58,Femenino,0,45.1,0,1,26.9,1,Servicios Personales
1,53.81,82.3,33,Femenino,11,40.5,1,12,53.0,1,Comercio & Retail
0,16.86,82.4,51,Femenino,17,36.4,0,1,8.7,0,Logística
0,11.64,59.0,49,Masculino,8,35.1,0,4,10.0,0,Agroindustria
0,13.05,46.6,43,Masculino,6,37.5,0,2,18.8,1,Agroindustria
1,40.57,57.9,42,Masculino,9,38.6,1,45,52.7,1,Comercio & Retail
0,10.6,48.4,19,Masculino,7,46.4,0,2,11.1,1,Manufactura
0,13.39,59.9,29,Femenino,6,46.3,0,2,36.4,0,Comercio & Retail
1,50.48,63.3,57,Femenino,11,44.0,1,12,49.5,1,Manufactura
0,13.99,49.2,26,Femenino,13,63.9,0,2,14.3,0,Comercio & Retail
0,10.24,57.3,29,Femenino,11,58.1,0,4,13.6,0,Comercio & Retail
0,8.45,28.5,43,Femenino,6,59.1,0,1,67.6,0,Comercio & Retail
0,10.68,29.0,26,Femenino,7,44.3,0,1,32.1,0,Manufactura
0,14.36,63.3,27,Femenino,11,44.8,0,1,57.8,0,Servicios Personales
0,12.7,42.3,49,Femenino,12,49.5,1,1,22.3,1,Manufactura
1,42.89,52.1,51,Femenino,9,45.9,1,45,23.0,1,Manufactura
0,7.68,26.5,37,Femenino,7,55.3,0,1,56.6,0,Tecnología
1,49.02,65.2,56,Masculino,13,50.5,1,45,25.5,1,Logística
0,18.32,90.8,19,Femenino,17,46.8,0,1,31.3,1,Servicios Personales
1,44.4,64.5,18,Masculino,14,44.6,1,120,43.2,1,Comercio & Retail
1,50.8,75.2,53,Masculino,18,42.7,1,45,8.2,1,Comercio & Retail
0,11.32,43.6,41,Femenino,8,29.7,0,1,24.7,0,Manufactura
1,51.91,77.2,44,Femenino,14,41.6,1,120,28.8,1,Comercio & Retail
0,13.29,78.0,19,Femenino,15,59.8,0,2,10.0,0,Agroindustria
0,12.45,46.3,48,Masculino,8,55.1,1,1,14.1,0,Comercio & Retail
0,10.74,34.6,31,Femenino,7,63.6,0,1,6.4,0,Comercio & Retail
0,9.72,34.9,19,Femenino,6,54.5,0,1,8.4,0,Tecnología
0,12.66,61.9,46,Femenino,10,66.7,0,2,38.7,0,Agroindustria
0,8.71,29.7,32,Masculino,4,56.9,1,1,49.7,0,Servicios Personales
1,49.16,81.4,29,Femenino,16,38.3,1,12,13.7,0,Comercio & Retail
0,11.3,31.4,54,Masculino,5,55.3,0,4,34.0,0,Comercio & Retail
0,14.15,51.7,45,Masculino,12,60.2,0,1,30.4,1,Tecnología
0,6.88,39.0,37,Masculino,1,40.1,0,1,31.3,0,Manufactura
1,51.93,94.8,56,Masculino,18,42.6,1,45,13.1,1,Manufactura
0,15.64,77.8,41,Femenino,15,48.0,0,1,28.0,0,Comercio & Retail
0,10.63,29.4,38,Masculino,4,50.3,0,1,14.1,1,Manufactura
0,14.11,73.2,27,Masculino,11,38.3,0,1,59.2,1,Tecnología
0,10.9,43.0,63,Femenino,9,55.8,0,1,41.1,0,Comercio & Retail
0,14.26,65.7,31,Femenino,11,51.6,0,1,21.6,1,Manufactura
1,47.43,63.4,54,Masculino,12,38.1,1,12,22.3,1,Comercio & Retail
0,12.02,40.4,35,Masculino,7,50.6,0,1,13.7,0,Comercio & Retail
0,10.5,52.2,41,Masculino,10,66.1,0,1,19.3,1,Servicios Personales
0,8.91,40.1,31,Masculino,3,58.5,0,1,16.5,0,Comercio & Retail
0,9.75,36.3,51,Masculino,10,55.1,0,1,18.3,0,Comercio & Retail
0,8.48,39.7,29,Femenino,2,34.6,0,4,24.6,0,Tecnología
1,52.35,85.2,39,Masculino,15,41.8,1,120,52.6,1,Agroindustria
0,8.31,31.4,23,Femenino,4,41.7,0,1,22.6,0,Logística
1,43.67,56.6,53,Masculino,11,48.7,1,12,29.0,1,Comercio & Retail
1,39.5,66.9,62,Masculino,13,40.1,1,120,43.6,1,Manufactura
1,60.43,87.8,53,Masculino,17,45.3,1,45,34.3,1,Manufactura
1,52.91,95.3,39,Femenino,17,40.8,1,45,56.2,1,Manufactura
1,50.65,79.8,31,Femenino,15,46.5,1,120,18.1,1,Agroindustria
0,10.87,57.8,33,Femenino,10,42.7,0,2,21.1,0,Comercio & Retail
1,47.12,71.3,53,Masculino,14,39.3,0,45,27.0,1,Servicios Personales
0,13.87,40.6,42,Masculino,11,31.6,0,2,13.6,0,Tecnología
0,8.61,42.4,49,Femenino,11,21.7,1,2,15.5,1,Comercio & Retail
0,10.24,58.0,50,Masculino,8,56.8,0,1,25.2,0,Manufactura
1,53.68,87.7,62,Masculino,17,47.8,1,120,50.4,1,Tecnología
0,11.23,51.3,53,Femenino,7,41.3,0,2,30.2,1,Tecnología
0,13.56,47.1,37,Femenino,6,53.2,0,8,49.5,1,Comercio & Retail
0,9.02,69.1,35,Masculino,12,63.6,0,1,30.3,0,Agroindustria
0,10.13,35.7,55,Masculino,3,68.2,0,1,10.8,0,Agroindustria
0,9.55,46.4,20,Masculino,10,34.2,0,2,23.5,0,Comercio & Retail
1,54.36,84.7,40,Masculino,16,34.6,1,12,26.5,1,Manufactura
1,51.84,67.5,49,Masculino,12,43.4,1,12,22.7,1,Agroindustria
0,11.81,68.2,62,Femenino,10,69.0,0,1,38.5,0,Manufactura
0,6.31,6.8,33,Masculino,7,45.8,1,1,9.4,0,Comercio & Retail
0,11.71,54.9,22,Femenino,4,42.6,0,1,24.3,0,Tecnología
0,15.9,75.5,21,Femenino,13,36.0,0,1,50.5,1,Comercio & Retail
0,9.96,57.6,38,Femenino,10,45.8,0,1,20.2,0,Logística
0,13.07,53.5,57,Femenino,12,55.6,0,1,55.1,1,Logística
0,9.86,20.1,31,Masculino,2,34.8,1,2,28.4,0,Tecnología
0,16.12,70.5,56,Masculino,13,37.3,0,8,45.5,0,Servicios Personales
1,60.15,100.0,48,Femenino,18,40.9,1,120,12.5,1,Manufactura
1,51.33,90.3,31,Masculino,15,46.8,1,45,41.2,1,Logística
0,12.81,65.2,23,Masculino,11,35.2,0,1,42.4,1,Agroindustria
0,13.22,46.3,29,Masculino,6,64.6,0,1,18.7,1,Logística
0,14.33,57.0,33,Masculino,10,28.1,0,2,5.3,1,Comercio & Retail
0,11.43,48.8,34,Femenino,11,37.4,0,2,31.4,0,Manufactura
0,8.87,39.2,62,Masculino,8,37.4,0,2,19.0,0,Logística
0,11.3,56.6,40,Masculino,8,34.0,0,1,25.8,0,Servicios Personales
1,53.77,94.1,31,Masculino,18,44.6,1,45,69.2,1,Manufactura
0,8.65,32.8,24,Masculino,6,70.5,0,4,11.5,0,Manufactura
0,11.77,39.4,63,Masculino,8,40.5,0,1,29.5,0,Comercio & Retail
0,15.81,69.5,49,Masculino,12,52.8,0,1,44.5,0,Servicios Personales
1,55.11,84.0,32,Masculino,18,40.5,0,120,31.2,1,Comercio & Retail
0,10.43,43.1,61,Masculino,9,55.0,0,1,28.9,0,Comercio & Retail
0,8.62,30.4,34,Femenino,3,64.2,0,2,35.5,0,Manufactura
0,8.0,29.8,58,Femenino,2,38.1,0,1,23.3,0,Logística
0,14.51,84.0,64,Femenino,20,43.0,0,2,27.3,1,Comercio & Retail
0,11.01,23.6,61,Masculino,3,80.0,1,1,15.8,0,Agroindustria
0,12.67,62.3,51,Masculino,10,34.3,0,1,35.2,0,Comercio & Retail
0,11.48,46.7,22,Femenino,4,43.8,0,1,29.5,0,Comercio & Retail
0,7.4,45.9,62,Masculino,7,32.9,0,1,37.9,1,Logística
0,9.63,41.9,44,Masculino,8,71.3,0,1,35.0,0,Manufactura
0,6.72,18.7,40,Masculino,3,40.2,1,1,55.4,1,Manufactura
1,45.03,75.0,57,Femenino,15,39.8,1,45,6.7,1,Manufactura
0,14.96,62.6,31,Masculino,12,31.6,0,1,16.4,1,Logística
0,10.53,25.4,32,Masculino,8,45.2,0,2,47.8,0,Manufactura
0,7.35,30.0,60,Masculino,8,55.0,0,1,15.7,0,Manufactura
0,13.72,48.2,50,Masculino,14,20.0,0,2,11.8,1,Comercio & Retail
0,11.71,55.1,48,Masculino,10,33.2,0,4,16.3,1,Tecnología
1,59.55,97.5,52,Femenino,18,41.1,1,120,39.7,1,Agroindustria
0,13.21,56.1,34,Masculino,8,45.6,0,2,23.5,1,Servicios Personales
0,14.05,50.2,45,Femenino,12,58.4,0,4,35.7,1,Tecnología
0,9.53,25.8,36,Femenino,5,45.8,0,1,35.8,1,Logística
0,7.86,34.0,63,Femenino,8,10.3,0,2,24.8,0,Comercio & Retail
1,47.43,71.9,40,Femenino,14,35.5,1,120,32.9,1,Logística
1,53.07,80.3,49,Femenino,14,42.3,1,120,18.6,1,Servicios Personales
1,54.23,94.4,57,Masculino,17,45.3,1,12,34.8,1,Manufactura
0,12.84,56.2,30,Masculino,12,43.0,0,4,53.1,0,Comercio & Retail
1,48.47,76.1,37,Femenino,15,42.8,1,120,34.4,1,Comercio & Retail
0,12.87,55.6,52,Masculino,12,54.8,0,1,36.6,1,Logística
0,9.74,47.2,22,Femenino,8,37.5,0,2,48.3,0,Comercio & Retail
0,7.31,24.7,26,Femenino,4,69.2,0,2,12.2,0,Tecnología
0,12.28,45.4,46,Masculino,9,24.1,0,4,20.6,1,Comercio & Retail
0,10.18,25.8,23,Masculino,6,55.3,0,2,8.8,0,Tecnología
0,11.72,40.9,42,Masculino,14,56.3,0,1,34.2,0,Comercio & Retail
1,46.43,67.2,48,Femenino,14,39.3,0,45,29.6,1,Manufactura
0,10.14,42.4,39,Masculino,6,34.7,0,2,43.8,0,Comercio & Retail
0,17.36,73.0,19,Masculino,14,47.3,0,1,30.9,1,Tecnología
0,7.05,24.0,62,Masculino,6,46.5,0,2,22.9,1,Comercio & Retail
1,42.53,52.4,22,Femenino,15,41.3,1,12,23.5,1,Logística
0,12.75,50.2,44,Masculino,9,36.0,0,4,20.5,0,Servicios Personales
0,12.21,51.4,42,Masculino,12,43.1,0,1,27.8,0,Comercio & Retail
1,48.84,74.5,25,Masculino,16,46.1,1,45,42.0,1,Comercio & Retail
0,13.94,51.3,18,Femenino,12,36.3,0,1,26.8,1,Tecnología
0,11.16,35.4,37,Masculino,9,28.7,0,4,19.2,1,Logística
0,14.74,78.7,61,Femenino,13,34.9,0,2,12.5,0,Manufactura
0,14.21,43.6,40,Masculino,6,33.3,0,1,37.1,0,Servicios Personales
0,8.36,26.8,49,Femenino,3,46.6,0,4,20.3,1,Tecnología
0,15.73,79.9,28,Femenino,14,56.5,0,2,26.2,0,Agroindustria
0,11.75,35.2,56,Masculino,5,46.8,0,2,45.1,0,Logística
1,43.95,67.2,64,Femenino,14,46.5,1,450,1.4,1,Logística
0,14.94,75.6,41,Femenino,11,45.5,0,1,46.5,0,Servicios Personales
1,45.7,72.2,28,Femenino,10,30.0,1,450,27.2,1,Logística
0,10.35,28.9,46,Femenino,6,42.1,0,1,69.3,0,Manufactura
0,14.1,49.7,43,Masculino,8,47.0,0,2,43.5,0,Agroindustria
0,13.49,56.4,33,Masculino,10,48.2,0,1,9.7,0,Logística
1,50.46,67.6,52,Masculino,11,45.1,1,120,5.0,1,Comercio & Retail
0,10.67,32.4,37,Femenino,7,63.6,1,1,7.2,0,Manufactura
1,48.63,79.8,63,Masculino,13,42.8,1,120,19.2,1,Tecnología
0,13.33,57.8,20,Femenino,13,52.7,1,1,13.7,0,Manufactura
1,50.94,61.7,18,Masculino,12,46.7,1,12,36.6,1,Logística
0,10.74,35.6,64,Masculino,8,37.8,0,2,16.4,0,Logística
0,13.21,61.7,18,Masculino,13,38.8,0,2,34.8,0,Tecnología
0,13.52,52.7,34,Masculino,12,33.6,0,2,15.3,0,Comercio & Retail
0,8.87,17.5,19,Femenino,3,41.3,0,1,17.9,1,Logística
0,13.63,66.7,46,Femenino,11,45.2,0,1,1.8,0,Servicios Personales
1,51.67,82.6,37,Masculino,17,42.2,1,12,55.8,0,Logística
1,53.21,90.9,23,Femenino,14,37.5,1,12,14.6,1,Servicios Personales
1,46.54,68.8,25,Femenino,14,47.7,1,12,26.9,1,Tecnología
0,8.55,35.1,46,Femenino,7,34.7,0,2,17.9,0,Servicios Personales
0,12.9,49.8,50,Masculino,10,36.0,0,2,39.0,1,Comercio & Retail
0,13.12,49.5,20,Masculino,9,41.5,0,2,8.7,1,Tecnología
1,45.77,58.1,52,Femenino,10,43.4,1,45,38.6,1,Comercio & Retail
0,12.09,43.0,22,Femenino,8,46.5,0,2,10.1,0,Manufactura
0,9.07,22.1,44,Masculino,5,44.3,0,1,31.0,1,Comercio & Retail
0,11.57,64.3,61,Masculino,10,55.9,0,2,33.8,0,Logística
0,13.34,55.2,29,Femenino,7,79.7,0,4,40.0,0,Servicios Personales
0,13.78,58.7,37,Masculino,12,29.3,0,2,12.8,0,Servicios Personales
1,47.14,69.9,62,Masculino,10,45.5,1,120,16.0,1,Servicios Personales
0,6.7,22.0,37,Masculino,3,41.8,0,1,33.8,0,Agroindustria
0,16.08,85.4,26,Masculino,15,18.4,0,1,37.3,0,Comercio & Retail
0,11.82,53.5,56,Masculino,12,40.2,1,2,26.4,1,Comercio & Retail
0,13.94,70.7,21,Femenino,8,33.0,0,4,58.0,1,Manufactura
0,8.5,33.4,36,Femenino,9,59.3,0,1,11.1,0,Tecnología
0,10.85,24.0,55,Femenino,5,34.5,0,8,30.6,1,Comercio & Retail
1,55.0,77.0,44,Femenino,10,41.9,1,12,22.8,1,Servicios Personales
0,13.14,49.9,62,Femenino,13,63.7,0,2,38.1,0,Manufactura
0,15.7,80.5,60,Femenino,17,50.5,0,1,19.4,1,Logística
0,12.1,49.7,30,Masculino,10,40.5,0,1,31.6,0,Comercio & Retail
0,11.23,55.3,30,Masculino,10,29.0,0,8,27.2,0,Manufactura
0,15.03,77.5,39,Masculino,15,41.2,0,1,53.1,0,Comercio & Retail
0,10.81,36.6,45,Masculino,6,49.5,0,1,56.7,0,Comercio & Retail
1,55.11,66.4,64,Femenino,11,40.0,1,450,42.2,1,Comercio & Retail
1,41.22,57.1,62,Femenino,7,42.3,1,12,9.3,1,Manufactura
0,13.19,49.2,39,Femenino,10,52.4,0,1,34.7,0,Comercio & Retail
0,12.9,53.1,60,Masculino,14,38.8,0,2,31.1,0,Servicios Personales
0,6.44,24.3,36,Femenino,4,43.2,0,1,23.1,0,Agroindustria
0,15.92,74.0,25,Masculino,14,38.8,0,1,17.3,1,Manufactura
0,14.53,60.6,25,Masculino,11,55.0,0,1,7.0,0,Comercio & Retail
0,11.57,67.8,59,Femenino,11,33.3,0,8,61.0,0,Servicios Personales
1,56.26,93.6,43,Femenino,15,41.4,1,120,47.7,1,Tecnología
0,11.51,45.1,43,Masculino,7,62.2,0,1,30.4,1,Comercio & Retail
0,10.88,30.9,40,Masculino,5,57.8,0,4,46.5,0,Comercio & Retail
0,14.35,31.7,60,Masculino,6,56.5,0,1,22.4,0,Manufactura
0,11.74,61.1,30,Femenino,12,43.5,0,4,9.7,0,Comercio & Retail
0,12.44,55.5,45,Masculino,8,49.9,0,1,14.4,0,Agroindustria
0,10.96,37.0,26,Femenino,7,43.8,0,1,25.7,1,Comercio & Retail
0,10.21,45.0,37,Masculino,6,35.8,0,1,19.7,0,Manufactura
0,15.01,48.2,36,Masculino,11,25.5,0,1,23.5,0,Tecnología
1,45.31,54.8,56,Masculino,10,49.3,1,45,14.8,1,Manufactura
0,10.29,19.5,29,Femenino,5,26.3,0,2,0.7,0,Manufactura
0,8.67,29.3,32,Masculino,5,54.1,1,2,8.1,0,Manufactura
0,12.99,61.8,48,Femenino,8,44.2,0,4,31.8,1,Servicios Personales
1,49.83,69.6,31,Femenino,13,45.9,1,45,19.8,1,Tecnología
0,12.79,45.7,28,Femenino,8,64.3,0,1,47.5,1,Manufactura
0,11.77,33.7,43,Masculino,4,35.8,0,4,11.4,1,Servicios Personales
0,14.14,60.1,59,Masculino,10,69.6,0,1,44.2,0,Comercio & Retail
0,13.48,58.2,44,Femenino,10,48.3,0,1,33.3,1,Comercio & Retail
0,8.25,33.3,28,Masculino,4,50.6,0,2,14.5,0,Manufactura
0,9.74,25.0,55,Femenino,5,48.6,0,1,28.7,0,Agroindustria
1,40.76,52.2,51,Femenino,13,36.7,1,12,17.9,1,Servicios Personales
0,12.96,42.3,60,Femenino,5,44.3,0,1,25.2,0,Comercio & Retail
0,12.32,53.9,36,Masculino,13,43.1,0,1,70.9,0,Manufactura
0,10.53,34.7,23,Masculino,4,40.3,0,2,11.1,0,Manufactura
0,10.72,41.1,63,Masculino,4,65.4,0,1,7.2,0,Manufactura
0,10.32,44.7,55,Masculino,10,52.8,1,2,34.7,1,Tecnología
0,12.37,36.4,59,Femenino,7,60.8,0,1,24.6,1,Comercio & Retail
0,10.92,45.5,45,Masculino,8,42.2,1,2,11.9,1,Servicios Personales
0,10.1,50.1,18,Femenino,11,59.0,1,1,33.4,0,Agroindustria
0,8.64,38.0,52,Masculino,8,68.6,0,1,16.7,1,Tecnología
0,8.87,33.7,57,Masculino,6,58.1,0,2,14.3,0,Comercio & Retail
0,9.86,55.3,25,Masculino,12,44.8,0,2,9.5,0,Comercio & Retail
0,14.08,63.9,64,Femenino,11,61.0,1,1,23.7,0,Comercio & Retail
0,12.82,55.8,24,Masculino,10,52.7,0,1,25.3,1,Manufactura
0,7.33,40.5,28,Femenino,10,78.7,0,2,14.7,0,Comercio & Retail
1,47.92,60.3,56,Masculino,7,44.7,1,120,11.6,1,Manufactura
0,9.55,36.0,21,Femenino,6,61.7,0,1,43.0,1,Servicios Personales
0,11.34,50.3,42,Femenino,9,37.8,1,1,18.2,0,Comercio & Retail
0,7.92,37.8,29,Masculino,7,51.4,0,1,44.3,1,Servicios Personales
0,14.78,54.9,43,Masculino,10,54.3,0,1,36.0,1,Agroindustria
0,11.61,41.9,55,Femenino,9,63.0,0,2,36.9,0,Comercio & Retail
0,11.08,41.5,63,Masculino,10,46.7,0,4,56.5,0,Comercio & Retail
0,10.41,51.7,29,Masculino,10,13.1,0,1,18.5,0,Comercio & Retail
1,59.28,97.3,60,Masculino,17,47.9,0,120,25.2,1,Manufactura
0,12.44,40.6,54,Femenino,5,34.1,0,1,16.0,0,Comercio & Retail
0,14.39,63.2,63,Masculino,9,56.4,1,1,8.9,0,Servicios Personales
0,8.61,33.2,41,Femenino,6,41.1,0,2,38.2,0,Servicios Personales
0,12.38,38.8,33,Masculino,8,47.6,0,1,4.4,1,Logística
0,10.6,37.8,30,Masculino,7,55.7,0,2,22.8,0,Comercio & Retail
0,16.05,68.1,42,Masculino,12,34.8,0,2,34.0,1,Manufactura
0,7.71,41.2,21,Masculino,4,56.5,0,1,15.2,0,Servicios Personales
0,10.49,64.2,28,Femenino,13,46.2,0,1,25.2,1,Servicios Personales
0,11.09,49.0,49,Femenino,12,47.9,0,1,25.4,0,Manufactura
1,56.41,96.7,24,Femenino,18,44.1,1,12,3.6,1,Manufactura
1,58.94,94.1,63,Femenino,17,39.4,1,45,44.3,1,Comercio & Retail
0,13.05,48.1,28,Femenino,7,61.8,0,2,49.9,1,Manufactura
1,54.3,89.3,45,Femenino,15,37.9,1,120,17.1,1,Logística
0,9.77,31.8,58,Masculino,9,45.9,0,1,43.3,0,Logística
0,12.06,49.8,40,Masculino,11,36.9,0,4,26.8,0,Manufactura
1,52.13,83.2,62,Masculino,17,37.3,1,12,32.4,1,Manufactura
0,10.89,32.4,40,Masculino,7,58.0,0,1,27.5,0,Comercio & Retail
0,14.27,64.2,45,Femenino,10,36.5,0,2,10.5,0,Manufactura
0,7.23,15.2,60,Femenino,3,46.5,1,1,12.5,1,Servicios Personales
1,52.88,80.4,64,Masculino,13,42.1,1,45,40.1,1,Comercio & Retail
0,13.78,78.5,43,Masculino,18,55.1,0,2,22.3,0,Comercio & Retail
1,50.18,77.0,42,Masculino,12,41.7,0,12,22.6,1,Comercio & Retail
0,14.75,66.8,46,Femenino,15,52.5,0,1,9.4,0,Comercio & Retail
0,11.81,47.4,36,Femenino,14,28.0,0,2,54.2,1,Comercio & Retail
0,10.2,44.4,50,Masculino,7,37.4,0,1,21.6,0,Comercio & Retail
1,49.17,65.8,53,Masculino,11,47.4,1,12,54.2,1,Manufactura
0,10.66,52.6,31,Masculino,12,40.0,0,2,53.7,1,Agroindustria
0,12.95,54.9,31,Masculino,6,65.0,0,4,48.3,1,Comercio & Retail
1,57.4,88.7,52,Masculino,15,45.2,1,12,13.9,1,Tecnología
0,13.02,45.2,47,Masculino,8,45.0,0,2,16.6,0,Manufactura
0,12.92,54.2,45,Masculino,9,30.1,0,2,25.0,1,Agroindustria
0,12.77,51.2,34,Masculino,9,24.3,0,1,11.4,0,Tecnología
1,43.06,61.6,20,Masculino,10,43.5,1,12,36.5,1,Servicios Personales
1,59.94,100.0,33,Masculino,21,35.2,1,450,27.6,0,Logística
0,8.64,30.4,63,Masculino,8,53.3,0,1,55.6,0,Tecnología
0,11.79,47.8,47,Femenino,4,64.1,0,2,12.6,1,Manufactura
1,46.99,70.9,46,Masculino,11,43.3,1,120,40.4,1,Logística
0,9.06,32.5,62,Masculino,7,60.8,0,2,65.7,0,Comercio & Retail
0,14.46,61.5,32,Femenino,8,73.9,0,1,18.8,1,Comercio & Retail
0,13.11,82.1,63,Masculino,12,53.2,0,2,9.1,0,Comercio & Retail
0,9.22,21.9,42,Femenino,6,44.9,0,1,16.4,0,Servicios Personales
0,12.81,57.9,55,Masculino,9,52.6,0,2,24.3,1,Agroindustria
1,45.03,68.2,59,Masculino,11,45.4,1,12,38.1,1,Servicios Personales
0,9.75,46.6,64,Femenino,7,34.0,0,4,26.4,0,Tecnología
0,15.26,66.7,55,Femenino,10,41.4,0,1,61.9,0,Servicios Personales
0,14.3,61.0,40,Masculino,11,59.0,0,1,59.2,1,Servicios Personales
1,42.1,59.9,42,Masculino,10,41.0,1,45,17.7,1,Manufactura
0,10.4,40.0,59,Femenino,11,42.2,0,2,36.2,0,Comercio & Retail
0,12.29,52.4,24,Masculino,11,54.6,0,4,26.8,0,Tecnología
0,11.02,55.7,39,Masculino,7,54.8,0,1,35.4,0,Comercio & Retail
0,11.44,24.0,34,Masculino,4,40.5,0,1,34.2,0,Manufactura
0,10.96,38.4,35,Femenino,6,43.1,0,1,30.3,1,Comercio & Retail
0,6.21,23.7,58,Masculino,5,40.1,0,1,24.8,0,Servicios Personales
1,46.39,68.4,27,Femenino,15,45.4,1,120,17.4,1,Tecnología
0,9.75,30.4,27,Masculino,3,57.4,0,2,33.0,0,Comercio & Retail
0,14.83,61.6,24,Masculino,12,39.3,0,2,10.5,0,Manufactura
0,9.3,24.8,55,Femenino,7,51.4,0,1,32.7,1,Servicios Personales
0,13.95,63.4,44,Masculino,14,44.2,0,2,44.3,0,Comercio & Retail
0,12.18,60.9,50,Femenino,8,34.1,1,2,21.1,0,Manufactura
1,49.2,65.7,18,Masculino,10,46.0,1,45,8.6,0,Comercio & Retail
0,12.8,63.3,61,Masculino,12,42.1,0,1,20.8,0,Tecnología
0,14.53,78.4,51,Masculino,15,41.0,0,2,41.8,0,Manufactura
0,10.36,40.5,21,Masculino,8,40.9,1,1,27.0,0,Manufactura
0,13.02,60.9,34,Masculino,8,23.2,0,1,21.5,1,Manufactura
0,13.06,60.4,21,Masculino,12,46.3,0,1,54.9,1,Comercio & Retail
0,8.33,18.7,60,Masculino,4,58.3,0,1,23.2,1,Logística
0,6.14,10.0,43,Femenino,3,45.7,0,1,25.4,0,Servicios Personales
0,11.51,41.6,21,Masculino,11,51.6,0,1,12.8,0,Servicios Personales
1,44.37,59.1,18,Masculino,13,41.2,1,120,69.2,1,Logística
1,51.75,75.5,24,Femenino,11,39.7,1,12,32.5,1,Comercio & Retail
1,50.43,81.7,47,Femenino,10,47.0,1,45,29.2,1,Comercio & Retail
0,9.76,57.7,26,Femenino,8,45.0,0,1,23.8,1,Tecnología
1,45.5,61.6,52,Femenino,16,42.3,1,12,15.5,1,Agroindustria
1,49.45,71.8,25,Femenino,17,48.4,1,12,45.7,1,Manufactura
0,11.98,43.9,41,Masculino,10,36.5,0,1,68.7,1,Comercio & Retail
0,10.71,40.1,36,Masculino,7,58.8,0,1,27.9,0,Tecnología
0,8.22,30.6,53,Masculino,6,45.4,0,2,64.5,1,Manufactura
0,14.97,69.2,60,Femenino,12,65.1,0,2,52.2,0,Manufactura
0,10.88,32.1,44,Masculino,5,54.5,0,1,32.2,0,Logística
0,11.37,43.7,49,Masculino,5,42.6,0,2,27.6,0,Manufactura
0,11.7,53.0,31,Masculino,8,47.8,0,2,51.4,0,Tecnología
0,17.86,76.1,35,Masculino,12,54.9,0,4,35.4,0,Agroindustria
0,18.36,71.7,45,Femenino,16,69.1,0,1,42.4,0,Manufactura
1,44.98,68.5,46,Masculino,11,43.2,1,45,36.1,1,Logística
0,14.97,55.5,33,Masculino,12,63.9,1,1,18.0,0,Tecnología
0,16.23,70.5,52,Femenino,14,57.5,0,2,22.1,1,Comercio & Retail
1,40.02,58.7,64,Femenino,13,43.6,1,120,9.8,1,Servicios Personales
0,9.49,50.5,48,Femenino,8,55.2,0,1,24.9,0,Logística
0,15.84,80.3,21,Femenino,13,37.8,0,2,48.6,1,Comercio & Retail
1,53.82,82.7,54,Femenino,14,42.1,1,45,21.6,1,Agroindustria
0,11.63,62.6,34,Masculino,11,60.9,1,2,15.5,1,Comercio & Retail
1,41.59,57.6,56,Masculino,11,48.8,1,45,4.8,1,Manufactura
0,12.47,62.8,63,Masculino,12,50.2,0,1,14.4,1,Tecnología
1,43.14,78.3,43,Masculino,12,39.6,0,120,10.3,1,Manufactura
0,10.98,18.6,56,Masculino,3,57.4,1,1,38.8,0,Tecnología
1,51.85,67.7,58,Masculino,12,32.8,1,45,72.4,1,Agroindustria
1,52.08,82.2,21,Masculino,14,43.1,1,120,40.1,1,Tecnología
0,14.35,70.9,47,Femenino,14,56.9,0,1,23.0,0,Comercio & Retail
1,49.5,68.3,47,Masculino,11,46.9,1,120,37.2,1,Logística
0,15.47,81.2,39,Masculino,11,57.6,0,2,30.5,0,Comercio & Retail
0,11.42,46.1,28,Femenino,8,38.6,1,1,47.0,1,Comercio & Retail
0,13.85,52.5,19,Masculino,10,41.6,0,1,29.5,0,Tecnología
1,47.02,69.2,61,Masculino,13,40.6,1,120,7.2,1,Comercio & Retail
0,15.15,63.9,29,Masculino,11,64.5,0,1,14.4,0,Tecnología
0,20.43,80.3,47,Femenino,13,62.3,0,4,42.0,1,Logística
0,13.65,59.6,53,Masculino,8,52.3,0,1,17.7,0,Manufactura
1,50.97,74.3,35,Femenino,14,37.2,1,450,24.0,1,Logística
0,6.75,27.3,43,Femenino,8,57.8,0,2,41.8,0,Servicios Personales
0,12.04,44.5,24,Femenino,11,23.1,0,1,25.9,0,Servicios Personales
0,12.48,56.7,18,Masculino,8,41.8,0,1,43.4,0,Comercio & Retail
0,13.82,48.7,43,Masculino,10,65.2,0,4,26.6,0,Servicios Personales
1,55.71,97.4,40,Femenino,18,41.5,1,45,17.6,1,Logística
1,55.88,71.2,43,Masculino,12,40.2,1,45,19.3,1,Comercio & Retail
0,11.86,57.1,62,Femenino,11,47.7,0,1,36.4,0,Servicios Personales
0,13.01,66.8,23,Femenino,15,40.1,0,2,63.3,1,Comercio & Retail
0,4.96,13.3,23,Masculino,0,52.7,0,1,24.6,0,Comercio & Retail
0,11.77,53.0,61,Femenino,9,52.9,0,1,21.7,1,Agroindustria
0,9.19,33.2,25,Masculino,8,32.9,0,1,8.0,0,Logística
0,14.42,52.3,41,Femenino,7,74.2,0,1,55.9,0,Manufactura
0,12.85,38.0,39,Femenino,4,36.1,0,2,38.3,1,Logística
0,15.6,52.9,36,Masculino,9,54.6,0,2,5.1,1,Agroindustria
1,43.22,68.9,54,Masculino,13,42.0,1,450,8.9,1,Manufactura
1,43.82,65.2,35,Femenino,9,49.4,1,45,6.0,1,Comercio & Retail
1,47.37,59.7,48,Masculino,13,33.3,1,12,25.5,1,Logística
0,14.9,51.4,54,Masculino,10,51.6,0,2,44.5,0,Comercio & Retail
1,46.47,71.6,47,Masculino,14,44.9,1,120,13.7,1,Servicios Personales
0,13.68,41.2,59,Femenino,8,38.8,1,1,50.9,0,Comercio & Retail
0,9.83,25.7,50,Masculino,3,72.3,0,4,34.5,1,Agroindustria
0,9.93,15.2,27,Masculino,4,34.4,0,2,34.9,1,Manufactura
0,10.8,43.2,54,Femenino,8,40.7,0,8,42.3,0,Logística
0,11.29,41.8,29,Masculino,7,27.8,0,2,48.4,0,Comercio & Retail
0,9.75,39.5,47,Masculino,8,51.1,0,1,30.5,0,Servicios Personales
1,54.22,83.9,44,Masculino,14,41.7,1,45,13.1,1,Comercio & Retail
0,9.28,35.4,56,Masculino,4,42.9,0,1,14.9,0,Logística
0,16.57,77.9,26,Masculino,16,39.0,0,1,22.3,1,Manufactura
0,10.59,37.0,38,Masculino,7,54.9,0,2,28.1,1,Manufactura
0,9.07,19.6,29,Masculino,5,59.7,0,2,19.0,0,Servicios Personales
0,13.28,44.2,46,Masculino,9,47.9,0,2,29.3,0,Comercio & Retail
1,54.35,79.7,50,Masculino,16,41.9,1,45,27.6,0,Comercio & Retail
0,10.76,42.3,60,Femenino,7,50.3,0,1,31.4,0,Manufactura
0,9.35,39.5,32,Femenino,8,68.6,0,2,21.3,1,Logística
0,12.98,63.7,19,Masculino,8,40.3,0,2,33.1,0,Comercio & Retail
1,52.43,82.0,56,Femenino,14,44.5,1,12,72.7,1,Manufactura
0,13.11,42.6,61,Masculino,8,49.8,0,4,38.9,1,Comercio & Retail
0,14.51,68.8,35,Masculino,12,44.7,0,2,30.2,0,Comercio & Retail
0,15.97,68.0,20,Masculino,10,39.7,0,1,13.9,0,Servicios Personales
0,13.22,58.5,24,Masculino,10,55.8,0,1,15.3,0,Manufactura
0,12.89,45.3,60,Masculino,8,40.6,0,1,33.8,0,Servicios Personales
1,46.22,64.9,35,Femenino,17,46.2,1,12,15.9,1,Agroindustria
0,17.67,98.3,61,Masculino,21,41.4,0,1,16.7,1,Comercio & Retail
0,12.01,35.4,55,Femenino,7,43.3,0,1,23.2,1,Servicios Personales
0,9.75,33.1,54,Femenino,6,38.2,0,2,6.4,0,Servicios Personales
0,12.55,51.8,50,Femenino,10,53.9,0,1,17.9,0,Manufactura
0,9.81,16.8,61,Femenino,1,48.3,0,1,59.2,1,Comercio & Retail
0,9.31,51.2,48,Femenino,10,34.6,0,2,12.7,1,Manufactura
1,43.71,73.7,28,Femenino,18,46.6,1,45,18.1,1,Manufactura
0,12.52,29.5,21,Masculino,8,31.3,0,2,41.6,1,Comercio & Retail
0,17.94,79.2,35,Masculino,14,61.6,0,2,28.7,1,Logística
0,18.59,96.0,21,Femenino,16,50.3,0,2,24.1,0,Logística
0,10.37,44.0,51,Femenino,7,47.1,0,1,22.6,0,Tecnología
0,13.56,48.0,46,Masculino,11,43.3,0,1,26.9,1,Servicios Personales
1,43.92,68.9,41,Masculino,11,42.9,1,12,4.4,1,Servicios Personales
1,65.45,87.7,39,Masculino,13,37.6,1,45,51.1,1,Agroindustria
1,45.57,79.1,19,Femenino,13,39.4,1,120,74.3,1,Servicios Personales
1,53.79,84.5,61,Masculino,14,48.6,1,120,37.9,1,Logística
0,10.87,31.3,23,Masculino,7,59.9,0,4,38.7,0,Servicios Personales
0,13.25,53.4,59,Masculino,11,54.4,0,4,20.6,0,Manufactura
1,56.63,91.1,42,Femenino,16,42.9,1,12,8.0,1,Manufactura
1,49.61,66.9,38,Femenino,16,40.9,1,12,67.0,1,Comercio & Retail
0,11.16,53.5,33,Femenino,11,66.6,0,1,37.4,0,Manufactura
0,11.91,48.9,48,Femenino,8,55.0,0,2,16.7,0,Tecnología
1,50.38,76.4,31,Masculino,14,38.1,1,120,19.0,1,Manufactura
0,10.43,60.2,56,Masculino,12,28.0,1,1,29.5,0,Comercio & Retail
0,14.62,63.1,45,Masculino,12,38.4,0,1,2.6,0,Comercio & Retail
1,43.47,68.7,49,Masculino,13,41.3,1,120,23.9,0,Manufactura
0,10.33,36.7,45,Masculino,6,40.9,0,2,61.2,0,Comercio & Retail
0,8.6,62.0,26,Femenino,13,39.8,0,1,60.0,0,Servicios Personales
0,12.24,57.8,62,Masculino,11,48.3,0,1,21.0,1,Comercio & Retail
1,45.15,65.6,39,Masculino,14,42.8,1,12,56.0,1,Servicios Personales
1,41.52,63.9,49,Femenino,10,45.1,1,450,42.7,1,Tecnología
0,11.83,66.1,22,Femenino,12,50.5,0,4,14.3,0,Servicios Personales
0,12.98,62.3,40,Masculino,12,63.1,0,1,54.1,0,Comercio & Retail
0,13.33,44.6,22,Masculino,8,80.0,0,2,37.0,0,Manufactura
0,9.41,53.4,59,Femenino,7,55.4,0,1,11.5,0,Manufactura
0,13.37,63.3,49,Masculino,13,62.0,0,2,23.9,1,Tecnología
0,11.73,50.3,27,Masculino,7,49.8,0,1,39.1,1,Servicios Personales
0,14.09,62.9,56,Masculino,9,47.5,0,2,27.7,1,Comercio & Retail
0,14.17,55.9,32,Femenino,9,48.4,0,4,27.4,0,Comercio & Retail
0,11.03,42.9,24,Femenino,11,51.9,0,4,27.0,0,Agroindustria
0,16.06,62.8,46,Masculino,13,49.0,0,1,35.2,1,Servicios Personales
0,7.74,22.5,64,Masculino,4,58.3,0,4,18.9,0,Servicios Personales
0,12.43,31.0,20,Femenino,7,53.0,0,2,7.0,0,Logística
0,12.2,53.9,36,Femenino,7,55.8,0,1,23.7,0,Servicios Personales
0,10.99,54.8,27,Femenino,9,34.9,0,2,17.1,0,Comercio & Retail
0,4.55,5.0,45,Femenino,2,40.3,0,1,17.9,0,Manufactura
1,42.89,70.9,46,Masculino,14,41.2,1,45,33.5,1,Servicios Personales
0,10.7,48.4,32,Masculino,10,30.7,0,2,19.6,0,Manufactura
1,43.73,60.3,52,Femenino,9,34.2,1,45,9.4,1,Tecnología
0,14.4,60.4,23,Femenino,13,52.6,0,1,21.8,1,Servicios Personales
0,12.57,66.2,29,Masculino,12,67.2,0,4,24.4,1,Comercio & Retail
1,49.02,66.1,64,Femenino,12,46.2,1,12,19.8,1,Comercio & Retail
0,9.65,46.8,55,Masculino,10,35.9,1,1,7.4,0,Comercio & Retail
0,9.96,44.9,30,Masculino,10,46.8,0,1,32.5,1,Manufactura
1,54.29,87.3,46,Masculino,13,40.0,1,45,47.9,1,Comercio & Retail
0,15.08,66.9,36,Femenino,12,23.1,0,8,36.2,0,Comercio & Retail
1,52.81,83.5,20,Femenino,17,46.6,1,120,1.9,1,Servicios Personales
1,51.15,71.1,25,Femenino,11,37.5,1,120,60.9,1,Comercio & Retail
1,51.46,80.6,25,Femenino,12,40.1,1,45,28.2,1,Servicios Personales
0,15.16,70.0,37,Femenino,10,47.4,0,1,18.9,0,Comercio & Retail
0,10.7,45.3,64,Masculino,11,28.4,0,2,36.0,0,Comercio & Retail
1,45.28,59.3,21,Masculino,11,39.9,1,45,56.3,1,Logística
0,11.25,44.2,38,Masculino,8,41.6,0,1,18.0,0,Comercio & Retail
0,15.96,66.0,20,Femenino,8,39.4,0,1,38.2,0,Agroindustria
1,43.6,70.1,62,Masculino,12,46.1,1,45,55.3,1,Comercio & Retail
0,12.83,50.0,25,Masculino,12,64.8,0,2,28.3,1,Manufactura
1,48.15,60.6,40,Femenino,16,44.3,0,450,14.9,1,Logística
1,50.29,71.2,33,Masculino,10,35.8,0,45,60.2,1,Servicios Personales
0,12.97,38.9,30,Femenino,6,55.3,0,1,40.0,1,Servicios Personales
0,8.62,54.6,20,Femenino,10,46.6,0,1,47.1,0,Servicios Personales
1,46.14,63.6,26,Femenino,13,45.4,1,45,14.8,1,Comercio & Retail
0,9.2,14.7,31,Masculino,2,44.9,0,1,21.0,0,Servicios Personales
1,43.57,55.4,30,Masculino,10,39.9,1,120,32.4,1,Comercio & Retail
0,16.31,75.1,24,Femenino,13,62.2,0,1,60.4,1,Comercio & Retail
0,13.63,58.7,32,Femenino,11,52.5,0,1,12.0,0,Servicios Personales
0,15.01,61.5,24,Femenino,9,75.8,0,2,18.8,1,Agroindustria
0,8.94,41.9,55,Femenino,5,45.1,0,2,21.0,1,Tecnología
0,14.73,64.0,51,Femenino,10,51.3,0,1,10.7,0,Servicios Personales
0,10.01,36.8,58,Femenino,5,58.3,0,1,44.8,0,Servicios Personales
0,15.45,65.4,39,Femenino,13,39.7,0,1,35.2,0,Logística
0,10.24,43.5,41,Masculino,10,48.6,0,2,35.5,0,Comercio & Retail
1,54.91,88.9,54,Masculino,16,45.2,1,12,34.7,1,Manufactura
0,11.12,29.6,61,Masculino,3,71.8,0,1,24.4,0,Tecnología
0,12.2,48.5,18,Femenino,9,49.2,1,4,36.5,0,Comercio & Retail
0,13.69,55.6,27,Femenino,13,63.3,0,1,36.0,1,Manufactura
0,16.69,83.7,60,Femenino,14,38.0,0,1,46.6,1,Manufactura
0,15.76,66.9,33,Femenino,13,41.3,0,1,12.8,1,Tecnología
0,12.2,57.8,63,Femenino,6,42.2,0,1,26.6,0,Comercio & Retail
0,7.88,26.3,25,Masculino,8,70.7,0,2,13.4,0,Comercio & Retail
0,7.93,26.1,42,Masculino,2,60.2,0,1,43.5,1,Comercio & Retail
0,8.16,41.4,29,Femenino,10,53.8,0,1,16.8,0,Logística
0,13.86,63.7,42,Femenino,14,60.9,0,2,12.9,1,Comercio & Retail
0,11.69,52.2,34,Masculino,10,30.4,0,4,18.3,0,Agroindustria
0,14.08,69.2,43,Femenino,12,44.7,0,2,41.5,1,Comercio & Retail
1,46.0,65.7,63,Masculino,12,43.8,1,120,48.5,1,Agroindustria
0,11.69,45.5,31,Masculino,9,36.3,1,1,11.7,0,Servicios Personales
0,6.96,12.3,58,Masculino,1,24.9,0,2,24.1,1,Servicios Personales
1,42.94,57.8,53,Femenino,15,38.6,1,12,37.3,1,Tecnología
0,12.98,56.9,40,Femenino,12,52.5,0,1,34.3,1,Servicios Personales
0,8.89,27.6,60,Femenino,5,56.3,0,1,35.2,0,Agroindustria
1,48.36,70.9,23,Masculino,11,41.7,1,12,31.6,0,Manufactura
0,12.15,55.0,64,Masculino,11,34.2,0,1,14.3,0,Manufactura
0,15.4,71.1,22,Masculino,15,40.0,0,1,40.1,1,Servicios Personales
0,14.8,65.1,60,Masculino,12,48.7,1,2,19.0,0,Comercio & Retail
0,14.8,76.7,42,Masculino,12,46.5,0,1,39.2,1,Manufactura
0,14.26,72.5,35,Masculino,11,80.0,0,2,62.3,0,Comercio & Retail
0,16.17,66.9,30,Masculino,7,53.1,0,8,37.5,0,Comercio & Retail
1,41.95,53.0,60,Masculino,13,43.3,1,450,22.3,1,Manufactura
0,11.29,56.6,31,Masculino,10,52.3,0,1,47.8,0,Logística
0,11.01,38.0,45,Femenino,6,72.7,0,2,66.4,1,Logística
0,10.66,24.8,35,Masculino,7,41.2,0,2,32.8,0,Manufactura
0,9.11,27.3,45,Femenino,6,53.6,1,2,46.1,0,Manufactura
1,50.96,80.1,44,Femenino,14,36.4,1,12,3.7,1,Agroindustria
1,59.33,92.3,49,Masculino,18,44.2,1,45,9.9,1,Manufactura
0,15.68,76.2,64,Masculino,14,48.3,0,1,23.0,0,Comercio & Retail
0,13.15,63.5,26,Masculino,11,23.7,0,1,15.1,0,Comercio & Retail
0,11.19,38.2,57,Femenino,10,59.1,0,4,25.5,1,Servicios Personales
0,10.48,40.0,49,Masculino,9,47.6,0,1,43.6,0,Comercio & Retail
0,13.46,33.6,37,Femenino,6,49.1,0,8,16.3,0,Tecnología
0,17.63,91.3,45,Masculino,17,38.7,0,1,77.3,0,Servicios Personales
0,12.63,40.3,50,Femenino,6,68.3,0,2,26.1,0,Servicios Personales
0,11.96,52.0,21,Masculino,7,28.5,0,2,44.3,0,Servicios Personales
1,49.47,70.6,63,Masculino,9,39.3,1,45,1.8,1,Manufactura
0,10.68,39.1,51,Femenino,10,49.9,0,1,14.9,0,Logística
1,47.26,61.8,20,Masculino,12,38.4,1,120,9.3,1,Manufactura
0,12.35,41.9,43,Masculino,7,33.0,0,1,24.2,0,Comercio & Retail
0,8.22,14.7,25,Femenino,2,58.1,0,1,32.4,1,Servicios Personales
0,11.94,55.4,23,Femenino,9,40.3,0,1,9.4,0,Servicios Personales
1,47.93,79.6,33,Femenino,9,44.3,0,12,24.2,1,Manufactura
0,9.61,41.5,41,Femenino,9,50.4,0,1,43.8,0,Tecnología
0,9.31,57.0,56,Masculino,9,54.1,1,1,49.9,0,Tecnología
0,12.27,40.5,47,Masculino,9,52.6,0,4,34.9,0,Logística
0,7.63,16.9,62,Femenino,5,42.1,0,1,23.6,0,Comercio & Retail
0,16.05,72.9,30,Femenino,16,46.1,0,1,15.2,0,Comercio & Retail
1,47.45,77.7,22,Masculino,15,40.2,1,45,69.7,1,Comercio & Retail
1,51.31,79.0,42,Femenino,15,38.7,1,450,24.1,1,Comercio & Retail
0,12.36,52.8,37,Femenino,5,33.4,0,1,3.0,0,Logística
0,13.26,65.8,35,Femenino,12,52.6,0,2,6.6,1,Servicios Personales
0,13.2,47.1,64,Masculino,8,49.5,0,4,50.9,0,Tecnología
0,14.04,55.3,35,Masculino,8,63.4,0,2,28.2,1,Comercio & Retail
0,10.63,41.5,19,Masculino,6,41.2,0,1,41.7,0,Manufactura
1,57.12,94.8,27,Femenino,20,35.0,1,450,17.7,0,Tecnología
0,13.42,49.2,62,Masculino,9,46.7,0,1,23.5,0,Comercio & Retail
0,13.11,45.4,64,Masculino,6,10.0,0,1,15.5,0,Manufactura
1,45.05,64.3,29,Masculino,11,41.3,1,45,5.7,1,Servicios Personales
1,44.71,64.4,64,Femenino,13,43.7,1,12,48.1,1,Agroindustria
0,15.4,65.4,30,Masculino,9,46.8,0,4,34.1,1,Comercio & Retail
1,46.54,67.4,64,Masculino,11,45.2,1,45,40.1,1,Agroindustria
0,15.36,80.6,28,Femenino,14,60.4,0,1,7.0,1,Manufactura
0,9.7,29.9,36,Femenino,6,80.0,0,1,13.2,0,Servicios Personales
0,12.31,53.9,52,Masculino,11,34.4,0,4,17.8,0,Servicios Personales
0,14.13,62.2,56,Masculino,8,62.4,0,1,22.9,1,Comercio & Retail
0,12.55,53.4,43,Masculino,7,52.4,0,1,49.6,0,Comercio & Retail
0,14.2,68.9,63,Masculino,17,31.0,0,1,37.7,0,Tecnología
1,44.4,58.4,31,Masculino,10,45.0,1,450,22.1,1,Comercio & Retail
0,13.97,48.6,62,Femenino,6,68.0,0,1,71.9,1,Manufactura
0,13.53,44.7,61,Femenino,10,40.0,0,4,16.6,0,Logística
0,10.21,45.1,41,Masculino,5,42.7,0,2,12.1,0,Comercio & Retail
0,12.41,51.5,58,Femenino,9,71.2,0,4,27.1,0,Manufactura
0,13.67,58.1,18,Femenino,7,48.2,0,1,27.5,1,Servicios Personales
1,47.39,61.7,60,Masculino,12,39.6,1,120,32.4,1,Comercio & Retail
1,42.25,68.5,39,Masculino,17,42.7,1,45,15.8,1,Servicios Personales
1,41.42,56.3,40,Femenino,9,44.4,1,45,60.7,1,Servicios Personales
0,9.44,35.8,36,Femenino,8,39.3,0,1,19.9,1,Comercio & Retail
0,12.82,49.3,35,Femenino,10,66.5,0,1,35.3,0,Comercio & Retail
1,43.65,60.8,29,Femenino,16,37.3,0,45,28.9,1,Comercio & Retail
0,10.37,54.9,45,Masculino,12,50.2,1,2,18.6,1,Comercio & Retail
1,44.88,64.4,45,Femenino,9,39.4,1,45,8.5,1,Agroindustria
0,7.63,24.5,50,Masculino,2,34.3,0,1,20.1,1,Logística
0,14.48,52.7,36,Masculino,10,77.5,0,1,12.5,0,Comercio & Retail
1,41.11,58.2,45,Masculino,13,43.4,1,120,26.0,1,Comercio & Retail
1,45.81,73.1,54,Femenino,14,36.4,0,120,13.6,1,Tecnología
0,14.72,72.8,43,Masculino,15,71.3,0,1,36.3,1,Agroindustria
0,14.99,66.9,52,Femenino,7,32.0,0,4,32.5,0,Manufactura
0,7.71,47.2,51,Femenino,8,56.4,0,4,14.5,0,Logística
0,14.86,59.5,52,Masculino,10,20.8,0,1,15.2,1,Comercio & Retail
0,11.73,60.7,57,Femenino,13,30.5,0,1,16.9,0,Comercio & Retail
0,14.33,50.8,33,Masculino,9,31.6,0,2,30.2,1,Tecnología
0,12.37,67.6,55,Femenino,12,55.9,1,8,38.6,0,Comercio & Retail
0,9.6,41.8,30,Femenino,9,42.9,0,1,12.2,0,Comercio & Retail
0,11.24,48.9,40,Masculino,7,52.5,0,2,28.0,0,Comercio & Retail
0,17.28,72.3,39,Masculino,14,45.5,0,1,9.5,0,Servicios Personales
0,13.43,36.2,33,Masculino,11,40.8,0,1,31.2,1,Logística
0,13.85,75.2,45,Masculino,13,40.4,0,2,10.3,1,Servicios Personales
0,10.7,55.9,52,Femenino,9,55.4,0,1,59.5,0,Logística
1,47.56,69.4,62,Masculino,13,39.0,1,120,35.8,1,Comercio & Retail
0,7.09,32.7,63,Femenino,6,32.1,0,1,19.0,0,Manufactura
0,12.81,67.7,25,Masculino,7,63.9,0,1,37.0,0,Agroindustria
1,41.4,65.1,61,Masculino,14,40.7,1,45,21.6,1,Manufactura
0,8.46,25.1,39,Masculino,10,37.2,0,1,34.1,1,Comercio & Retail
0,11.26,56.2,38,Masculino,9,57.8,0,4,40.8,1,Comercio & Retail
0,8.34,41.6,43,Femenino,7,28.3,0,2,28.5,1,Tecnología
0,10.98,52.6,57,Masculino,13,43.7,0,4,6.6,0,Comercio & Retail
1,47.04,80.5,38,Femenino,17,38.9,1,12,27.7,1,Comercio & Retail
1,46.24,62.3,42,Femenino,12,42.0,1,120,11.2,1,Comercio & Retail
0,8.98,39.4,58,Femenino,8,48.9,0,1,35.4,0,Comercio & Retail
0,15.7,76.1,18,Masculino,15,46.4,0,4,20.3,1,Logística
0,14.28,62.6,23,Femenino,11,39.8,0,1,21.5,0,Logística
0,8.63,46.5,40,Femenino,8,58.8,0,2,20.9,0,Tecnología
1,44.87,65.8,40,Masculino,15,37.7,1,120,28.3,1,Manufactura
0,9.79,55.7,60,Masculino,9,49.7,0,1,48.5,1,Manufactura
0,10.79,18.8,60,Femenino,5,58.5,0,2,35.1,1,Tecnología
0,13.58,55.1,40,Femenino,9,43.7,0,2,25.6,1,Comercio & Retail
1,49.66,66.1,49,Masculino,12,41.4,1,120,31.9,1,Agroindustria
0,8.54,40.8,47,Masculino,7,55.1,0,1,27.2,0,Servicios Personales
0,7.36,21.9,30,Femenino,3,40.9,0,1,11.1,0,Comercio & Retail
1,47.75,66.7,60,Masculino,16,39.5,1,120,6.7,1,Comercio & Retail
0,19.27,93.7,35,Masculino,21,59.3,0,2,10.2,0,Manufactura
0,11.41,38.9,40,Masculino,8,48.0,0,2,40.4,1,Manufactura
0,10.82,36.9,32,Masculino,8,62.2,0,1,23.2,1,Logística
0,8.81,23.0,50,Masculino,5,56.2,0,2,39.9,0,Manufactura
0,13.52,56.1,38,Masculino,7,25.7,0,1,16.6,0,Tecnología
0,12.85,38.6,56,Femenino,4,40.9,0,1,28.7,1,Comercio & Retail
0,10.32,59.4,40,Masculino,5,43.7,0,8,20.4,1,Agroindustria
0,13.51,57.4,44,Masculino,10,40.1,0,2,50.5,0,Servicios Personales
0,10.88,38.2,62,Femenino,4,42.0,0,1,31.0,0,Comercio & Retail
0,10.0,30.3,61,Masculino,4,58.5,0,4,17.6,1,Servicios Personales
0,15.94,74.1,35,Femenino,11,72.1,0,2,24.0,0,Manufactura
0,12.64,46.5,41,Femenino,8,68.2,0,2,16.2,1,Tecnología
1,51.89,68.7,64,Femenino,11,43.0,1,120,1.6,1,Servicios Personales
0,12.02,52.9,57,Masculino,9,48.7,0,1,33.2,0,Comercio & Retail
1,52.62,69.4,59,Masculino,9,38.0,1,45,42.4,1,Agroindustria
1,41.73,62.2,24,Femenino,13,38.4,1,12,20.7,1,Comercio & Retail
1,43.19,58.5,37,Masculino,8,44.3,1,45,38.5,1,Comercio & Retail
1,46.48,65.9,44,Femenino,13,32.0,1,450,33.4,1,Manufactura
0,9.11,38.6,23,Masculino,8,43.6,0,1,28.4,1,Manufactura
0,12.43,42.5,44,Masculino,7,54.5,0,2,12.4,1,Manufactura
0,9.02,16.5,26,Masculino,6,54.1,0,1,18.1,1,Comercio & Retail
0,8.17,40.3,62,Masculino,4,55.8,0,2,44.5,0,Servicios Personales
0,8.21,41.7,48,Femenino,5,50.7,0,1,9.4,0,Manufactura
0,12.78,46.0,38,Masculino,3,41.8,0,1,30.6,1,Logística
0,7.36,29.4,43,Masculino,6,43.1,0,2,50.5,0,Comercio & Retail
1,39.92,59.6,57,Femenino,13,42.0,0,45,40.6,1,Manufactura
0,10.21,42.4,62,Masculino,10,52.0,0,2,31.1,0,Agroindustria
0,12.5,54.7,30,Masculino,9,41.2,0,1,31.4,0,Servicios Personales
0,11.66,38.8,40,Femenino,7,46.3,0,1,22.0,0,Tecnología
0,13.33,46.7,37,Masculino,10,51.6,0,8,17.5,0,Agroindustria
0,12.35,59.0,54,Masculino,10,16.9,0,1,26.7,1,Manufactura
0,13.21,50.0,45,Masculino,6,80.0,0,1,20.9,1,Servicios Personales
0,14.53,64.1,34,Femenino,12,50.3,0,1,3.8,0,Agroindustria
0,11.64,46.2,45,Femenino,9,34.9,1,1,12.3,1,Tecnología
1,53.12,70.7,58,Femenino,11,45.3,1,12,39.6,1,Servicios Personales
0,11.93,52.5,19,Masculino,10,51.2,0,4,9.4,0,Comercio & Retail
0,9.66,32.3,42,Masculino,5,71.3,0,1,12.5,0,Agroindustria
1,48.9,80.1,58,Masculino,15,48.0,1,120,34.1,0,Servicios Personales
0,9.94,48.1,23,Femenino,10,24.3,1,1,5.4,1,Manufactura
0,11.92,61.2,28,Femenino,9,47.3,0,1,44.5,0,Tecnología
0,13.17,53.8,55,Masculino,12,46.5,0,2,33.0,1,Servicios Personales
0,11.27,32.9,23,Masculino,6,40.8,0,2,55.4,1,Manufactura
0,9.02,19.5,62,Masculino,4,58.7,0,8,47.2,0,Manufactura
0,14.04,71.6,28,Masculino,12,43.2,0,1,35.2,0,Comercio & Retail
0,16.08,84.6,31,Masculino,14,41.9,0,1,8.0,0,Agroindustria
0,10.81,57.5,19,Masculino,11,56.5,0,2,18.9,0,Manufactura
1,45.57,71.5,57,Masculino,13,42.7,0,45,13.2,1,Manufactura
0,9.42,38.7,20,Femenino,5,41.7,0,8,10.3,0,Agroindustria
0,10.66,54.0,52,Masculino,9,31.7,0,1,46.6,0,Agroindustria
0,11.88,31.4,50,Masculino,7,60.3,0,8,11.0,1,Comercio & Retail
0,13.9,64.5,41,Femenino,14,54.4,1,1,35.1,0,Comercio & Retail
1,50.55,70.6,36,Femenino,12,40.8,1,120,21.9,1,Tecnología
1,51.05,83.2,35,Femenino,14,39.8,1,45,46.2,1,Comercio & Retail
0,12.98,56.5,41,Masculino,8,31.2,0,1,8.5,0,Comercio & Retail
0,8.78,39.2,62,Femenino,6,63.1,1,2,19.8,1,Comercio & Retail
1,49.82,83.0,52,Femenino,15,41.2,1,12,16.9,1,Comercio & Retail
0,7.44,39.6,18,Masculino,10,47.0,0,1,17.6,1,Agroindustria
0,11.68,50.8,53,Femenino,14,58.5,0,2,47.1,1,Agroindustria
0,10.92,41.2,42,Masculino,10,64.0,0,1,8.6,1,Logística
1,55.65,100.0,62,Femenino,18,39.7,1,450,29.7,1,Tecnología
1,54.51,91.8,60,Masculino,14,39.3,1,12,33.9,1,Comercio & Retail
0,10.73,35.0,51,Femenino,9,40.7,0,2,18.6,0,Tecnología
0,11.76,52.8,42,Femenino,10,43.7,0,2,10.7,1,Servicios Personales
0,11.03,50.7,33,Femenino,10,39.8,0,1,18.0,0,Servicios Personales
0,11.26,51.9,51,Masculino,6,70.8,0,4,38.0,0,Comercio & Retail
0,13.24,53.5,46,Masculino,8,53.3,0,1,20.1,0,Comercio & Retail
0,10.11,43.2,36,Femenino,8,59.3,1,1,27.4,0,Comercio & Retail
1,43.85,64.6,40,Masculino,11,46.2,1,12,50.7,1,Comercio & Retail
0,12.72,50.7,36,Femenino,7,66.5,0,2,30.3,1,Comercio & Retail
0,10.02,32.4,42,Masculino,9,41.7,0,2,36.5,0,Servicios Personales
0,12.61,56.3,33,Masculino,9,61.1,0,1,30.7,0,Tecnología
0,11.01,54.8,26,Masculino,10,49.3,0,2,22.0,0,Manufactura
0,15.27,67.5,18,Masculino,16,45.1,0,4,23.6,1,Comercio & Retail
1,45.06,65.1,59,Masculino,14,44.1,1,450,44.7,1,Tecnología
0,13.02,37.8,36,Masculino,5,52.0,0,1,5.1,0,Manufactura
0,14.22,56.2,50,Masculino,10,63.7,0,2,14.4,0,Manufactura
0,12.88,49.1,51,Masculino,9,42.5,1,1,11.9,0,Servicios Personales
0,12.46,44.0,33,Masculino,8,44.3,0,4,43.2,0,Tecnología
0,16.99,87.6,61,Masculino,18,34.1,0,2,16.0,0,Servicios Personales
0,9.91,30.9,57,Masculino,8,44.8,0,2,30.5,1,Servicios Personales
0,13.23,64.2,35,Masculino,8,45.8,0,2,55.8,0,Manufactura
1,53.44,79.4,51,Masculino,17,38.9,1,120,30.6,1,Agroindustria
1,45.63,76.1,42,Femenino,14,42.8,0,12,32.8,1,Manufactura
0,13.85,63.2,62,Femenino,8,58.0,0,1,22.6,0,Logística
1,46.72,78.3,23,Femenino,13,47.8,1,12,22.6,1,Comercio & Retail
0,13.22,54.0,38,Masculino,9,60.9,0,2,26.6,0,Manufactura
0,10.22,49.9,23,Femenino,9,51.9,1,1,22.8,0,Tecnología
0,13.02,42.8,49,Masculino,7,38.1,0,2,47.2,0,Manufactura
0,4.87,5.0,58,Masculino,1,50.2,0,2,17.9,1,Manufactura
0,10.61,22.8,60,Masculino,5,68.6,0,1,3.6,0,Servicios Personales
0,11.42,41.4,56,Femenino,6,57.5,0,2,19.9,0,Comercio & Retail
1,41.95,59.2,48,Masculino,12,43.6,1,45,38.2,1,Manufactura
0,12.99,44.0,59,Masculino,11,49.0,0,4,12.7,1,Manufactura
1,51.57,73.9,27,Masculino,14,39.2,1,120,26.4,1,Tecnología
0,10.66,42.6,47,Femenino,5,43.8,0,1,23.0,0,Logística
1,58.56,94.7,35,Masculino,17,46.6,1,12,21.9,1,Comercio & Retail
1,52.55,84.3,41,Masculino,16,39.5,1,45,44.1,1,Servicios Personales
0,10.35,48.7,26,Masculino,10,39.1,0,1,50.3,0,Agroindustria
0,10.8,49.8,48,Masculino,7,31.0,0,8,56.9,0,Manufactura
0,12.43,49.8,32,Masculino,8,33.5,0,1,19.2,0,Comercio & Retail
0,11.32,49.7,21,Masculino,11,40.2,0,8,36.1,0,Comercio & Retail
0,13.77,73.4,57,Masculino,17,45.5,0,1,6.4,0,Manufactura
0,13.04,63.5,26,Masculino,10,52.7,0,1,14.7,0,Comercio & Retail
0,11.88,34.1,62,Masculino,4,46.1,1,4,5.3,0,Manufactura
0,15.52,85.6,26,Femenino,17,55.5,0,2,13.0,0,Servicios Personales
0,11.76,47.6,43,Femenino,8,45.9,0,1,20.6,1,Manufactura
0,18.03,85.0,21,Femenino,16,49.3,0,4,33.9,0,Comercio & Retail
1,42.6,57.9,34,Femenino,12,42.4,1,45,35.3,1,Tecnología
0,10.49,49.7,33,Femenino,9,28.4,0,4,8.2,0,Comercio & Retail
1,46.81,78.5,32,Femenino,14,44.2,0,120,41.8,1,Comercio & Retail
0,8.18,43.4,52,Masculino,7,36.5,0,1,20.8,1,Comercio & Retail
0,11.39,43.5,22,Femenino,9,50.2,0,1,40.6,0,Manufactura
0,10.26,40.1,22,Femenino,8,57.4,0,4,5.3,1,Tecnología
0,10.5,51.4,37,Masculino,9,54.7,0,2,53.5,0,Manufactura
0,13.9,37.1,32,Masculino,12,34.7,0,2,41.7,0,Logística
0,14.12,80.5,35,Masculino,12,60.0,0,2,22.5,1,Manufactura
0,11.06,29.3,64,Masculino,4,51.4,0,1,22.2,0,Manufactura
0,13.2,51.9,19,Femenino,8,39.8,0,2,9.8,0,Servicios Personales
0,12.27,57.4,46,Femenino,9,37.2,0,1,17.1,1,Manufactura
1,43.84,65.5,30,Femenino,12,43.5,1,45,66.4,1,Comercio & Retail
0,8.03,21.3,21,Femenino,5,56.1,0,4,21.8,1,Comercio & Retail
1,44.14,56.3,59,Femenino,13,45.2,1,12,45.0,1,Servicios Personales
0,8.41,24.1,62,Masculino,6,28.8,0,1,54.7,1,Manufactura
1,50.03,69.9,27,Femenino,11,39.2,1,12,2.3,1,Servicios Personales
1,46.53,55.6,48,Femenino,14,37.4,1,120,52.3,1,Comercio & Retail
0,9.82,28.4,58,Femenino,5,48.7,0,1,10.8,0,Agroindustria
1,49.56,72.1,25,Masculino,11,41.9,1,120,11.2,1,Tecnología
0,11.34,39.7,20,Femenino,9,43.5,0,8,30.1,1,Servicios Personales
0,9.2,40.5,63,Femenino,6,65.8,0,1,18.7,1,Tecnología
0,9.49,42.6,26,Femenino,5,47.7,0,4,44.0,0,Manufactura
0,11.0,42.4,47,Femenino,7,38.5,0,4,28.7,1,Servicios Personales
0,13.82,44.6,28,Femenino,7,22.7,0,2,43.0,1,Tecnología
0,13.5,56.3,52,Masculino,9,51.4,0,2,78.6,1,Servicios Personales
0,11.86,64.9,54,Femenino,8,18.8,0,1,73.6,0,Manufactura
1,44.67,53.7,59,Masculino,12,40.1,1,12,21.2,0,Comercio & Retail
1,44.57,62.6,30,Masculino,13,42.3,1,12,17.1,1,Manufactura
0,12.11,37.3,53,Masculino,4,28.9,0,1,38.7,0,Manufactura
0,14.0,49.0,30,Femenino,9,35.5,0,4,38.9,0,Manufactura
0,10.28,33.4,29,Femenino,6,42.6,0,1,27.3,1,Tecnología
0,10.01,49.3,54,Femenino,6,54.5,0,2,10.4,1,Servicios Personales
0,7.26,8.7,27,Masculino,4,37.4,0,1,19.9,0,Agroindustria
0,10.96,42.3,26,Masculino,4,63.1,0,1,37.3,1,Servicios Personales
0,10.68,62.9,24,Femenino,8,55.6,0,1,36.3,0,Servicios Personales
0,12.34,56.9,19,Masculino,11,80.0,0,1,63.2,0,Manufactura
0,9.56,45.8,40,Masculino,11,69.0,0,1,38.8,0,Comercio & Retail
0,10.85,40.8,56,Masculino,6,68.2,0,1,49.3,0,Manufactura
0,12.33,43.8,57,Femenino,6,44.0,0,2,46.7,0,Manufactura
0,10.83,42.6,56,Masculino,11,71.2,1,1,13.4,0,Servicios Personales
0,13.51,47.8,38,Femenino,8,67.5,0,2,11.6,1,Tecnología
0,17.11,86.5,40,Masculino,13,47.4,1,1,2.5,0,Servicios Personales
0,10.83,51.6,46,Femenino,6,55.7,0,1,44.1,0,Comercio & Retail
0,8.83,32.2,31,Femenino,3,40.0,0,4,38.6,0,Agroindustria
1,42.32,67.1,43,Masculino,12,51.8,1,450,40.3,1,Manufactura
0,8.96,27.4,22,Masculino,3,46.4,1,2,19.2,1,Comercio & Retail
0,14.51,36.5,48,Femenino,5,71.9,0,2,23.9,0,Comercio & Retail
0,9.34,42.1,42,Femenino,7,36.4,0,1,17.1,1,Manufactura
0,14.07,53.0,48,Masculino,9,65.7,0,2,5.3,0,Servicios Personales
0,8.99,46.7,37,Masculino,12,47.3,0,1,21.7,0,Logística
0,3.32,17.4,61,Masculino,6,40.4,0,4,22.1,0,Servicios Personales
1,42.88,67.5,34,Masculino,15,43.0,1,450,6.5,1,Manufactura
0,7.64,41.3,62,Femenino,4,30.2,0,2,44.7,0,Agroindustria
1,48.68,56.9,19,Masculino,9,45.3,1,12,27.7,1,Tecnología
0,16.96,75.5,42,Masculino,13,57.5,0,1,16.7,1,Comercio & Retail
1,44.91,68.0,30,Masculino,13,41.0,1,45,12.1,1,Servicios Personales
0,8.51,27.1,56,Femenino,0,63.7,0,4,48.0,1,Servicios Personales
0,14.68,100.0,45,Masculino,20,57.8,1,2,37.6,0,Agroindustria
1,42.74,62.9,59,Masculino,9,36.3,1,12,21.7,0,Servicios Personales
0,10.51,52.2,23,Masculino,11,42.5,0,4,23.0,1,Servicios Personales
0,10.34,51.6,20,Masculino,9,42.6,0,2,14.5,1,Servicios Personales
1,47.9,82.4,52,Masculino,18,45.0,1,12,38.3,1,Servicios Personales
1,52.8,89.8,35,Masculino,15,46.3,1,120,15.5,1,Servicios Personales
1,62.64,98.2,28,Femenino,18,34.8,1,45,29.8,1,Agroindustria
0,14.03,67.6,37,Femenino,12,55.4,0,1,32.5,0,Comercio & Retail
0,15.25,73.9,22,Masculino,13,27.3,0,2,57.2,0,Comercio & Retail
0,9.33,41.9,36,Masculino,6,42.9,0,2,3.2,1,Logística
0,11.18,41.7,39,Femenino,9,37.8,0,2,56.3,0,Tecnología
1,53.23,77.7,36,Masculino,13,44.5,1,12,11.8,1,Tecnología
1,50.71,79.2,64,Femenino,11,41.7,1,45,10.0,1,Comercio & Retail
0,12.51,60.1,33,Femenino,10,35.5,0,1,19.5,1,Tecnología
0,11.52,41.8,41,Masculino,7,47.8,0,1,16.9,0,Comercio & Retail
0,13.35,63.7,58,Masculino,14,45.0,1,1,8.3,0,Manufactura
0,13.64,68.4,21,Femenino,14,49.8,0,1,37.3,0,Agroindustria
0,13.64,58.3,32,Masculino,14,43.2,0,4,17.0,0,Comercio & Retail
0,11.32,49.9,42,Masculino,11,29.9,0,4,53.8,0,Manufactura
0,12.15,53.3,61,Masculino,10,18.7,1,1,32.2,1,Manufactura
1,45.26,74.2,52,Femenino,14,49.1,1,45,65.0,1,Comercio & Retail
0,15.98,56.2,31,Masculino,14,44.9,0,1,5.3,0,Manufactura
0,11.18,44.9,36,Femenino,7,44.4,0,2,45.5,1,Servicios Personales
0,16.05,74.8,55,Femenino,11,57.8,0,1,12.6,0,Logística
1,47.41,71.4,53,Masculino,13,35.7,1,120,12.5,1,Logística
0,11.29,48.0,24,Masculino,7,24.2,0,1,27.2,0,Logística
1,45.78,71.1,47,Femenino,13,34.9,1,120,14.6,0,Servicios Personales
0,12.54,51.0,36,Masculino,13,55.5,0,8,27.7,0,Manufactura
0,12.62,31.9,42,Masculino,8,59.7,0,2,32.2,0,Comercio & Retail
0,10.12,41.0,33,Masculino,5,66.9,0,1,19.6,1,Manufactura
0,17.28,70.1,64,Masculino,12,44.2,1,1,59.4,0,Comercio & Retail
0,17.15,93.4,57,Femenino,17,21.3,0,1,24.5,1,Logística
1,46.41,72.5,25,Masculino,11,40.5,1,12,9.9,1,Tecnología
0,13.6,57.8,35,Femenino,12,44.4,0,4,57.3,0,Manufactura
0,11.53,48.7,45,Masculino,6,30.7,0,2,21.3,0,Comercio & Retail
0,15.08,64.6,33,Femenino,10,34.5,0,8,32.9,1,Comercio & Retail
1,50.42,70.4,36,Femenino,10,43.8,1,450,31.6,1,Servicios Personales
1,43.71,59.0,59,Masculino,7,41.7,1,120,47.4,1,Logística
1,41.6,59.1,34,Femenino,12,45.4,1,120,17.7,1,Agroindustria
0,10.02,62.2,62,Femenino,12,74.8,0,1,31.7,0,Servicios Personales
0,11.41,53.1,30,Masculino,9,55.7,0,1,62.6,0,Servicios Personales
0,12.33,46.7,24,Masculino,10,55.0,0,2,23.0,0,Manufactura
1,56.17,98.1,44,Masculino,18,41.8,1,45,15.3,1,Servicios Personales
0,12.64,44.9,27,Femenino,8,72.0,0,1,19.7,0,Comercio & Retail
0,12.36,50.7,51,Femenino,6,52.7,0,1,9.5,0,Servicios Personales
0,12.53,54.1,53,Femenino,6,59.7,0,2,45.8,0,Comercio & Retail
0,12.3,56.2,42,Masculino,11,53.0,0,1,28.5,1,Agroindustria
0,6.5,5.0,23,Masculino,0,56.2,0,1,21.9,0,Comercio & Retail
0,12.52,46.7,41,Femenino,8,35.3,0,1,32.7,0,Servicios Personales
0,11.13,52.4,35,Femenino,6,71.6,0,2,33.3,0,Servicios Personales
0,14.11,68.2,40,Femenino,10,43.3,0,4,8.8,1,Logística
0,13.99,54.0,23,Femenino,10,30.7,0,2,47.6,0,Tecnología
1,46.37,60.2,46,Femenino,11,47.8,1,120,8.4,0,Comercio & Retail
0,13.92,61.5,42,Masculino,12,53.7,0,2,28.2,0,Manufactura
1,41.46,65.1,34,Femenino,14,50.0,1,12,17.8,1,Tecnología
0,11.59,33.8,63,Masculino,9,37.6,0,1,55.8,0,Comercio & Retail
0,8.79,48.2,41,Masculino,7,25.9,0,2,20.2,0,Comercio & Retail
0,12.44,62.2,28,Femenino,13,60.4,0,2,24.8,0,Tecnología
0,10.42,33.1,43,Masculino,4,55.2,0,1,8.3,0,Tecnología
0,16.11,73.8,51,Masculino,13,61.5,0,1,7.2,0,Comercio & Retail
0,13.44,68.0,45,Femenino,11,50.2,0,1,54.9,0,Manufactura
0,13.44,56.1,20,Masculino,12,50.2,0,4,28.8,0,Comercio & Retail
0,10.36,49.2,28,Femenino,11,62.4,0,2,25.4,1,Agroindustria
0,14.39,64.9,55,Masculino,11,50.9,0,1,22.0,0,Agroindustria
0,15.49,65.6,31,Masculino,11,41.4,1,4,19.2,0,Logística
0,9.92,33.4,43,Masculino,6,63.4,0,1,45.1,0,Servicios Personales
0,15.08,56.9,38,Masculino,8,41.2,0,1,45.6,1,Logística
1,55.7,82.6,56,Masculino,17,42.7,1,12,16.6,1,Manufactura
0,14.27,59.6,47,Masculino,13,38.6,0,1,25.7,0,Logística
0,13.74,61.2,25,Masculino,14,32.7,0,2,48.8,0,Logística
0,9.52,55.9,37,Femenino,9,43.9,0,2,10.3,0,Tecnología
1,39.32,57.4,49,Masculino,10,39.5,1,45,25.4,1,Servicios Personales
0,14.92,66.8,39,Femenino,12,78.5,0,4,7.9,0,Comercio & Retail
1,43.9,63.9,24,Femenino,15,43.9,1,45,55.5,1,Logística
0,7.69,28.7,26,Masculino,9,44.8,0,2,1.2,0,Comercio & Retail
1,50.03,69.1,62,Femenino,12,47.3,1,12,19.0,1,Servicios Personales
1,53.25,79.0,18,Femenino,13,39.2,1,12,26.4,1,Comercio & Retail
0,9.7,54.8,46,Masculino,14,46.9,1,2,24.2,0,Servicios Personales
0,14.79,46.8,25,Femenino,9,51.0,0,2,10.4,0,Manufactura
1,60.31,100.0,21,Femenino,15,44.4,1,45,8.9,1,Comercio & Retail
0,9.7,40.6,52,Masculino,5,40.3,0,2,20.4,1,Manufactura
0,11.23,52.1,20,Masculino,6,55.9,0,1,41.9,0,Tecnología
0,15.86,79.3,62,Masculino,12,44.0,0,1,20.4,1,Servicios Personales
0,14.21,58.2,57,Masculino,12,68.1,0,1,21.1,0,Manufactura
0,14.71,74.4,24,Masculino,9,39.9,0,1,5.3,1,Comercio & Retail
0,10.1,29.6,44,Masculino,8,49.7,0,1,3.0,0,Servicios Personales
0,11.24,52.1,18,Masculino,8,34.1,0,2,16.2,1,Servicios Personales
0,10.39,46.5,44,Masculino,7,33.8,0,2,11.5,0,Tecnología
0,10.52,44.0,33,Masculino,10,37.8,0,2,13.3,0,Servicios Personales
0,8.04,23.6,55,Femenino,4,55.7,0,2,40.5,1,Manufactura
0,11.61,64.9,24,Femenino,14,51.4,0,2,32.1,0,Agroindustria
0,11.45,44.5,61,Femenino,11,58.3,0,4,22.8,1,Comercio & Retail
1,48.94,60.9,40,Masculino,15,38.2,1,120,17.7,0,Comercio & Retail
1,37.44,55.8,58,Femenino,11,36.1,1,120,4.3,1,Manufactura
0,11.29,50.1,28,Masculino,10,34.4,0,1,15.4,1,Comercio & Retail
0,10.78,48.4,59,Masculino,10,51.2,0,8,8.7,0,Comercio & Retail
0,10.51,51.3,50,Masculino,7,70.0,0,2,15.3,0,Logística
0,4.87,27.5,53,Femenino,5,52.9,1,1,34.8,0,Servicios Personales
0,9.91,41.7,54,Masculino,6,56.4,0,1,29.3,1,Servicios Personales
0,10.64,47.0,58,Femenino,8,72.8,0,2,36.3,0,Agroindustria
0,12.28,39.8,34,Masculino,7,28.4,0,1,5.7,0,Comercio & Retail
0,13.35,61.3,52,Masculino,15,71.2,0,2,32.3,0,Manufactura
0,12.28,41.3,22,Femenino,7,56.6,0,2,25.7,0,Logística
0,12.33,52.6,49,Masculino,11,40.8,0,1,68.9,1,Tecnología
0,14.26,72.6,20,Femenino,12,64.4,0,2,14.6,0,Comercio & Retail
1,50.01,81.4,64,Masculino,15,40.7,1,45,17.4,1,Logística
1,51.16,61.1,52,Femenino,13,40.9,1,45,9.8,1,Tecnología
0,11.14,42.1,31,Femenino,9,30.2,0,1,14.5,0,Tecnología
1,46.38,70.1,48,Femenino,16,43.9,1,45,37.4,1,Comercio & Retail
0,9.15,32.5,48,Femenino,5,48.0,0,1,13.8,0,Comercio & Retail
0,13.6,49.5,34,Masculino,6,52.6,0,1,19.8,0,Comercio & Retail
1,46.04,70.8,41,Masculino,11,46.1,1,12,34.7,1,Agroindustria
0,7.9,28.3,40,Masculino,10,32.3,0,2,40.4,1,Manufactura
1,52.72,82.2,35,Femenino,13,41.4,1,45,36.0,1,Manufactura
0,14.49,57.8,31,Femenino,11,17.3,0,2,33.1,0,Manufactura
0,10.42,45.2,32,Masculino,11,65.0,0,4,33.4,0,Agroindustria
1,52.4,70.5,32,Femenino,14,47.1,1,45,17.6,1,Manufactura
0,11.13,50.7,23,Masculino,11,61.7,0,8,3.3,1,Manufactura
1,54.78,83.5,44,Masculino,13,41.9,1,120,43.0,1,Comercio & Retail
0,11.16,37.2,32,Femenino,7,26.3,0,1,13.8,0,Manufactura
0,10.07,33.4,53,Masculino,7,20.4,0,4,55.8,1,Comercio & Retail
1,54.81,88.0,25,Masculino,13,38.3,1,120,40.1,1,Comercio & Retail
0,15.15,59.0,32,Masculino,10,53.1,0,2,25.5,1,Tecnología
0,12.68,53.9,20,Femenino,11,44.3,0,1,24.2,0,Comercio & Retail
1,45.0,61.5,64,Femenino,7,38.9,1,450,48.2,1,Servicios Personales
0,12.4,60.1,30,Femenino,8,50.4,0,4,50.0,1,Comercio & Retail
0,13.11,52.9,58,Femenino,11,45.2,0,2,14.7,0,Agroindustria
0,11.63,42.9,51,Femenino,9,52.3,0,2,37.8,1,Manufactura
0,10.88,44.0,41,Masculino,7,29.8,1,1,30.6,0,Agroindustria
0,11.43,41.4,57,Masculino,7,47.7,1,8,6.9,1,Logística
0,8.51,39.9,49,Masculino,8,53.4,0,2,5.3,1,Comercio & Retail
0,12.83,50.8,49,Femenino,9,51.3,0,2,26.0,0,Manufactura
0,12.25,68.5,47,Masculino,9,47.2,0,1,21.6,0,Tecnología
1,50.93,89.5,30,Femenino,16,39.9,1,120,13.9,1,Manufactura
0,14.71,74.9,18,Masculino,14,47.5,0,1,21.0,0,Agroindustria
1,43.32,55.6,51,Masculino,11,41.5,1,120,41.3,1,Agroindustria
1,50.19,81.7,32,Masculino,17,48.6,1,450,21.6,1,Comercio & Retail
0,14.01,61.8,61,Masculino,10,43.0,0,1,8.6,0,Manufactura
0,14.3,69.0,31,Masculino,12,41.5,0,1,24.9,0,Manufactura
0,9.15,59.7,46,Femenino,11,54.3,0,2,34.7,0,Servicios Personales
1,44.67,73.9,51,Femenino,12,36.7,1,450,38.8,1,Comercio & Retail
0,9.9,31.4,35,Femenino,7,69.5,0,2,41.8,1,Tecnología
1,46.61,60.8,24,Femenino,9,32.2,1,12,13.9,1,Servicios Personales
0,10.46,49.2,46,Masculino,7,38.2,0,1,31.5,0,Servicios Personales
0,13.75,48.7,48,Femenino,12,60.7,0,1,11.1,1,Comercio & Retail
0,12.37,48.4,42,Masculino,10,59.0,1,1,18.0,0,Comercio & Retail
0,13.52,42.0,55,Femenino,3,46.8,0,1,59.7,1,Comercio & Retail
0,16.14,68.3,31,Femenino,12,52.0,0,2,44.6,0,Manufactura
1,46.03,57.8,25,Masculino,11,39.3,1,12,15.9,1,Comercio & Retail
0,16.55,82.3,44,Femenino,16,52.1,0,1,34.7,1,Comercio & Retail
1,51.4,71.1,19,Masculino,14,37.9,1,450,36.5,1,Agroindustria
1,48.9,74.6,34,Masculino,14,43.7,1,12,26.4,1,Servicios Personales
0,12.06,48.4,54,Femenino,6,49.8,0,1,13.7,0,Logística
0,16.66,89.1,31,Masculino,14,40.3,0,2,46.3,0,Servicios Personales
0,10.29,41.2,42,Femenino,9,53.3,0,1,59.2,0,Comercio & Retail
0,13.64,54.6,47,Masculino,7,40.2,0,1,28.8,0,Agroindustria
0,7.07,15.3,46,Masculino,1,60.9,1,2,23.7,0,Agroindustria
1,46.35,62.7,37,Femenino,15,35.2,1,120,35.3,1,Comercio & Retail
1,43.04,64.1,38,Masculino,9,46.1,0,450,38.5,1,Comercio & Retail
0,9.99,48.1,39,Femenino,10,49.5,0,1,24.5,1,Comercio & Retail
1,44.13,69.0,52,Masculino,11,43.4,1,120,63.1,1,Tecnología
1,58.24,93.8,54,Masculino,17,36.3,1,12,44.7,1,Tecnología
0,14.32,70.4,33,Masculino,9,36.0,0,1,31.4,0,Agroindustria
1,48.01,67.4,60,Masculino,10,39.2,1,450,8.7,0,Comercio & Retail
1,48.78,84.0,34,Femenino,14,41.8,1,120,6.1,1,Manufactura
1,42.57,62.8,33,Masculino,9,40.4,1,12,56.7,1,Comercio & Retail
0,11.68,45.3,19,Femenino,7,18.7,0,2,15.9,0,Comercio & Retail
0,9.6,36.6,21,Masculino,2,41.9,1,2,12.3,0,Comercio & Retail
1,48.4,72.4,38,Femenino,15,38.3,1,12,60.1,0,Comercio & Retail
0,12.1,52.8,56,Masculino,11,60.9,0,1,21.6,0,Comercio & Retail
0,13.15,68.9,51,Masculino,12,70.0,0,1,7.4,0,Logística
0,12.12,59.4,47,Masculino,8,39.2,0,4,42.1,0,Agroindustria
0,15.07,65.3,23,Femenino,13,49.7,0,1,50.2,0,Logística
0,10.7,43.1,34,Masculino,8,39.5,1,1,38.1,0,Tecnología
0,11.92,44.6,56,Masculino,11,61.8,0,4,38.6,1,Agroindustria
0,10.39,46.8,42,Masculino,10,49.6,0,2,31.9,0,Manufactura
1,45.81,64.0,22,Femenino,14,33.8,1,120,13.9,1,Agroindustria
0,13.7,75.3,22,Femenino,12,58.1,0,4,19.8,1,Manufactura
0,10.07,43.0,37,Femenino,8,69.1,0,4,22.1,0,Servicios Personales
1,49.09,67.8,33,Femenino,12,44.0,1,120,19.9,1,Logística
0,8.15,36.0,58,Femenino,9,40.8,0,1,18.1,0,Comercio & Retail
0,11.0,56.0,54,Femenino,7,52.5,0,2,60.0,0,Tecnología
0,14.77,65.4,57,Femenino,12,35.0,0,1,13.3,0,Manufactura
0,12.12,45.5,26,Femenino,11,57.0,0,8,23.5,1,Agroindustria
0,10.44,29.8,22,Femenino,5,40.3,1,1,10.2,1,Comercio & Retail
0,8.93,39.2,59,Masculino,8,48.4,0,1,28.8,0,Comercio & Retail
0,14.26,69.3,19,Masculino,13,62.0,1,2,13.8,1,Manufactura
0,10.2,55.4,26,Femenino,11,28.7,0,2,41.6,0,Comercio & Retail
1,43.06,60.0,60,Masculino,12,41.3,1,120,40.5,1,Comercio & Retail
0,14.39,74.6,53,Masculino,17,26.3,0,4,33.9,0,Agroindustria
1,43.24,58.7,39,Masculino,14,35.2,1,120,32.1,0,Agroindustria
0,15.13,63.2,39,Femenino,10,51.4,0,2,67.6,0,Comercio & Retail
0,12.2,57.0,39,Femenino,8,36.9,0,8,3.7,0,Agroindustria
0,11.1,36.3,51,Masculino,7,59.4,0,1,22.2,1,Manufactura
0,10.86,52.0,46,Femenino,8,30.7,0,1,37.5,1,Comercio & Retail
0,10.73,22.1,55,Femenino,4,60.2,0,1,21.9,1,Comercio & Retail
0,12.27,42.9,63,Femenino,5,45.6,0,2,41.8,1,Comercio & Retail
0,12.3,61.6,50,Femenino,12,36.9,0,4,42.6,0,Servicios Personales
1,50.23,71.6,35,Masculino,16,42.6,1,45,35.7,1,Manufactura
0,11.71,44.8,24,Femenino,10,45.3,0,1,19.3,0,Manufactura
0,11.68,53.9,18,Masculino,7,39.9,0,1,15.3,1,Servicios Personales
0,5.01,5.0,50,Masculino,0,53.5,0,8,28.2,1,Comercio & Retail
1,43.08,78.2,18,Masculino,16,41.9,1,45,62.6,1,Manufactura
0,7.93,15.8,41,Femenino,5,59.5,0,2,21.6,1,Servicios Personales
0,7.7,21.4,21,Femenino,4,32.6,0,1,38.9,0,Logística
0,10.91,38.3,21,Femenino,9,48.0,0,2,21.8,0,Manufactura
0,7.38,30.5,35,Femenino,10,66.3,0,1,50.1,0,Tecnología
0,12.52,49.6,44,Masculino,10,67.1,1,1,26.6,1,Comercio & Retail
0,11.05,39.7,60,Femenino,7,57.2,0,2,15.7,1,Comercio & Retail
0,10.81,51.3,49,Masculino,12,45.3,0,1,46.1,0,Comercio & Retail
0,8.16,40.9,50,Masculino,8,70.4,0,2,31.0,1,Logística
0,12.13,44.7,45,Masculino,8,26.2,0,4,39.4,0,Servicios Personales
0,8.68,32.1,59,Masculino,9,43.7,0,1,29.9,1,Servicios Personales
0,12.03,43.3,58,Femenino,7,50.8,0,1,27.7,0,Servicios Personales
0,12.24,41.0,53,Femenino,5,45.4,0,1,12.7,1,Agroindustria
0,13.46,37.9,23,Femenino,5,51.1,0,4,24.0,0,Manufactura
0,8.28,42.1,33,Femenino,6,50.9,0,2,6.4,1,Comercio & Retail
0,14.45,61.5,51,Masculino,12,47.4,0,1,46.7,1,Comercio & Retail
0,12.69,66.5,40,Femenino,12,50.0,0,2,31.4,0,Servicios Personales
0,14.27,61.7,59,Femenino,9,57.8,0,4,33.0,1,Manufactura
0,15.47,76.1,41,Masculino,9,46.7,1,2,30.3,1,Servicios Personales
0,15.63,60.7,30,Femenino,14,52.9,0,1,25.9,1,Comercio & Retail
0,13.2,54.7,35,Masculino,12,33.1,0,1,46.1,0,Tecnología
0,16.21,69.3,30,Femenino,16,61.2,0,1,20.9,1,Agroindustria
0,13.17,59.7,54,Femenino,8,57.9,0,2,21.2,1,Comercio & Retail
0,11.21,54.5,60,Masculino,6,42.1,0,1,21.8,0,Comercio & Retail
1,45.82,78.6,56,Masculino,14,39.6,1,450,47.2,1,Comercio & Retail
0,11.51,41.7,59,Femenino,10,55.8,0,1,17.0,1,Tecnología
0,10.21,40.0,34,Femenino,7,49.8,0,1,16.1,0,Agroindustria
1,44.64,66.5,32,Femenino,12,41.2,1,45,13.2,1,Comercio & Retail
0,13.04,46.4,35,Femenino,7,58.4,0,2,18.4,0,Manufactura
1,52.15,86.4,40,Femenino,13,44.9,1,120,13.8,1,Comercio & Retail
0,12.79,73.6,47,Masculino,12,27.0,0,1,15.3,0,Tecnología
1,48.04,61.1,51,Femenino,9,48.7,1,12,14.1,1,Logística
0,6.03,26.8,21,Femenino,4,34.9,0,2,26.4,0,Comercio & Retail
0,9.94,43.2,20,Masculino,6,34.5,0,1,32.0,0,Agroindustria
0,13.52,62.6,24,Femenino,16,51.1,1,8,24.3,1,Servicios Personales
0,17.47,83.8,35,Femenino,17,54.6,0,2,6.2,0,Comercio & Retail
1,55.24,96.8,59,Masculino,20,40.0,1,450,5.7,1,Agroindustria
0,13.02,50.5,24,Femenino,12,43.3,0,1,39.9,1,Servicios Personales
0,7.82,36.0,57,Masculino,6,64.3,0,1,34.6,0,Servicios Personales
0,15.03,89.7,23,Femenino,15,47.3,1,2,41.2,0,Tecnología
0,11.72,50.6,39,Femenino,9,61.5,0,1,23.1,1,Logística
0,13.59,49.2,18,Femenino,7,64.2,0,1,7.1,0,Logística
1,51.88,82.9,21,Femenino,11,39.8,0,12,18.2,1,Manufactura
1,47.53,78.5,63,Femenino,17,38.2,1,12,45.2,1,Comercio & Retail
0,10.48,63.5,60,Femenino,10,69.8,0,8,74.7,1,Manufactura
0,13.53,53.1,46,Masculino,10,53.4,0,4,12.4,0,Manufactura
0,10.19,42.1,38,Masculino,4,47.5,0,1,11.2,1,Manufactura
0,11.44,54.6,43,Femenino,10,46.9,0,2,26.7,0,Tecnología
1,47.11,77.6,31,Masculino,13,44.2,1,12,46.8,1,Servicios Personales
1,41.88,68.7,26,Masculino,10,47.0,1,45,21.4,1,Manufactura
0,12.69,53.0,64,Masculino,10,59.0,0,1,70.8,1,Agroindustria
1,50.71,69.5,29,Femenino,11,43.2,1,450,38.8,0,Manufactura
0,11.39,21.8,59,Masculino,6,29.0,1,2,16.8,1,Comercio & Retail
0,7.69,20.3,23,Femenino,1,39.6,0,4,28.1,0,Manufactura
0,15.35,68.1,37,Femenino,10,59.3,0,4,37.0,0,Comercio & Retail
1,48.82,74.8,41,Masculino,9,42.2,1,45,31.6,1,Comercio & Retail
0,12.28,50.4,44,Masculino,12,63.3,0,2,28.3,0,Comercio & Retail
1,58.29,79.7,55,Masculino,19,39.4,1,45,6.6,1,Manufactura
0,14.6,69.8,25,Masculino,15,61.2,0,1,6.5,0,Manufactura
0,9.32,24.6,18,Femenino,2,52.4,0,2,24.8,1,Servicios Personales
1,51.14,88.5,41,Masculino,20,43.1,1,120,6.2,1,Servicios Personales
1,44.52,75.9,64,Femenino,13,41.0,1,45,19.1,1,Comercio & Retail
0,10.41,48.2,24,Femenino,9,61.5,1,2,11.0,0,Comercio & Retail
1,50.85,71.9,36,Masculino,16,42.7,1,12,38.6,1,Manufactura
0,5.73,5.0,39,Femenino,0,60.2,0,1,25.2,1,Tecnología
0,13.24,47.6,52,Masculino,8,32.7,0,2,14.9,1,Manufactura
0,14.49,63.6,47,Femenino,11,62.3,0,2,41.2,0,Manufactura
1,46.5,64.1,46,Masculino,10,43.2,1,120,2.2,1,Logística
1,47.59,75.1,39,Femenino,16,42.1,1,120,14.7,1,Servicios Personales
1,49.88,75.7,28,Femenino,14,42.8,0,450,52.0,1,Manufactura
0,14.11,82.8,37,Masculino,13,47.3,0,1,10.5,0,Comercio & Retail
1,46.68,63.3,46,Femenino,9,43.3,1,45,17.5,1,Logística
0,14.55,66.8,58,Masculino,14,33.9,0,1,34.4,0,Servicios Personales
0,14.68,53.8,59,Masculino,8,42.0,0,2,17.8,0,Servicios Personales
1,49.01,65.2,51,Masculino,13,41.9,1,120,13.3,1,Servicios Personales
0,7.47,38.6,18,Masculino,7,39.0,0,2,16.1,0,Logística
0,13.61,49.7,48,Femenino,11,53.8,1,1,41.1,0,Servicios Personales
0,12.31,48.7,47,Masculino,4,33.7,0,2,54.0,1,Logística
0,13.38,64.0,35,Femenino,14,33.3,1,1,29.4,0,Manufactura
0,11.68,45.4,34,Femenino,8,40.4,0,1,27.4,1,Manufactura
0,8.27,15.9,55,Femenino,5,48.9,0,1,54.9,1,Manufactura
0,13.06,50.0,31,Masculino,6,57.8,0,1,5.6,1,Comercio & Retail
0,11.36,50.7,40,Masculino,9,52.7,0,1,10.1,1,Tecnología
0,13.91,54.9,42,Masculino,7,57.5,0,2,29.3,0,Comercio & Retail
1,44.67,70.5,32,Masculino,13,42.5,1,120,48.1,1,Servicios Personales
0,10.72,52.3,63,Masculino,9,38.0,0,1,27.2,1,Manufactura
1,48.67,79.4,39,Masculino,14,35.2,1,45,2.4,0,Comercio & Retail
0,12.05,50.9,20,Femenino,9,49.2,0,1,34.0,0,Agroindustria
0,9.7,48.6,36,Masculino,13,38.1,0,2,26.5,0,Agroindustria
1,40.17,57.6,61,Masculino,10,46.0,1,120,13.8,1,Manufactura
0,14.89,62.1,51,Femenino,9,20.0,0,1,51.2,0,Comercio & Retail
0,9.58,30.4,52,Masculino,6,50.4,0,2,39.2,0,Agroindustria
0,8.12,33.9,18,Femenino,10,58.9,0,1,7.5,0,Tecnología
0,14.56,59.8,38,Masculino,13,35.1,0,4,40.4,0,Comercio & Retail
0,12.03,46.3,46,Masculino,7,47.2,0,4,33.0,0,Comercio & Retail
0,12.06,43.2,23,Masculino,10,68.3,0,1,45.8,0,Comercio & Retail
0,12.47,45.8,54,Masculino,8,57.3,0,1,9.5,0,Logística
1,52.71,87.1,18,Masculino,17,40.5,1,120,20.7,1,Comercio & Retail
0,12.0,50.2,18,Masculino,11,50.5,0,1,14.8,1,Servicios Personales
0,14.64,67.9,44,Femenino,10,50.5,0,1,23.9,0,Servicios Personales
1,45.41,53.8,38,Femenino,8,44.2,1,120,49.9,1,Comercio & Retail
1,38.32,56.9,33,Masculino,13,44.8,1,12,53.0,1,Servicios Personales
1,44.46,62.0,61,Masculino,10,46.0,1,120,58.5,1,Servicios Personales
0,12.07,46.7,57,Masculino,10,44.9,1,4,38.0,0,Comercio & Retail
0,9.74,49.8,43,Femenino,10,50.8,0,2,50.3,1,Comercio & Retail
0,11.76,39.4,33,Masculino,6,53.1,0,1,8.4,0,Servicios Personales
1,51.82,87.2,45,Masculino,16,47.8,1,12,12.4,1,Logística
0,13.15,66.6,18,Femenino,13,56.0,0,1,22.3,0,Agroindustria
1,42.48,59.1,53,Masculino,10,43.4,1,45,15.5,1,Logística
0,14.54,69.3,27,Masculino,10,56.1,0,4,4.5,0,Manufactura
0,9.76,45.6,60,Masculino,7,37.0,0,1,40.4,0,Logística
0,7.35,24.7,34,Masculino,4,67.9,0,2,46.0,0,Servicios Personales
0,8.82,50.0,40,Femenino,7,34.7,0,2,31.9,1,Manufactura
0,15.82,65.5,24,Masculino,14,65.5,0,4,17.8,0,Manufactura
0,9.67,48.1,61,Masculino,9,54.3,0,4,35.8,0,Servicios Personales
1,49.41,76.6,24,Masculino,14,41.6,1,12,36.2,1,Tecnología
1,39.82,60.9,61,Masculino,10,44.3,1,12,55.3,1,Logística
0,10.39,41.2,32,Masculino,7,29.9,0,2,21.0,1,Manufactura
0,10.42,39.9,51,Femenino,7,38.0,0,1,17.5,0,Comercio & Retail
1,44.41,77.3,63,Femenino,11,39.8,1,12,69.8,1,Servicios Personales
0,5.98,9.1,62,Femenino,4,52.5,0,1,21.7,0,Tecnología
0,11.29,46.6,21,Masculino,7,57.6,0,2,9.7,0,Logística
0,10.43,47.2,31,Masculino,8,24.3,0,2,50.7,1,Comercio & Retail
1,41.4,62.8,31,Femenino,13,38.8,1,120,13.3,1,Servicios Personales
0,16.27,61.9,33,Femenino,11,63.8,0,2,36.4,0,Comercio & Retail
0,12.54,49.2,24,Femenino,11,77.6,0,1,35.5,0,Manufactura
0,12.93,50.0,49,Masculino,12,74.2,0,1,46.6,0,Comercio & Retail
0,15.23,81.4,36,Masculino,14,71.0,0,2,68.4,0,Servicios Personales
0,10.8,48.3,19,Masculino,10,46.7,0,1,12.0,1,Comercio & Retail
0,8.92,37.8,27,Masculino,6,52.8,0,1,11.6,0,Agroindustria
0,11.05,36.4,34,Masculino,11,61.2,0,2,29.7,0,Comercio & Retail
0,8.14,25.7,54,Femenino,7,60.1,0,2,15.4,0,Agroindustria
0,10.17,25.5,29,Masculino,2,40.9,0,1,4.0,0,Tecnología
0,13.58,69.8,23,Masculino,11,45.0,0,4,10.3,0,Comercio & Retail
0,13.87,56.1,39,Masculino,12,38.0,0,1,59.3,0,Tecnología
0,15.98,75.3,49,Masculino,11,54.6,0,1,15.8,1,Manufactura
1,49.38,75.9,58,Masculino,12,41.1,1,12,69.0,1,Logística
0,14.64,79.9,37,Masculino,14,46.9,0,1,18.5,0,Agroindustria
0,11.37,49.8,18,Masculino,6,52.3,0,1,33.9,0,Servicios Personales
0,13.6,64.1,64,Masculino,9,62.3,0,4,48.4,0,Logística
0,11.29,29.8,23,Masculino,5,54.7,0,1,11.6,0,Comercio & Retail
0,13.14,58.3,36,Femenino,12,25.3,0,4,25.2,0,Comercio & Retail
0,14.01,82.0,35,Femenino,15,49.0,1,1,39.0,0,Servicios Personales
0,12.2,34.6,23,Masculino,8,44.7,0,2,24.4,0,Manufactura
1,52.43,70.3,62,Femenino,13,44.8,1,120,21.5,1,Manufactura
0,11.71,47.6,50,Femenino,7,43.7,0,1,21.5,0,Servicios Personales
0,13.27,70.0,40,Femenino,12,20.4,0,1,44.4,1,Comercio & Retail
0,8.34,28.7,40,Masculino,2,62.8,0,2,17.9,0,Comercio & Retail
1,40.53,66.1,43,Masculino,16,41.6,1,120,26.4,1,Logística
0,9.92,21.9,30,Femenino,6,67.7,0,1,34.0,0,Comercio & Retail
0,13.05,59.7,24,Femenino,11,29.7,0,8,40.3,0,Agroindustria
1,57.99,99.5,32,Masculino,15,51.3,1,12,37.6,1,Comercio & Retail
0,11.25,29.4,61,Femenino,6,40.4,0,2,36.1,1,Comercio & Retail
0,17.18,79.8,44,Femenino,17,48.9,0,2,28.7,0,Tecnología
1,49.66,90.0,43,Masculino,18,39.6,1,450,19.8,1,Logística
0,12.6,61.6,50,Masculino,13,53.9,0,1,7.6,1,Servicios Personales
1,48.6,61.6,32,Femenino,10,40.7,1,120,10.8,1,Agroindustria
0,13.37,58.1,53,Masculino,9,47.6,1,2,68.2,0,Comercio & Retail
1,49.6,78.4,62,Femenino,12,42.6,1,45,46.0,1,Agroindustria
0,14.33,72.5,44,Masculino,13,42.1,0,4,27.2,0,Comercio & Retail
0,6.06,19.7,22,Femenino,2,62.3,0,1,17.2,1,Servicios Personales
1,46.93,59.7,19,Femenino,9,41.0,1,120,45.3,1,Manufactura
0,14.18,46.6,50,Masculino,8,54.5,0,1,70.1,0,Agroindustria
0,10.47,39.2,33,Masculino,7,47.4,0,2,59.1,0,Manufactura
0,12.61,38.9,40,Femenino,7,60.3,0,1,7.9,1,Comercio & Retail
0,9.2,30.1,55,Femenino,5,55.8,0,8,22.3,1,Logística
1,54.42,89.9,33,Masculino,16,42.7,1,120,31.3,1,Manufactura
0,10.95,57.7,31,Masculino,8,36.4,1,1,4.2,1,Manufactura
0,11.33,53.8,46,Femenino,9,50.6,0,2,22.3,1,Manufactura
0,13.48,46.5,43,Masculino,9,48.8,0,1,34.9,1,Servicios Personales
0,11.65,48.9,52,Femenino,8,44.2,0,2,13.1,0,Comercio & Retail
0,11.43,55.6,32,Masculino,12,51.1,0,8,25.2,0,Tecnología
0,12.82,50.1,20,Femenino,9,56.8,0,1,14.8,1,Comercio & Retail
0,11.6,47.9,40,Femenino,12,55.6,0,1,32.8,0,Servicios Personales
1,49.57,77.9,46,Femenino,16,43.1,1,12,41.3,1,Comercio & Retail
0,9.83,47.7,51,Femenino,6,37.8,0,1,13.3,1,Comercio & Retail
0,12.1,53.7,50,Femenino,11,52.5,1,4,53.7,1,Comercio & Retail
1,48.88,69.3,58,Femenino,11,38.5,1,12,11.4,1,Manufactura
0,13.4,45.1,58,Femenino,6,51.2,0,2,13.5,1,Servicios Personales
1,47.63,67.4,40,Femenino,12,40.3,1,12,41.6,1,Comercio & Retail
0,9.92,45.4,24,Masculino,9,61.6,0,2,28.8,0,Agroindustria
0,15.23,69.9,20,Femenino,16,47.1,0,1,23.7,0,Comercio & Retail
1,48.46,81.0,49,Masculino,14,41.4,1,45,67.1,1,Logística
0,9.44,43.2,48,Femenino,10,56.4,0,2,35.7,1,Agroindustria
0,12.69,47.1,35,Femenino,9,47.8,0,1,18.5,0,Comercio & Retail
1,54.31,85.5,60,Masculino,17,39.7,1,450,14.1,1,Servicios Personales
0,13.4,71.1,24,Masculino,8,44.3,0,2,36.1,0,Comercio & Retail
0,12.19,66.2,58,Femenino,11,41.1,0,1,26.5,0,Comercio & Retail
0,12.97,48.4,18,Femenino,10,57.3,0,1,17.5,0,Comercio & Retail
0,16.1,74.8,31,Masculino,15,45.4,0,1,46.5,0,Manufactura
0,15.26,72.7,49,Masculino,15,55.1,0,1,13.1,0,Agroindustria
1,48.32,66.3,23,Masculino,12,47.7,1,12,19.2,1,Comercio & Retail
0,11.7,57.0,56,Femenino,8,60.1,0,1,38.4,0,Comercio & Retail
0,12.09,44.8,27,Femenino,9,49.0,0,1,42.4,1,Tecnología
0,9.05,36.9,24,Masculino,5,27.0,0,2,29.2,0,Comercio & Retail
0,13.0,68.8,43,Masculino,11,57.0,0,4,29.3,0,Manufactura
0,8.39,31.0,51,Masculino,7,45.4,0,1,6.1,0,Manufactura
1,53.35,89.6,47,Masculino,19,40.0,1,450,43.5,1,Comercio & Retail
0,12.03,43.3,53,Masculino,8,75.0,0,2,50.2,0,Manufactura
0,12.83,70.8,38,Masculino,14,61.0,0,1,37.4,0,Manufactura
1,43.11,56.8,34,Femenino,16,40.0,1,12,31.5,1,Tecnología
1,47.32,60.0,50,Masculino,13,44.4,1,45,7.4,1,Manufactura
0,11.33,25.9,27,Femenino,8,49.9,0,2,22.8,0,Servicios Personales
0,8.57,36.3,64,Femenino,8,21.3,0,2,49.6,1,Servicios Personales
1,63.05,100.0,59,Femenino,21,36.9,1,45,38.7,0,Servicios Personales
1,54.93,91.1,29,Femenino,18,40.5,1,450,8.9,1,Servicios Personales
0,11.5,55.1,33,Femenino,11,31.7,0,2,9.7,1,Tecnología
0,7.0,29.9,58,Masculino,9,35.5,0,1,16.4,0,Tecnología
0,9.03,37.1,49,Femenino,7,42.1,1,2,25.6,0,Tecnología
0,10.38,34.5,32,Masculino,8,52.9,0,2,51.5,1,Comercio & Retail
0,14.46,64.4,44,Femenino,13,48.1,0,1,57.0,0,Comercio & Retail
1,56.43,92.0,45,Femenino,19,38.0,1,12,58.3,1,Agroindustria
0,12.35,38.9,34,Masculino,10,39.9,0,2,29.1,0,Comercio & Retail
0,14.36,71.2,63,Masculino,15,33.4,0,1,38.8,1,Servicios Personales
0,12.97,45.0,19,Femenino,13,57.1,0,1,42.0,0,Comercio & Retail
1,42.27,49.1,53,Masculino,9,44.6,1,45,34.1,0,Logística
1,48.51,69.0,24,Femenino,14,48.1,1,450,59.4,1,Servicios Personales
0,13.8,55.9,30,Masculino,14,46.8,0,1,23.2,1,Comercio & Retail
0,10.12,52.5,32,Femenino,13,49.9,0,2,33.0,0,Logística
0,18.8,64.7,42,Femenino,8,53.3,0,4,53.5,0,Servicios Personales
0,11.34,70.4,40,Masculino,13,56.9,0,4,23.4,1,Manufactura
0,16.13,68.0,39,Masculino,15,26.8,0,2,18.0,1,Comercio & Retail
0,16.56,67.7,43,Femenino,14,41.9,1,1,15.8,0,Manufactura
0,14.3,59.1,50,Masculino,14,43.8,0,2,25.9,1,Comercio & Retail
1,41.65,53.2,28,Femenino,9,40.0,1,45,23.3,1,Tecnología
1,52.99,69.8,27,Masculino,14,37.7,1,120,15.7,1,Servicios Personales
1,54.06,82.3,42,Femenino,15,43.3,1,45,29.5,1,Agroindustria
0,12.86,57.3,54,Masculino,8,31.2,0,1,18.9,1,Tecnología
0,9.39,48.5,60,Masculino,5,42.0,0,2,37.6,0,Servicios Personales
0,14.51,87.6,55,Femenino,16,44.8,0,2,26.3,0,Servicios Personales
0,10.57,44.8,58,Masculino,8,64.6,0,1,3.2,0,Comercio & Retail
0,10.19,29.4,62,Masculino,7,72.2,0,1,15.3,0,Manufactura
0,16.22,56.1,41,Masculino,11,50.3,0,4,21.2,1,Servicios Personales
1,41.23,50.5,57,Femenino,9,36.7,1,12,20.0,1,Comercio & Retail
0,8.55,31.0,63,Masculino,3,33.8,0,1,32.1,0,Tecnología
0,13.62,61.4,50,Masculino,13,55.5,0,2,9.4,0,Manufactura
1,50.31,55.0,34,Masculino,13,45.4,1,45,37.4,1,Manufactura
0,10.9,41.6,41,Masculino,6,44.6,0,1,6.4,1,Servicios Personales
1,49.64,79.2,54,Femenino,10,40.5,0,12,21.8,1,Logística
0,13.98,53.3,19,Masculino,6,54.8,0,2,13.7,0,Comercio & Retail
0,10.66,54.9,49,Masculino,7,39.6,0,2,61.5,1,Servicios Personales
0,10.98,43.3,41,Femenino,8,56.6,0,4,25.0,1,Servicios Personales
0,14.45,55.5,26,Masculino,12,39.8,0,2,6.9,0,Servicios Personales
1,55.16,94.6,21,Masculino,18,45.0,1,45,37.6,0,Tecnología
0,12.72,59.6,34,Masculino,8,39.3,0,1,55.6,0,Servicios Personales
1,45.69,64.4,34,Femenino,13,37.3,1,45,45.1,1,Agroindustria
1,40.15,61.2,47,Masculino,13,35.1,1,12,10.2,1,Manufactura
0,6.1,17.6,57,Femenino,2,58.3,0,2,8.4,0,Manufactura
0,11.47,37.1,28,Masculino,5,55.3,0,4,6.1,1,Comercio & Retail
1,53.51,86.3,38,Masculino,18,40.7,1,45,10.0,0,Tecnología
0,13.26,47.1,38,Masculino,8,70.4,0,1,9.5,0,Agroindustria
0,14.79,75.4,35,Femenino,12,31.5,0,1,30.7,0,Manufactura
0,13.47,67.7,46,Masculino,11,44.1,0,4,56.7,1,Manufactura
0,8.84,21.3,41,Masculino,2,36.0,0,1,43.9,0,Manufactura
0,13.51,43.0,27,Femenino,7,51.5,0,4,25.3,0,Agroindustria
1,49.63,77.1,62,Masculino,13,38.4,1,12,31.6,1,Servicios Personales
0,10.09,44.3,34,Masculino,6,35.6,0,2,27.6,0,Logística
1,43.56,67.5,35,Masculino,9,45.0,0,120,31.1,1,Servicios Personales
0,9.49,41.8,59,Femenino,5,65.7,0,1,53.8,0,Manufactura
0,12.84,45.6,37,Femenino,7,54.3,0,1,4.5,1,Manufactura
0,11.5,42.1,54,Masculino,8,67.5,0,2,13.4,0,Manufactura
0,8.59,11.3,62,Femenino,3,52.7,1,1,25.8,0,Servicios Personales
1,51.7,81.6,35,Femenino,14,40.8,0,120,30.6,1,Servicios Personales
0,10.28,45.7,34,Masculino,5,37.1,0,2,41.5,0,Manufactura
0,12.85,64.6,26,Femenino,9,48.3,0,1,23.0,0,Comercio & Retail
0,9.42,30.8,31,Masculino,7,36.4,0,1,47.4,1,Servicios Personales
1,48.89,74.8,46,Masculino,14,37.3,1,45,21.2,1,Manufactura
0,9.0,28.3,48,Masculino,5,60.7,0,2,61.0,0,Servicios Personales
0,10.57,42.0,21,Masculino,7,63.9,0,1,50.3,0,Tecnología
0,5.62,19.4,35,Femenino,5,47.3,0,1,20.5,0,Manufactura
0,8.39,12.2,37,Femenino,1,39.1,0,2,19.1,0,Comercio & Retail
1,40.3,62.0,64,Masculino,12,36.0,1,450,51.9,1,Comercio & Retail
0,14.04,58.9,60,Femenino,10,55.7,0,2,17.5,1,Manufactura
0,11.35,66.5,61,Masculino,11,47.5,0,1,38.1,0,Comercio & Retail
1,52.36,82.9,26,Masculino,13,42.5,1,450,25.9,1,Agroindustria
0,12.55,53.8,30,Femenino,10,25.6,1,1,35.4,0,Comercio & Retail
0,11.08,42.3,32,Masculino,8,51.8,0,1,15.0,0,Manufactura
1,46.7,62.5,44,Femenino,11,38.0,1,45,7.9,1,Comercio & Retail
0,13.98,50.1,32,Femenino,8,75.2,0,2,43.5,0,Agroindustria
0,13.17,59.8,45,Masculino,14,43.6,1,1,6.5,0,Comercio & Retail
0,8.72,38.8,54,Masculino,9,51.9,0,2,40.7,1,Agroindustria
0,16.9,77.9,36,Masculino,10,51.5,0,1,29.2,1,Agroindustria
0,12.43,65.7,43,Femenino,12,59.8,0,2,29.7,0,Manufactura
1,58.61,99.0,43,Femenino,19,36.8,1,120,44.3,1,Agroindustria
0,12.96,44.7,42,Femenino,6,65.8,0,2,26.3,0,Comercio & Retail
0,10.91,39.7,43,Femenino,5,54.0,0,1,11.2,0,Servicios Personales
0,11.48,63.7,43,Femenino,9,54.6,0,4,16.5,1,Comercio & Retail
0,11.75,65.4,63,Masculino,7,62.2,1,1,15.1,1,Logística
1,46.9,72.6,45,Masculino,13,40.1,1,450,9.9,1,Servicios Personales
1,45.13,60.2,35,Femenino,11,46.5,1,120,18.5,1,Logística
0,12.11,49.2,49,Femenino,6,66.0,0,8,5.9,1,Servicios Personales
0,16.49,64.7,20,Masculino,13,61.7,0,2,28.6,1,Servicios Personales
0,12.38,71.0,19,Masculino,17,42.6,0,1,23.1,0,Tecnología
0,13.41,49.5,50,Masculino,7,46.3,0,2,30.2,0,Comercio & Retail
0,13.57,49.9,59,Femenino,11,49.1,0,1,6.3,0,Manufactura
0,9.64,15.1,36,Femenino,2,57.4,0,1,54.3,0,Comercio & Retail
0,8.71,38.3,34,Masculino,9,41.5,0,2,76.2,0,Agroindustria
0,9.53,33.9,61,Masculino,11,26.9,0,1,44.4,0,Logística
0,10.65,37.8,50,Femenino,9,57.8,0,2,41.4,0,Tecnología
0,12.17,56.1,29,Masculino,10,45.2,0,1,17.0,1,Logística
0,12.98,55.0,20,Femenino,7,33.8,1,2,36.0,1,Logística
1,46.26,69.7,60,Femenino,15,42.5,1,12,48.8,1,Servicios Personales
0,12.67,40.1,43,Masculino,8,63.2,0,1,6.7,1,Agroindustria
0,11.39,34.4,52,Femenino,5,62.8,1,2,2.1,0,Manufactura
0,10.27,54.3,25,Masculino,10,52.8,0,1,33.6,0,Agroindustria
0,14.68,70.4,53,Femenino,14,42.8,0,1,69.2,0,Agroindustria
1,46.99,73.6,24,Femenino,12,44.1,1,450,24.4,1,Agroindustria
0,8.85,43.9,63,Femenino,8,41.4,0,1,18.4,1,Manufactura
0,15.28,78.1,63,Femenino,17,40.0,0,1,19.1,0,Comercio & Retail
0,10.83,55.1,53,Femenino,10,44.9,0,1,55.3,1,Manufactura
0,12.02,33.5,33,Masculino,3,35.9,0,1,28.3,0,Comercio & Retail
0,16.48,91.6,41,Masculino,12,35.5,0,1,43.5,1,Comercio & Retail
0,16.46,68.5,18,Femenino,9,29.4,0,1,34.2,0,Servicios Personales
1,42.64,57.5,42,Femenino,10,42.5,1,12,24.6,1,Manufactura
0,13.17,61.9,27,Masculino,13,39.3,0,1,2.9,1,Servicios Personales
0,11.5,50.1,33,Femenino,9,32.6,0,1,7.2,1,Comercio & Retail
0,9.3,44.3,33,Femenino,9,56.4,0,4,9.0,1,Manufactura
0,7.68,37.2,25,Femenino,5,45.6,0,1,13.8,0,Servicios Personales
0,11.53,50.2,46,Masculino,8,53.7,1,1,2.7,1,Comercio & Retail
1,46.8,65.1,56,Femenino,11,40.7,1,45,31.2,1,Comercio & Retail
0,10.51,27.3,45,Masculino,8,41.4,0,1,13.4,0,Logística
0,10.28,22.2,23,Femenino,4,60.1,0,1,20.1,0,Tecnología
1,51.42,77.5,33,Femenino,12,42.6,1,12,36.9,1,Comercio & Retail
0,13.31,56.0,37,Femenino,13,40.2,0,4,19.7,1,Comercio & Retail
1,43.82,59.3,33,Masculino,13,41.1,1,12,29.4,1,Manufactura
0,13.08,35.8,24,Masculino,6,45.4,1,2,60.3,0,Manufactura
0,17.67,69.2,58,Femenino,10,55.6,0,1,17.5,1,Comercio & Retail
1,45.09,65.6,31,Femenino,11,42.2,1,120,21.6,1,Comercio & Retail
0,12.3,60.2,60,Masculino,12,27.5,0,1,63.3,0,Comercio & Retail
0,10.2,58.4,43,Masculino,12,42.3,0,4,17.5,1,Servicios Personales
0,7.87,28.2,43,Femenino,5,58.0,1,1,29.9,0,Logística
1,39.99,70.4,31,Masculino,17,32.6,1,12,6.5,1,Comercio & Retail
0,10.07,26.9,24,Femenino,5,45.3,0,1,45.0,0,Logística
0,11.2,48.6,50,Femenino,4,26.6,0,1,22.6,0,Manufactura
0,10.1,29.9,43,Femenino,0,47.7,0,4,28.3,0,Manufactura
0,14.89,63.6,62,Masculino,13,52.1,0,2,28.3,0,Comercio & Retail
0,16.66,74.1,37,Femenino,16,39.7,1,1,65.0,1,Agroindustria
0,11.31,58.4,20,Masculino,8,53.8,0,2,52.3,0,Comercio & Retail
0,8.57,21.0,21,Masculino,3,22.0,0,1,16.7,0,Manufactura
1,42.77,73.7,43,Masculino,13,42.8,1,120,37.1,1,Comercio & Retail
0,7.72,23.9,28,Femenino,5,63.3,0,4,31.4,0,Agroindustria
1,50.08,64.7,19,Femenino,12,41.7,1,120,14.1,1,Comercio & Retail
0,11.79,34.3,31,Masculino,6,59.3,0,1,11.8,1,Manufactura
0,14.32,51.6,61,Masculino,8,56.4,0,1,35.6,1,Comercio & Retail
1,51.48,71.9,47,Masculino,11,41.6,1,12,14.9,1,Comercio & Retail
0,12.82,52.9,29,Femenino,11,63.5,0,1,61.7,0,Comercio & Retail
0,11.76,44.3,43,Femenino,10,42.5,0,2,19.8,0,Comercio & Retail
1,54.13,76.0,61,Masculino,16,37.8,0,450,52.9,1,Manufactura
1,52.57,96.4,50,Femenino,17,41.5,1,12,39.5,1,Comercio & Retail
1,50.37,84.3,30,Masculino,17,44.8,1,12,8.6,1,Servicios Personales
0,11.72,50.3,31,Femenino,9,55.9,0,4,32.8,0,Manufactura
1,48.37,66.5,41,Femenino,10,44.6,1,12,47.8,1,Comercio & Retail
1,53.83,80.2,51,Femenino,15,41.1,1,120,52.0,1,Manufactura
1,47.64,70.2,61,Femenino,8,41.7,1,450,56.5,1,Comercio & Retail
0,10.27,36.1,43,Femenino,8,39.8,0,2,22.8,1,Servicios Personales
0,11.74,54.9,38,Masculino,10,49.9,0,1,15.7,1,Logística
0,9.09,41.2,45,Femenino,10,43.4,0,1,18.6,1,Logística
0,11.06,40.1,53,Femenino,9,42.8,0,1,13.2,0,Comercio & Retail
0,13.15,52.1,57,Masculino,6,52.7,0,1,34.5,1,Comercio & Retail
1,42.18,58.0,19,Femenino,13,36.5,1,45,58.3,1,Tecnología
1,46.1,66.7,59,Femenino,9,45.8,1,12,37.7,1,Agroindustria
0,11.49,47.9,26,Masculino,11,51.0,0,1,15.2,1,Manufactura
0,12.76,54.1,40,Masculino,10,32.9,0,2,42.0,0,Comercio & Retail
1,43.26,55.1,32,Femenino,13,36.5,1,12,46.7,0,Servicios Personales
0,15.36,69.6,30,Femenino,12,57.2,0,1,24.3,0,Comercio & Retail
0,8.84,53.0,40,Masculino,9,48.5,0,2,34.7,0,Manufactura
0,12.38,59.6,34,Femenino,8,62.2,0,2,17.0,0,Servicios Personales
1,42.9,63.4,19,Masculino,10,39.2,1,45,7.6,1,Logística
0,9.77,40.2,37,Masculino,6,50.0,0,2,13.7,0,Manufactura
0,10.95,44.2,37,Masculino,7,60.2,0,1,40.6,1,Manufactura
0,11.94,50.3,63,Femenino,12,69.0,0,4,26.8,0,Manufactura
0,12.37,62.8,20,Femenino,11,49.4,0,1,6.1,0,Comercio & Retail
0,9.27,38.0,29,Masculino,6,35.3,0,2,31.5,0,Manufactura
1,42.5,61.6,57,Femenino,10,34.3,1,12,23.7,1,Servicios Personales
0,11.7,38.5,19,Femenino,4,57.2,0,1,19.4,0,Comercio & Retail
1,46.79,52.6,53,Masculino,11,41.5,1,12,18.8,1,Manufactura
0,10.12,43.8,31,Femenino,9,41.6,0,2,42.9,1,Agroindustria
0,16.52,87.8,33,Femenino,18,38.5,0,1,44.8,1,Comercio & Retail
0,11.46,60.4,36,Masculino,12,46.5,0,2,16.1,0,Logística
0,7.27,24.4,51,Femenino,6,67.3,0,8,26.4,0,Logística
0,8.32,29.0,61,Femenino,6,46.8,0,2,13.0,1,Manufactura
1,50.47,73.8,63,Femenino,12,39.4,1,12,4.9,1,Comercio & Retail
0,13.52,71.5,23,Masculino,13,55.3,0,1,16.4,0,Servicios Personales
1,55.02,82.7,30,Femenino,17,40.0,1,12,28.7,1,Logística
1,54.91,83.5,53,Femenino,14,42.4,1,12,9.8,1,Comercio & Retail
1,45.02,62.4,39,Masculino,12,47.9,1,12,19.2,1,Manufactura
1,52.12,82.1,35,Masculino,15,40.3,1,120,6.5,1,Comercio & Retail
0,12.77,54.6,29,Femenino,10,41.7,0,4,13.5,0,Comercio & Retail
0,11.95,55.6,47,Masculino,10,52.5,0,2,49.4,0,Manufactura
0,13.68,66.4,57,Femenino,5,71.5,0,1,40.9,1,Comercio & Retail
0,17.36,72.1,24,Masculino,16,60.2,0,2,22.5,0,Manufactura
1,45.48,64.5,49,Femenino,11,41.3,1,12,17.9,1,Comercio & Retail
0,12.55,60.3,36,Femenino,10,53.9,0,1,40.9,1,Servicios Personales
0,12.09,54.5,23,Masculino,7,43.8,0,1,40.4,0,Comercio & Retail
1,54.24,74.3,37,Femenino,15,48.1,1,120,16.2,1,Logística
1,56.17,91.0,44,Femenino,14,43.7,1,45,25.3,1,Manufactura
0,13.91,39.4,60,Femenino,7,43.7,0,2,38.4,0,Servicios Personales
1,46.79,58.5,54,Masculino,12,46.3,1,12,22.5,1,Tecnología
0,15.18,75.4,24,Femenino,13,36.9,0,4,24.0,0,Comercio & Retail
0,10.37,47.3,22,Femenino,5,47.6,0,4,22.0,0,Comercio & Retail
0,13.3,50.5,28,Femenino,12,48.8,0,4,33.8,0,Logística
0,12.78,55.3,32,Femenino,12,56.0,0,4,34.5,0,Agroindustria
0,14.8,64.7,20,Femenino,12,27.0,1,1,31.1,1,Tecnología
0,18.29,92.9,22,Femenino,18,51.3,1,1,28.8,0,Logística
1,59.13,100.0,40,Femenino,21,39.6,1,45,21.6,1,Servicios Personales
0,15.19,76.2,54,Femenino,15,21.8,0,1,43.6,1,Servicios Personales
1,46.55,70.5,26,Masculino,11,38.5,1,12,23.7,1,Servicios Personales
0,9.38,45.0,32,Masculino,12,52.8,0,2,57.9,1,Tecnología
0,10.07,51.0,20,Masculino,12,70.1,0,4,7.6,0,Comercio & Retail
1,54.56,90.9,46,Femenino,19,42.2,1,450,70.9,1,Logística
1,47.37,69.4,23,Masculino,11,41.1,1,12,20.5,1,Logística
0,11.01,43.8,34,Femenino,8,26.9,0,2,27.0,0,Servicios Personales
1,44.12,60.1,43,Masculino,12,45.3,1,12,18.0,1,Manufactura
1,52.58,90.8,38,Femenino,18,42.8,1,12,40.5,1,Comercio & Retail
0,10.25,36.7,25,Femenino,6,44.5,0,1,48.5,0,Servicios Personales
0,11.44,57.0,38,Femenino,7,52.3,0,1,22.7,0,Comercio & Retail
0,11.86,44.0,28,Femenino,7,51.0,0,1,53.4,0,Logística
0,12.96,59.6,55,Masculino,5,43.5,0,1,21.7,0,Manufactura
0,11.2,40.5,25,Masculino,6,60.1,0,4,38.0,0,Tecnología
1,50.99,67.2,59,Masculino,14,43.0,1,45,47.1,1,Agroindustria
1,47.53,59.9,41,Masculino,11,47.4,1,45,4.9,1,Comercio & Retail
0,13.01,45.9,52,Femenino,5,46.2,1,1,39.4,0,Servicios Personales
1,45.38,65.4,31,Femenino,13,31.9,1,12,9.5,1,Tecnología
0,8.13,30.9,31,Masculino,11,51.0,0,2,50.4,0,Agroindustria
1,41.07,66.3,27,Masculino,14,34.4,1,450,1.4,1,Manufactura
0,9.51,23.8,29,Masculino,8,59.6,0,1,49.1,0,Comercio & Retail
0,11.84,40.2,55,Femenino,5,58.5,0,2,46.9,1,Tecnología
0,11.88,55.8,61,Masculino,13,26.9,0,2,16.6,0,Comercio & Retail
1,44.9,67.5,63,Masculino,13,42.2,1,45,10.7,1,Manufactura
0,7.74,24.3,51,Femenino,6,23.5,0,1,11.4,0,Agroindustria
1,49.57,58.1,58,Femenino,11,37.9,1,12,13.4,1,Comercio & Retail
0,8.7,48.7,27,Femenino,8,32.1,0,1,66.2,0,Manufactura
0,13.56,66.1,34,Masculino,14,45.3,0,1,6.0,0,Comercio & Retail
0,14.44,66.5,34,Femenino,13,54.3,0,1,12.9,0,Logística
1,41.46,58.2,20,Femenino,15,41.3,1,450,39.1,1,Comercio & Retail
0,9.12,43.4,48,Femenino,7,35.7,0,1,5.3,1,Comercio & Retail
0,12.09,36.6,18,Masculino,7,54.4,0,8,23.0,0,Manufactura
0,12.52,51.9,29,Femenino,9,67.2,0,2,24.2,0,Servicios Personales
1,39.59,45.8,56,Femenino,8,38.7,1,12,13.9,1,Servicios Personales
0,12.99,56.6,21,Masculino,11,79.5,0,1,30.0,0,Logística
0,11.05,34.5,59,Masculino,6,59.5,0,4,49.1,0,Comercio & Retail
1,53.79,81.7,30,Femenino,16,45.3,1,12,11.3,1,Servicios Personales
1,54.57,99.7,51,Masculino,17,36.5,1,12,4.5,1,Comercio & Retail
0,15.55,69.7,59,Masculino,14,62.1,0,2,49.2,0,Tecnología
1,45.05,68.4,38,Femenino,12,38.5,1,120,25.2,1,Manufactura
0,15.25,70.6,39,Femenino,10,33.1,0,2,26.7,0,Manufactura
1,47.38,63.0,21,Masculino,11,44.2,1,120,22.0,1,Servicios Personales
0,11.03,50.5,35,Femenino,7,37.7,0,2,5.0,0,Agroindustria
0,11.49,50.4,22,Femenino,11,68.6,0,1,35.9,0,Logística
0,16.03,62.6,36,Masculino,11,44.0,0,2,25.4,0,Servicios Personales
0,10.79,46.5,19,Femenino,7,38.7,1,2,40.4,1,Manufactura
0,18.56,96.8,29,Masculino,16,29.4,0,2,25.6,1,Agroindustria
0,11.31,42.5,34,Femenino,10,30.1,1,1,71.9,0,Tecnología
0,13.75,60.7,27,Masculino,6,27.6,0,1,13.5,1,Logística
1,44.83,62.5,51,Femenino,9,40.7,1,45,11.3,1,Comercio & Retail
0,14.37,56.7,23,Masculino,8,56.6,0,2,10.1,1,Comercio & Retail
0,9.13,31.5,25,Masculino,7,64.8,0,4,17.1,0,Servicios Personales
1,50.32,70.0,28,Masculino,16,41.4,1,120,34.1,1,Comercio & Retail
0,13.3,61.3,29,Femenino,10,49.8,0,1,26.4,0,Agroindustria
0,14.4,50.2,26,Masculino,14,44.0,0,4,32.3,1,Servicios Personales
0,12.91,47.9,19,Masculino,12,64.7,0,2,14.7,0,Agroindustria
0,15.24,71.0,25,Masculino,12,63.2,0,2,35.6,0,Comercio & Retail
0,16.29,66.9,28,Femenino,10,51.2,0,4,30.4,0,Manufactura
1,49.91,68.4,53,Masculino,8,45.4,1,12,19.1,1,Servicios Personales
1,43.37,71.7,27,Femenino,15,40.2,1,12,5.6,1,Comercio & Retail
0,12.32,54.3,38,Masculino,12,43.3,0,8,17.0,0,Comercio & Retail
0,10.53,43.3,37,Masculino,9,22.1,0,2,59.7,0,Tecnología
0,16.91,75.5,25,Femenino,14,45.8,0,4,30.0,0,Servicios Personales
1,53.02,77.0,53,Femenino,16,46.6,1,120,11.1,1,Comercio & Retail
0,10.2,45.5,46,Femenino,11,28.4,0,2,45.4,1,Comercio & Retail
1,52.35,84.2,59,Masculino,16,41.9,1,12,38.7,1,Servicios Personales
0,8.64,36.7,29,Femenino,8,45.6,0,2,25.3,1,Comercio & Retail
0,10.42,50.4,31,Femenino,7,45.5,0,2,42.0,1,Logística
0,13.67,58.1,38,Masculino,9,53.5,0,1,11.2,0,Manufactura
0,13.11,52.0,39,Femenino,10,54.2,0,2,3.2,0,Manufactura
0,15.81,81.9,38,Femenino,16,48.9,0,2,46.6,1,Agroindustria
0,10.67,48.1,61,Masculino,9,46.5,0,2,9.4,0,Comercio & Retail
0,13.94,58.3,47,Femenino,11,64.4,1,1,28.8,0,Manufactura
1,40.57,58.2,56,Femenino,14,36.4,1,45,22.9,1,Comercio & Retail
0,9.09,29.1,37,Femenino,12,28.6,0,1,32.5,1,Manufactura
0,10.28,45.7,41,Masculino,8,50.9,0,1,12.1,0,Comercio & Retail
0,9.67,25.1,40,Masculino,5,29.1,0,2,35.9,1,Manufactura
0,13.78,66.4,24,Femenino,15,47.8,0,2,30.5,1,Logística
0,10.38,29.9,26,Femenino,6,57.8,0,1,35.6,0,Comercio & Retail
0,15.02,60.5,18,Femenino,9,44.0,0,2,44.1,0,Manufactura
0,15.96,65.8,43,Masculino,10,44.9,0,1,28.2,0,Servicios Personales
1,53.35,78.4,55,Femenino,15,45.2,1,45,21.2,1,Comercio & Retail
0,13.43,67.7,55,Masculino,14,44.2,0,1,58.2,0,Agroindustria
1,39.26,62.3,61,Femenino,11,47.1,0,45,47.1,0,Comercio & Retail
0,15.89,86.0,39,Masculino,15,47.1,0,1,24.3,0,Agroindustria
1,60.64,91.6,61,Masculino,15,41.1,1,45,48.5,1,Comercio & Retail
0,12.62,39.4,27,Masculino,8,38.4,0,1,35.5,0,Servicios Personales
0,10.24,35.8,23,Femenino,9,48.8,0,1,28.8,0,Manufactura
1,44.81,70.1,34,Masculino,13,46.4,1,12,11.6,0,Servicios Personales
0,13.53,61.0,55,Femenino,16,31.3,0,4,35.6,0,Comercio & Retail
0,11.88,45.8,41,Femenino,7,58.9,0,2,13.6,0,Tecnología
0,11.98,29.2,27,Femenino,3,38.2,0,2,5.2,1,Comercio & Retail
0,15.66,61.7,25,Masculino,12,51.9,0,2,13.3,1,Manufactura
0,15.36,92.9,38,Masculino,15,43.0,0,2,23.0,0,Logística
0,13.02,55.8,23,Masculino,10,78.6,0,1,6.2,0,Servicios Personales
1,60.4,100.0,38,Masculino,20,48.0,1,12,11.9,1,Agroindustria
1,37.59,54.6,56,Femenino,7,45.9,1,45,55.1,1,Agroindustria
0,12.03,42.3,41,Masculino,7,52.8,0,1,14.4,0,Manufactura
0,10.66,39.1,50,Masculino,7,32.2,0,4,34.3,0,Comercio & Retail
0,13.65,51.4,35,Masculino,10,51.2,0,1,25.3,0,Manufactura
0,11.7,59.2,45,Femenino,10,43.1,0,1,16.8,0,Servicios Personales
0,12.51,46.2,49,Masculino,7,65.4,0,1,7.5,0,Comercio & Retail
1,53.82,88.1,29,Masculino,14,39.7,1,45,20.7,1,Manufactura
0,12.73,52.7,59,Masculino,11,38.2,0,1,13.0,1,Servicios Personales
0,9.46,36.6,44,Femenino,6,66.1,0,1,39.8,1,Servicios Personales
0,13.98,72.5,27,Masculino,12,40.4,0,1,32.0,0,Comercio & Retail
1,42.27,53.6,63,Masculino,8,44.7,1,120,36.5,1,Servicios Personales
0,8.21,54.4,59,Femenino,10,50.7,0,2,20.0,0,Agroindustria
1,44.48,65.0,49,Femenino,13,41.2,1,45,15.5,1,Comercio & Retail
0,11.75,66.0,59,Femenino,14,44.5,0,1,8.7,1,Logística
0,13.2,58.0,43,Masculino,13,33.1,1,1,36.1,1,Agroindustria
0,9.94,54.8,42,Femenino,10,36.9,0,1,8.9,0,Agroindustria
0,10.79,44.8,28,Femenino,6,43.8,0,2,26.0,1,Comercio & Retail
0,12.81,54.7,40,Masculino,9,28.3,0,2,15.0,0,Tecnología
0,11.94,54.2,51,Masculino,10,41.8,0,2,46.5,0,Agroindustria
0,17.27,82.2,57,Femenino,16,59.0,0,2,15.7,0,Servicios Personales
0,6.27,37.5,40,Femenino,8,44.3,0,2,31.0,0,Manufactura
0,15.07,64.7,46,Masculino,11,25.9,0,4,22.6,1,Manufactura
0,10.14,20.7,48,Masculino,5,59.2,0,2,18.2,1,Tecnología
0,14.03,61.5,24,Femenino,11,29.1,0,2,12.9,0,Manufactura
0,10.52,60.9,57,Masculino,10,54.8,0,1,26.9,0,Manufactura
0,11.52,56.0,50,Femenino,10,52.7,0,2,4.0,0,Comercio & Retail
1,48.96,67.1,38,Masculino,13,45.4,1,45,34.1,1,Comercio & Retail
0,9.01,32.4,19,Femenino,7,42.6,0,4,16.4,0,Comercio & Retail
0,13.94,74.6,35,Femenino,15,60.8,0,1,32.7,1,Agroindustria
0,15.09,62.8,64,Femenino,7,42.2,0,4,10.2,1,Manufactura
0,14.5,74.3,50,Femenino,15,29.7,0,1,12.2,0,Tecnología
0,9.67,28.2,54,Masculino,4,60.2,0,1,14.7,1,Logística
0,8.64,42.8,51,Masculino,11,42.9,0,4,19.6,0,Comercio & Retail
0,13.22,66.7,37,Masculino,12,65.1,0,1,65.0,1,Comercio & Retail
0,13.1,55.4,52,Femenino,9,46.1,0,1,34.9,0,Manufactura
0,12.27,54.2,35,Femenino,11,46.1,0,1,18.8,1,Agroindustria
1,39.62,48.6,63,Femenino,9,45.4,1,45,24.6,1,Comercio & Retail
0,13.08,49.7,41,Femenino,12,49.5,0,2,27.6,0,Comercio & Retail
1,40.63,60.2,25,Masculino,11,34.2,1,12,39.3,1,Tecnología
1,54.29,92.0,47,Femenino,18,52.1,1,120,8.7,1,Tecnología
0,6.45,12.4,61,Masculino,5,34.1,0,4,34.1,0,Comercio & Retail
0,14.32,58.6,27,Masculino,11,68.7,0,4,14.5,0,Manufactura
0,14.69,64.3,40,Femenino,8,30.2,0,1,46.1,0,Servicios Personales
0,12.25,56.5,28,Masculino,10,39.8,0,1,23.3,0,Comercio & Retail
0,13.8,55.9,19,Femenino,9,49.0,0,2,44.6,0,Servicios Personales
1,42.96,61.6,43,Femenino,9,45.2,1,120,37.3,1,Servicios Personales
1,42.79,52.7,53,Masculino,8,47.0,0,450,37.0,1,Manufactura
0,13.45,63.4,50,Femenino,13,46.6,0,2,21.4,0,Tecnología
0,9.58,34.8,64,Femenino,9,45.8,0,1,22.4,0,Comercio & Retail
0,15.0,82.0,30,Masculino,10,59.7,0,1,13.6,1,Comercio & Retail
1,42.37,66.5,57,Femenino,11,49.1,1,45,14.8,1,Logística
0,11.36,51.4,42,Masculino,7,32.3,0,1,6.8,1,Servicios Personales
1,53.49,73.4,21,Femenino,12,35.8,1,120,4.6,1,Agroindustria
0,11.78,50.2,59,Femenino,6,35.9,0,2,32.1,0,Agroindustria
1,49.05,71.0,36,Masculino,12,29.9,1,450,52.3,1,Tecnología
0,13.53,63.3,35,Masculino,12,58.3,0,8,26.9,0,Manufactura
0,13.56,47.8,54,Femenino,9,33.9,0,4,45.6,0,Logística
0,9.21,46.3,47,Femenino,6,44.3,0,2,49.9,0,Agroindustria
0,12.78,56.5,36,Masculino,10,41.8,0,2,8.4,0,Tecnología
0,13.15,40.1,40,Femenino,6,56.8,0,1,16.7,1,Manufactura
0,10.85,64.9,33,Masculino,10,57.0,0,1,37.3,0,Servicios Personales
1,53.67,88.0,18,Masculino,13,39.7,1,120,30.1,0,Comercio & Retail
0,12.46,45.6,29,Masculino,10,62.4,0,4,31.9,1,Logística
0,12.31,79.8,41,Masculino,15,35.7,0,8,11.1,0,Comercio & Retail
0,9.45,48.9,51,Masculino,11,41.6,0,1,23.4,0,Agroindustria
0,12.89,69.0,25,Masculino,13,74.3,0,1,18.1,0,Comercio & Retail
0,11.02,50.2,35,Masculino,13,55.8,0,1,39.9,1,Manufactura
1,49.51,68.0,22,Masculino,15,45.6,1,45,20.5,1,Manufactura
0,10.71,35.2,43,Femenino,5,58.6,0,1,21.5,0,Logística
0,11.34,57.7,47,Femenino,8,64.6,0,2,38.5,0,Agroindustria
0,9.4,40.2,30,Masculino,10,60.8,0,2,10.5,0,Comercio & Retail
1,49.41,71.3,36,Masculino,13,44.4,1,120,35.1,1,Logística
0,14.67,58.6,46,Femenino,11,31.9,1,2,10.7,1,Logística
0,13.94,69.6,20,Femenino,10,61.0,0,1,22.2,0,Servicios Personales
0,16.29,67.0,43,Masculino,14,68.4,0,1,44.7,0,Comercio & Retail
0,12.46,55.3,57,Masculino,9,60.9,0,1,16.8,0,Manufactura
0,11.91,49.4,29,Femenino,9,55.4,0,1,11.8,1,Tecnología
0,11.45,53.2,19,Masculino,12,67.5,0,4,34.2,0,Servicios Personales
0,16.79,85.3,28,Masculino,19,53.1,0,1,5.7,0,Agroindustria
0,13.47,47.4,61,Masculino,10,33.5,0,8,21.6,1,Manufactura
0,10.42,29.5,45,Masculino,8,56.9,0,2,34.3,0,Comercio & Retail
0,12.19,62.5,35,Femenino,8,53.5,0,1,6.4,0,Comercio & Retail
0,11.79,47.4,30,Masculino,9,45.4,0,2,41.8,0,Agroindustria
1,52.44,79.8,54,Masculino,15,37.1,1,45,13.9,1,Comercio & Retail
0,10.59,39.9,39,Masculino,9,68.8,0,2,33.2,1,Servicios Personales
0,14.51,59.5,29,Femenino,11,57.1,0,2,17.5,0,Servicios Personales
0,12.57,60.1,19,Femenino,10,58.5,0,1,13.6,1,Manufactura
0,11.17,35.9,54,Femenino,5,40.6,0,2,16.6,1,Agroindustria
0,13.06,42.7,24,Femenino,9,28.1,0,2,44.7,0,Comercio & Retail
0,9.37,27.1,43,Masculino,1,58.0,0,1,25.6,0,Logística
0,9.84,38.5,43,Masculino,11,34.3,0,2,29.9,0,Comercio & Retail
0,14.5,47.2,41,Masculino,12,59.8,0,1,51.1,0,Tecnología
0,8.28,41.8,29,Masculino,7,29.2,0,1,21.3,1,Comercio & Retail
0,9.23,23.0,33,Femenino,8,55.5,0,1,17.5,0,Agroindustria
0,7.63,27.2,40,Masculino,5,63.3,0,1,10.5,0,Manufactura
0,8.48,18.3,57,Masculino,2,58.4,0,2,78.5,0,Agroindustria
0,12.92,46.2,26,Masculino,4,46.7,0,1,22.2,0,Comercio & Retail
0,13.06,56.4,49,Masculino,12,63.8,0,1,4.3,1,Tecnología
0,14.41,45.8,32,Masculino,9,43.2,0,2,32.3,1,Comercio & Retail
0,13.1,40.5,54,Masculino,11,43.0,0,4,40.9,0,Servicios Personales
0,16.89,87.8,30,Femenino,18,64.2,0,2,59.8,0,Tecnología
1,46.7,71.1,22,Masculino,14,43.4,0,450,31.9,1,Tecnología
0,12.88,52.1,28,Masculino,12,40.6,0,2,48.2,1,Servicios Personales
0,12.17,56.1,27,Femenino,8,42.6,0,1,25.3,1,Comercio & Retail
1,57.78,87.5,30,Masculino,16,36.5,1,12,9.9,1,Comercio & Retail
0,15.11,69.4,58,Masculino,15,57.8,0,4,13.2,1,Comercio & Retail
0,12.13,47.8,63,Masculino,13,36.7,0,1,43.6,1,Comercio & Retail
0,11.79,44.3,32,Masculino,10,45.6,0,2,26.7,0,Servicios Personales
1,45.37,54.3,59,Masculino,6,43.4,1,12,61.2,1,Comercio & Retail
1,56.39,80.4,24,Femenino,16,49.6,1,120,11.0,0,Manufactura
1,45.82,59.3,57,Femenino,13,46.6,1,120,7.6,1,Comercio & Retail
1,48.48,64.7,45,Masculino,9,39.2,1,450,37.0,1,Tecnología
1,38.38,49.1,49,Masculino,9,45.4,1,120,33.9,1,Tecnología
0,11.91,35.1,52,Masculino,5,44.6,1,4,6.0,0,Logística
0,14.94,90.9,32,Femenino,13,54.6,0,1,18.4,0,Manufactura
1,48.41,68.2,53,Femenino,11,42.9,1,120,49.7,1,Agroindustria
0,12.69,60.1,38,Masculino,12,52.8,0,2,10.1,1,Servicios Personales
0,13.25,74.7,23,Femenino,14,51.5,0,8,43.7,1,Manufactura
0,11.72,72.5,18,Masculino,13,59.4,0,1,8.2,0,Manufactura
0,14.44,51.2,21,Masculino,7,53.1,0,1,44.4,1,Servicios Personales
0,12.97,44.6,28,Masculino,10,40.5,0,4,48.1,0,Comercio & Retail
1,49.9,79.3,61,Femenino,12,45.9,1,12,61.7,1,Servicios Personales
1,49.33,77.2,43,Masculino,12,35.2,1,45,10.4,1,Comercio & Retail
0,9.11,21.7,54,Masculino,4,58.5,0,1,38.8,0,Tecnología
0,11.24,38.9,40,Femenino,6,50.1,0,1,52.5,0,Manufactura
0,13.55,63.7,46,Femenino,12,59.8,0,1,16.6,0,Logística
1,47.95,64.6,38,Femenino,12,43.0,1,450,14.4,1,Servicios Personales
0,18.21,86.8,62,Femenino,16,31.7,0,4,42.4,0,Comercio & Retail
0,7.32,27.7,62,Masculino,4,46.7,0,2,16.8,0,Comercio & Retail
0,12.87,71.3,44,Masculino,13,20.1,0,1,14.6,0,Servicios Personales
0,14.12,65.3,56,Masculino,11,53.5,0,2,62.0,0,Manufactura
0,11.19,44.0,57,Masculino,6,37.1,0,2,19.7,1,Comercio & Retail
0,8.79,31.8,30,Masculino,3,27.2,0,1,48.1,0,Tecnología
1,51.43,76.5,40,Femenino,14,39.6,1,12,36.4,1,Servicios Personales
0,11.81,41.2,33,Masculino,6,53.1,0,2,12.0,0,Comercio & Retail
0,6.09,15.8,47,Masculino,5,34.3,0,2,38.9,0,Manufactura
0,11.56,52.9,21,Masculino,12,40.6,0,1,11.9,1,Manufactura
0,12.27,42.1,57,Masculino,10,50.8,0,4,8.4,1,Comercio & Retail
0,11.9,52.3,33,Masculino,12,36.7,0,1,12.2,1,Manufactura
0,10.2,53.1,48,Masculino,12,51.2,0,2,43.7,1,Manufactura
1,59.63,100.0,59,Masculino,22,40.9,1,45,15.8,1,Agroindustria
1,47.11,80.3,42,Femenino,13,42.9,1,45,23.7,1,Servicios Personales
0,14.36,73.4,61,Masculino,13,49.5,0,2,37.1,0,Comercio & Retail
0,9.47,33.1,29,Masculino,7,69.6,0,1,43.6,0,Agroindustria
1,43.16,69.8,43,Femenino,16,44.4,1,12,10.9,1,Servicios Personales
0,10.09,40.5,54,Femenino,8,52.0,0,1,6.5,0,Comercio & Retail
0,14.21,35.7,50,Masculino,7,74.4,0,1,29.2,0,Logística
0,14.11,64.2,45,Femenino,9,49.2,1,1,36.7,1,Agroindustria
0,12.8,49.4,26,Femenino,12,49.1,0,1,10.6,0,Servicios Personales
0,10.34,50.1,29,Masculino,8,58.7,0,1,8.4,1,Agroindustria
0,9.0,30.3,22,Masculino,7,43.9,0,1,52.0,0,Manufactura
0,12.47,48.0,45,Masculino,7,35.4,0,1,39.3,1,Comercio & Retail
0,12.88,55.2,52,Femenino,11,14.9,0,2,0.9,0,Manufactura
0,11.53,51.8,22,Femenino,12,70.8,0,4,29.6,1,Tecnología
0,13.74,57.4,51,Femenino,12,38.8,0,2,17.8,0,Tecnología
0,11.77,36.0,63,Femenino,4,44.9,0,4,9.6,0,Servicios Personales
0,12.04,26.7,51,Femenino,7,27.6,0,1,36.8,0,Comercio & Retail
0,12.45,64.7,30,Masculino,14,54.4,0,2,21.6,1,Comercio & Retail
0,15.15,45.1,56,Masculino,8,63.2,1,1,59.4,0,Comercio & Retail
0,14.07,45.2,59,Femenino,11,69.4,0,1,31.6,1,Comercio & Retail
1,52.98,85.5,62,Femenino,20,43.8,1,12,5.0,1,Agroindustria
0,9.54,33.5,31,Masculino,1,48.6,0,1,20.9,0,Manufactura
0,11.74,41.8,28,Masculino,10,66.9,0,2,45.7,0,Comercio & Retail
1,44.35,61.6,59,Femenino,13,41.3,1,45,1.1,1,Tecnología
0,10.34,43.8,55,Masculino,6,54.5,0,1,10.7,0,Logística
0,10.13,50.3,21,Femenino,9,47.0,0,2,63.2,0,Manufactura
0,8.53,29.3,50,Femenino,5,54.0,0,1,14.6,0,Comercio & Retail
0,15.38,70.8,24,Femenino,12,39.4,0,2,49.3,1,Servicios Personales
0,8.17,22.2,58,Masculino,7,17.9,0,4,42.4,0,Comercio & Retail
0,15.81,54.0,25,Femenino,8,67.1,0,1,15.8,0,Manufactura
0,13.64,57.5,54,Femenino,13,28.1,0,1,12.5,1,Manufactura
0,11.4,37.4,27,Femenino,12,58.6,0,1,19.7,0,Comercio & Retail
1,54.05,92.6,60,Masculino,14,43.5,1,12,39.3,0,Comercio & Retail
1,50.43,83.4,32,Femenino,17,43.1,1,450,25.4,1,Agroindustria
1,47.41,62.7,55,Femenino,10,33.1,1,450,18.5,1,Manufactura
0,16.31,97.8,32,Femenino,18,48.6,0,1,38.3,0,Agroindustria
0,12.06,49.8,22,Femenino,11,48.0,0,1,19.5,0,Manufactura
1,46.74,72.4,46,Masculino,15,46.5,1,120,41.3,1,Servicios Personales
1,47.07,54.6,36,Femenino,10,41.7,1,45,4.6,1,Logística
1,40.99,60.0,27,Femenino,13,44.0,1,120,42.7,1,Comercio & Retail
1,42.01,58.9,29,Masculino,8,36.9,1,120,23.8,1,Manufactura
0,12.7,88.3,21,Femenino,15,49.6,0,1,5.0,1,Tecnología
0,16.32,69.7,48,Femenino,14,40.0,0,2,28.7,1,Comercio & Retail
0,14.18,56.0,35,Femenino,9,20.6,0,2,17.5,0,Logística
1,43.86,67.5,33,Masculino,11,40.4,1,120,15.3,1,Manufactura
0,11.14,41.8,57,Masculino,6,40.5,0,8,13.9,0,Servicios Personales
0,12.91,65.2,53,Masculino,14,42.7,0,1,33.1,1,Tecnología
0,10.42,42.2,42,Masculino,13,53.2,0,1,32.0,0,Manufactura
0,10.04,35.9,40,Masculino,5,38.7,0,2,22.6,0,Agroindustria
1,53.82,95.0,29,Masculino,18,49.0,1,45,12.5,1,Comercio & Retail
0,14.53,53.6,51,Masculino,12,46.1,0,2,28.7,0,Manufactura
0,14.91,52.7,53,Femenino,9,65.2,0,1,24.7,0,Comercio & Retail
1,52.31,79.5,54,Femenino,15,40.1,1,120,22.1,1,Comercio & Retail
0,11.37,51.5,20,Masculino,8,51.8,0,2,28.8,0,Manufactura
1,48.84,76.2,26,Masculino,15,44.8,1,450,13.8,1,Tecnología
0,8.22,29.0,35,Femenino,6,49.0,0,1,25.4,1,Logística
0,12.57,63.1,60,Masculino,9,65.4,0,1,5.4,1,Comercio & Retail
0,13.7,54.6,52,Masculino,10,54.1,0,2,61.1,1,Manufactura
0,9.65,41.6,51,Femenino,8,63.4,0,1,20.6,0,Agroindustria
0,8.45,26.6,58,Femenino,7,63.5,0,1,14.2,0,Comercio & Retail
0,9.9,51.0,31,Masculino,8,50.1,0,2,22.2,0,Tecnología
0,14.21,71.6,21,Femenino,8,66.8,0,2,21.1,0,Manufactura
0,13.7,44.6,46,Masculino,8,39.1,0,4,32.0,0,Comercio & Retail
0,15.44,70.1,58,Masculino,15,56.5,1,2,44.1,1,Comercio & Retail
0,14.32,62.9,62,Masculino,12,68.7,0,4,36.1,0,Servicios Personales
0,11.45,54.2,32,Femenino,10,35.9,0,4,13.6,0,Tecnología
1,47.72,63.3,45,Masculino,13,42.9,1,120,20.9,1,Comercio & Retail
0,11.92,75.8,59,Femenino,10,40.6,0,4,13.8,0,Servicios Personales
0,12.33,43.4,33,Femenino,7,66.9,0,1,10.7,1,Comercio & Retail
0,9.27,18.0,29,Masculino,4,55.0,0,1,39.9,0,Logística
0,14.17,59.2,22,Femenino,14,59.1,1,1,36.0,0,Servicios Personales
0,12.19,34.4,51,Femenino,2,40.1,0,1,14.4,0,Agroindustria
0,10.63,33.8,59,Femenino,4,45.2,0,1,28.7,0,Comercio & Retail
0,11.19,59.5,18,Masculino,12,21.1,0,2,5.8,0,Manufactura
0,12.3,50.7,56,Femenino,10,31.5,0,4,7.7,0,Manufactura
1,47.03,86.0,49,Masculino,16,39.2,1,12,26.0,1,Manufactura
0,11.31,39.1,43,Masculino,8,53.2,0,1,27.2,0,Servicios Personales
1,44.94,65.5,34,Masculino,13,39.9,1,120,41.9,1,Manufactura
0,12.71,58.3,44,Masculino,9,49.6,1,2,36.2,0,Servicios Personales
1,44.75,55.6,41,Femenino,12,39.9,1,12,19.3,1,Agroindustria
1,41.83,71.7,52,Femenino,11,44.3,1,12,9.5,1,Manufactura
0,9.92,46.6,63,Femenino,12,65.4,0,4,28.4,0,Logística
0,14.35,59.4,59,Femenino,11,64.6,1,1,17.8,0,Manufactura
1,49.15,59.8,56,Masculino,11,48.2,0,120,57.3,1,Comercio & Retail
0,10.16,17.8,43,Femenino,6,38.4,0,1,18.7,1,Comercio & Retail
0,9.48,47.6,55,Femenino,10,55.3,0,1,35.2,0,Servicios Personales
0,15.27,69.0,40,Masculino,12,36.2,0,2,21.7,1,Comercio & Retail
0,12.44,47.8,39,Masculino,10,44.2,0,1,52.7,1,Comercio & Retail
0,13.67,52.4,21,Masculino,10,56.7,0,1,14.5,0,Tecnología
0,9.29,22.9,26,Masculino,3,51.6,0,2,10.6,1,Tecnología
1,56.77,88.7,21,Masculino,16,36.8,1,120,3.8,1,Comercio & Retail
0,9.0,38.4,24,Masculino,5,53.7,0,1,11.0,0,Agroindustria
0,12.15,42.5,40,Femenino,8,37.6,0,2,47.3,1,Manufactura
0,10.06,35.8,19,Masculino,7,38.3,0,1,47.9,0,Comercio & Retail
1,41.46,67.7,41,Masculino,11,39.8,1,45,9.5,1,Servicios Personales
0,12.27,60.4,57,Femenino,11,40.3,0,1,48.1,0,Comercio & Retail
1,50.64,77.1,48,Femenino,13,40.9,0,120,27.5,1,Comercio & Retail
1,47.43,73.2,64,Masculino,13,42.2,1,45,33.7,0,Logística
0,12.49,50.3,48,Masculino,17,29.5,0,2,40.5,0,Comercio & Retail
0,13.75,61.7,64,Femenino,9,53.3,0,1,27.7,1,Manufactura
0,10.2,44.2,57,Femenino,7,56.6,0,2,36.5,0,Servicios Personales
1,45.24,53.5,60,Masculino,9,38.3,1,45,26.4,1,Agroindustria
0,5.24,18.9,51,Masculino,6,50.2,1,1,18.9,0,Comercio & Retail
0,11.27,46.1,41,Femenino,9,33.3,0,1,29.3,0,Servicios Personales
0,10.16,31.6,43,Femenino,4,61.3,0,1,6.8,1,Servicios Personales
0,9.66,30.2,33,Masculino,7,42.7,0,1,9.6,0,Comercio & Retail
0,9.75,44.3,64,Femenino,4,49.2,0,1,16.7,0,Logística
0,17.32,82.5,30,Masculino,15,45.2,0,8,38.8,0,Manufactura
0,12.71,51.0,32,Femenino,10,62.5,0,4,11.3,0,Comercio & Retail
1,58.45,100.0,44,Femenino,17,42.9,0,45,48.4,1,Manufactura
1,51.05,74.7,21,Femenino,14,45.0,1,450,40.5,1,Comercio & Retail
0,15.4,88.7,33,Femenino,15,70.6,0,1,24.4,0,Servicios Personales
0,12.18,42.8,47,Femenino,9,54.5,0,2,22.9,0,Comercio & Retail
0,15.43,67.8,61,Femenino,12,43.8,0,1,60.3,0,Logística
0,11.9,56.4,47,Masculino,7,47.9,0,1,7.1,1,Servicios Personales
0,10.49,58.8,53,Femenino,8,59.7,0,2,39.2,0,Agroindustria
0,14.37,65.1,20,Masculino,10,52.7,0,1,16.2,0,Comercio & Retail
0,13.97,39.4,39,Femenino,3,53.2,0,1,47.7,0,Comercio & Retail
1,45.39,62.3,39,Masculino,8,39.0,1,45,21.2,1,Comercio & Retail
0,11.12,43.9,29,Femenino,13,60.9,0,2,34.4,0,Comercio & Retail
0,11.38,42.7,38,Femenino,8,62.6,0,2,7.7,1,Servicios Personales
0,9.04,25.6,21,Masculino,7,51.0,0,2,25.2,0,Agroindustria
0,11.98,33.7,48,Masculino,9,41.7,0,4,28.4,0,Comercio & Retail
1,41.85,61.8,61,Masculino,13,49.4,1,450,53.2,1,Agroindustria
0,14.75,54.7,48,Masculino,11,45.4,1,1,35.3,1,Comercio & Retail
0,13.8,64.6,40,Masculino,9,45.3,0,2,24.2,0,Comercio & Retail
0,11.85,43.1,37,Femenino,10,53.2,0,2,26.0,0,Manufactura
0,14.48,68.8,32,Masculino,13,55.8,0,1,43.0,1,Manufactura
0,16.76,91.0,40,Masculino,15,50.6,0,1,13.6,0,Agroindustria
0,10.7,45.5,45,Masculino,8,54.1,0,1,13.7,0,Servicios Personales
1,53.89,74.5,33,Masculino,10,45.5,1,120,44.3,1,Agroindustria
1,42.32,56.2,54,Femenino,15,42.3,1,120,36.6,1,Agroindustria
1,42.23,54.5,38,Femenino,12,46.0,1,45,12.4,1,Tecnología
0,11.95,50.4,32,Masculino,5,44.6,0,8,55.7,1,Comercio & Retail
0,11.48,36.2,34,Masculino,7,45.1,0,4,53.6,0,Comercio & Retail
0,11.87,40.6,54,Masculino,7,22.4,0,1,37.0,0,Servicios Personales
1,48.29,63.7,30,Masculino,8,49.2,1,120,24.1,1,Comercio & Retail
1,42.87,65.6,36,Femenino,11,37.3,1,45,62.1,1,Comercio & Retail
0,11.84,66.6,47,Femenino,17,48.6,0,1,37.9,0,Servicios Personales
0,13.39,61.2,62,Femenino,10,58.5,0,2,70.3,0,Tecnología
1,44.11,59.9,35,Masculino,13,40.3,1,120,17.2,1,Servicios Personales
0,14.82,66.1,31,Masculino,14,58.5,0,1,60.8,0,Agroindustria
1,54.51,78.1,53,Femenino,16,38.3,1,12,61.6,1,Servicios Personales
1,43.9,65.2,53,Masculino,14,44.3,1,12,68.6,1,Comercio & Retail
0,9.35,47.9,37,Femenino,7,46.4,0,1,17.7,0,Comercio & Retail
0,9.44,22.3,36,Femenino,4,43.6,0,1,59.8,0,Servicios Personales
1,38.86,50.0,62,Masculino,8,38.2,1,120,40.7,1,Manufactura
0,14.28,66.6,61,Femenino,11,42.5,0,4,31.2,0,Manufactura
0,10.92,42.3,24,Masculino,7,51.3,0,1,34.9,0,Comercio & Retail
0,10.0,31.7,61,Masculino,4,60.9,0,1,39.6,0,Manufactura
0,9.92,35.9,21,Masculino,5,32.5,0,1,47.9,0,Logística
0,18.23,100.0,51,Femenino,21,35.7,0,1,31.6,0,Tecnología
0,11.52,50.0,19,Femenino,9,60.8,0,1,51.3,1,Comercio & Retail
1,56.89,81.5,22,Masculino,17,43.0,1,120,2.6,1,Manufactura
0,11.39,49.8,27,Masculino,9,52.8,0,2,63.1,0,Manufactura
1,48.22,68.9,49,Masculino,13,37.9,1,120,28.6,1,Servicios Personales
0,12.56,46.7,59,Femenino,9,39.5,0,4,47.6,1,Tecnología
0,10.33,53.5,58,Femenino,10,39.7,0,1,31.4,0,Comercio & Retail
1,47.63,76.9,30,Masculino,13,48.2,1,120,40.8,1,Comercio & Retail
0,16.88,67.1,56,Masculino,8,44.0,0,1,34.1,0,Manufactura
0,9.78,59.6,22,Femenino,5,44.8,0,4,17.2,0,Servicios Personales
0,11.31,44.3,27,Femenino,7,43.2,0,4,54.3,1,Comercio & Retail
0,7.07,32.7,27,Masculino,7,41.1,0,1,71.7,1,Servicios Personales
0,10.36,52.6,55,Femenino,10,40.0,0,1,37.6,0,Comercio & Retail
0,8.13,28.5,44,Femenino,3,63.1,0,1,23.5,0,Comercio & Retail
0,15.22,69.8,38,Femenino,11,57.0,1,1,37.7,1,Agroindustria
0,14.07,67.8,25,Femenino,15,49.3,0,1,49.1,1,Comercio & Retail
0,12.53,45.8,18,Masculino,8,72.4,0,1,59.7,1,Manufactura
0,12.35,36.9,45,Femenino,8,56.3,0,4,29.9,1,Comercio & Retail
1,56.02,99.7,56,Femenino,17,40.6,1,12,12.4,1,Logística
0,17.11,84.4,31,Femenino,16,63.3,0,1,0.8,1,Manufactura
0,14.39,59.5,38,Femenino,12,49.8,0,4,2.7,1,Agroindustria
0,8.71,43.6,47,Masculino,7,65.7,0,1,49.1,0,Agroindustria
0,14.83,49.5,38,Femenino,12,55.6,0,1,14.9,0,Logística
0,12.06,43.5,26,Masculino,6,39.4,0,1,10.9,0,Manufactura
0,10.71,38.9,34,Femenino,5,53.3,0,1,10.5,1,Comercio & Retail
0,10.95,45.3,22,Femenino,12,28.3,0,4,44.7,0,Servicios Personales
0,14.02,39.7,48,Femenino,8,44.4,0,1,22.1,1,Manufactura
0,6.87,20.0,57,Femenino,2,66.5,0,1,38.4,0,Comercio & Retail
1,42.83,60.1,55,Masculino,12,43.9,1,12,28.6,1,Comercio & Retail
1,49.93,73.9,60,Femenino,16,38.8,1,45,36.4,1,Comercio & Retail
0,12.93,68.3,36,Masculino,13,60.4,0,2,49.7,0,Servicios Personales
1,46.5,60.9,53,Femenino,8,42.7,1,45,20.5,1,Logística
0,10.76,27.8,50,Femenino,2,45.9,0,4,19.1,1,Comercio & Retail
0,13.45,70.8,30,Femenino,11,45.4,0,1,22.4,0,Tecnología
0,11.0,50.6,31,Masculino,8,29.6,0,1,14.1,1,Servicios Personales
0,11.01,39.8,50,Femenino,7,50.1,0,2,23.8,0,Logística
0,7.42,25.2,46,Femenino,3,37.0,0,2,50.5,1,Tecnología
1,63.83,91.0,60,Femenino,17,37.8,1,45,12.2,1,Comercio & Retail
0,8.64,44.4,53,Femenino,6,41.0,0,1,6.3,0,Agroindustria
0,9.31,40.3,61,Masculino,3,55.9,0,1,20.3,0,Servicios Personales
0,14.43,79.1,27,Masculino,16,46.9,0,1,21.5,0,Servicios Personales
0,10.87,41.0,48,Masculino,10,53.8,0,1,20.7,1,Servicios Personales
0,12.27,53.1,23,Masculino,10,24.4,0,8,39.0,1,Comercio & Retail
0,15.06,44.1,18,Masculino,11,37.6,0,1,25.9,0,Logística
1,44.28,61.7,24,Femenino,12,52.4,1,45,38.4,1,Agroindustria
1,39.62,47.3,44,Masculino,11,37.1,1,120,18.4,1,Servicios Personales
0,9.04,30.1,38,Femenino,4,42.1,0,8,23.3,0,Comercio & Retail
0,10.64,32.5,45,Femenino,4,27.1,0,2,16.6,0,Comercio & Retail
0,8.55,41.8,33,Masculino,7,63.2,0,2,49.5,0,Servicios Personales
0,9.02,44.2,63,Masculino,8,58.9,0,2,20.0,0,Servicios Personales
0,7.63,47.2,40,Masculino,9,35.7,0,1,27.3,1,Logística
1,46.1,70.3,37,Masculino,11,45.7,1,120,19.7,1,Manufactura
0,15.07,53.8,55,Femenino,9,54.1,0,1,33.2,0,Agroindustria
0,8.53,27.8,42,Femenino,7,54.7,0,1,16.7,0,Agroindustria
1,46.78,60.3,45,Femenino,11,39.1,1,450,33.9,1,Manufactura
1,52.93,82.2,22,Masculino,13,44.3,1,12,65.5,1,Servicios Personales
0,12.51,38.4,38,Masculino,7,10.0,1,2,8.2,1,Comercio & Retail
0,10.5,31.2,35,Femenino,5,52.5,0,8,21.2,0,Comercio & Retail
0,14.71,65.3,64,Femenino,11,50.3,1,1,50.4,0,Tecnología
0,12.66,38.4,23,Femenino,8,54.5,0,4,41.8,0,Manufactura
1,50.52,55.2,46,Masculino,13,44.6,1,12,24.7,1,Comercio & Retail
0,6.89,23.4,36,Masculino,6,46.0,0,4,16.9,0,Comercio & Retail
0,11.93,41.8,50,Femenino,5,66.3,0,1,43.6,1,Servicios Personales
0,12.68,55.7,18,Masculino,8,43.6,0,1,42.4,1,Comercio & Retail
1,39.97,57.1,62,Masculino,12,42.7,1,12,22.5,1,Comercio & Retail
0,8.02,39.5,20,Femenino,9,35.9,0,8,34.8,0,Agroindustria
0,15.14,63.7,59,Masculino,10,51.6,0,1,19.8,0,Comercio & Retail
0,9.96,45.7,38,Femenino,8,63.1,0,1,44.6,1,Comercio & Retail
0,12.68,50.9,52,Femenino,14,57.1,0,1,35.2,1,Servicios Personales
1,51.99,66.7,58,Femenino,12,45.6,1,12,52.7,1,Agroindustria
0,11.96,33.9,57,Masculino,4,16.9,0,4,52.4,0,Servicios Personales
0,16.77,80.9,20,Masculino,13,55.1,0,8,6.2,0,Logística
0,15.25,71.4,42,Femenino,12,57.5,0,1,30.9,0,Manufactura
0,16.0,80.0,62,Masculino,14,47.7,0,1,24.6,0,Tecnología
0,8.23,38.2,55,Femenino,8,51.3,0,2,10.4,0,Servicios Personales
0,9.23,25.5,62,Masculino,6,52.4,0,4,10.3,1,Logística
0,12.45,60.1,37,Masculino,10,57.2,0,1,30.5,0,Comercio & Retail
0,13.27,59.2,61,Femenino,11,53.2,0,1,33.4,1,Comercio & Retail
1,53.98,81.5,62,Femenino,15,34.9,0,45,4.4,1,Logística
1,45.19,64.3,51,Masculino,12,44.1,1,12,45.2,1,Manufactura
1,44.68,73.4,38,Femenino,11,32.9,1,12,50.7,1,Comercio & Retail
0,9.61,50.7,40,Masculino,10,60.1,0,4,42.5,0,Comercio & Retail
0,14.19,55.4,23,Masculino,10,62.6,0,2,26.4,0,Comercio & Retail
0,12.06,44.7,30,Masculino,9,60.3,0,1,32.5,0,Comercio & Retail
0,11.98,58.3,40,Femenino,13,71.7,0,1,21.8,0,Agroindustria
0,10.41,44.2,26,Femenino,4,51.2,0,4,24.0,1,Manufactura
0,9.02,53.9,34,Femenino,10,52.6,0,1,4.9,1,Comercio & Retail
1,57.88,95.7,19,Masculino,14,37.0,1,12,11.0,1,Comercio & Retail
0,8.28,25.6,36,Femenino,6,67.2,0,2,25.9,1,Agroindustria
1,51.42,84.0,36,Femenino,17,46.0,1,12,42.6,1,Manufactura
0,11.01,40.6,24,Masculino,6,31.2,0,2,48.1,0,Servicios Personales
1,46.95,59.5,59,Masculino,8,43.4,1,120,7.4,0,Manufactura
0,13.35,62.2,59,Femenino,14,36.4,0,1,31.2,0,Comercio & Retail
0,16.65,73.0,37,Masculino,16,37.1,1,1,13.1,1,Comercio & Retail
0,10.22,44.9,26,Masculino,11,35.3,0,4,4.8,1,Manufactura
0,15.67,73.7,34,Femenino,11,69.1,0,1,4.8,0,Manufactura
1,54.68,65.8,44,Femenino,17,45.9,1,45,31.0,1,Comercio & Retail
0,12.29,36.2,64,Masculino,5,50.6,0,1,10.8,1,Servicios Personales
0,11.02,52.0,19,Masculino,3,28.3,0,1,9.8,0,Manufactura
0,9.91,38.4,53,Femenino,3,46.1,0,2,43.6,0,Manufactura
0,13.27,55.3,36,Femenino,7,31.3,0,2,32.0,0,Logística
1,44.08,60.1,34,Femenino,7,40.7,1,45,23.3,1,Comercio & Retail
0,14.65,60.7,22,Masculino,11,57.3,0,1,21.9,1,Agroindustria
0,15.57,72.7,56,Femenino,14,39.7,0,4,8.0,0,Tecnología
1,42.34,67.0,35,Femenino,13,43.4,1,120,32.0,0,Servicios Personales
1,47.17,66.2,24,Masculino,13,50.4,1,12,20.8,1,Servicios Personales
0,10.55,32.9,34,Masculino,6,40.3,0,1,5.0,1,Servicios Personales
1,48.02,72.8,56,Masculino,11,35.8,1,45,24.3,1,Servicios Personales
0,11.57,37.7,53,Femenino,7,39.3,0,1,12.7,1,Manufactura
0,12.9,60.2,57,Femenino,12,51.7,0,1,3.0,0,Tecnología
0,13.81,41.8,62,Femenino,10,77.4,0,4,51.7,0,Servicios Personales
0,14.95,75.3,21,Masculino,13,50.3,0,2,7.0,1,Servicios Personales
1,61.93,100.0,55,Masculino,19,42.1,1,12,45.4,1,Agroindustria
0,9.98,32.7,42,Femenino,10,55.4,0,1,10.9,0,Manufactura
0,13.0,54.5,22,Femenino,6,45.9,0,2,56.3,0,Agroindustria
0,10.8,38.4,47,Masculino,4,52.3,0,2,14.4,0,Comercio & Retail
0,14.04,55.7,29,Masculino,7,54.7,0,4,22.9,0,Agroindustria
1,53.34,74.7,21,Femenino,14,44.8,1,45,26.6,1,Comercio & Retail
0,14.47,69.0,41,Masculino,12,34.6,0,2,29.5,1,Comercio & Retail
0,11.91,62.3,46,Masculino,11,51.9,0,1,52.6,1,Comercio & Retail
0,7.52,49.0,26,Masculino,11,34.8,0,4,58.4,0,Tecnología
0,13.29,65.8,21,Masculino,13,35.4,0,1,49.4,0,Servicios Personales
0,7.81,26.1,41,Masculino,4,62.7,0,1,19.8,0,Comercio & Retail
1,50.03,81.9,31,Masculino,14,43.7,1,12,25.9,1,Agroindustria
0,12.95,56.3,22,Masculino,11,56.5,0,4,30.7,1,Agroindustria
0,10.89,39.9,35,Femenino,5,54.1,0,1,22.7,1,Comercio & Retail
0,12.09,48.1,59,Femenino,11,48.8,0,1,18.8,0,Comercio & Retail
0,12.83,53.4,36,Masculino,5,56.1,0,1,19.1,1,Servicios Personales
0,16.47,65.6,29,Masculino,12,47.3,0,2,53.3,0,Manufactura
0,9.46,41.5,35,Masculino,10,30.7,0,8,66.7,1,Manufactura
0,8.83,49.1,34,Femenino,6,52.2,0,1,48.5,0,Manufactura
0,13.29,65.5,47,Masculino,12,26.1,0,2,18.1,1,Logística
0,14.7,74.9,41,Femenino,13,23.8,0,2,36.0,0,Servicios Personales
0,15.76,78.5,28,Masculino,8,48.8,0,1,30.1,1,Comercio & Retail
1,47.34,78.5,52,Femenino,13,32.5,1,450,20.1,1,Comercio & Retail
0,14.2,61.9,40,Femenino,9,53.7,0,1,61.1,0,Servicios Personales
0,13.86,63.4,34,Femenino,13,53.5,0,1,23.0,0,Comercio & Retail
1,44.02,56.1,18,Masculino,10,39.8,1,12,46.9,1,Logística
0,13.14,67.4,32,Femenino,14,48.2,0,1,64.0,1,Comercio & Retail
0,7.06,29.9,49,Femenino,7,52.6,0,1,24.8,1,Logística
0,9.41,38.7,26,Femenino,7,49.9,0,1,2.4,0,Tecnología
0,12.79,54.4,32,Femenino,7,47.1,0,1,51.2,0,Logística
0,16.61,58.8,45,Masculino,10,38.0,0,2,34.4,0,Servicios Personales
0,10.65,39.3,41,Femenino,9,58.5,0,1,13.5,0,Comercio & Retail
1,43.06,57.9,52,Femenino,11,34.1,1,120,21.8,1,Manufactura
0,12.22,31.1,39,Masculino,6,46.2,0,1,63.5,0,Comercio & Retail
0,13.21,47.7,44,Masculino,7,47.8,0,1,14.1,1,Comercio & Retail
0,15.39,68.2,36,Masculino,15,69.5,0,1,48.7,1,Manufactura
0,13.23,53.5,62,Masculino,11,51.2,0,2,21.5,0,Comercio & Retail
0,10.69,50.1,29,Masculino,12,38.1,0,8,30.3,0,Logística
0,15.42,67.6,37,Femenino,9,62.1,0,1,27.0,0,Manufactura
0,14.4,58.5,18,Masculino,11,47.2,1,1,43.5,0,Manufactura
0,7.85,45.9,38,Masculino,8,29.5,0,2,14.3,1,Servicios Personales
0,10.06,30.3,62,Masculino,3,61.1,0,1,29.4,0,Logística
1,56.37,75.1,18,Masculino,14,39.0,1,45,50.7,1,Comercio & Retail
0,10.98,52.1,27,Masculino,11,45.6,0,2,40.0,0,Servicios Personales
0,11.77,45.4,64,Femenino,7,50.6,0,2,49.8,0,Tecnología
0,12.23,55.9,49,Femenino,10,46.9,0,1,22.5,1,Tecnología
0,15.41,57.2,56,Masculino,8,39.0,0,4,15.2,1,Logística
1,57.05,86.5,39,Masculino,16,41.9,1,120,42.1,1,Tecnología
0,12.24,66.9,35,Femenino,13,49.6,0,2,17.4,0,Comercio & Retail
0,13.05,39.2,63,Masculino,6,49.8,0,1,29.6,1,Manufactura
0,8.12,32.9,49,Masculino,5,50.2,0,4,16.9,1,Comercio & Retail
0,16.84,60.1,44,Femenino,11,49.2,0,4,22.1,0,Comercio & Retail
0,13.44,58.7,45,Masculino,11,50.6,0,1,35.0,0,Manufactura
1,45.38,64.6,35,Masculino,12,41.9,1,12,31.1,1,Comercio & Retail
0,11.45,36.3,56,Femenino,9,57.1,0,8,1.3,1,Comercio & Retail
0,11.2,40.6,46,Masculino,8,63.7,0,2,53.9,1,Tecnología
0,13.69,77.4,35,Femenino,12,50.5,1,1,6.1,0,Manufactura
1,42.39,56.4,61,Femenino,12,44.8,1,12,44.9,1,Agroindustria
1,46.24,73.6,25,Femenino,15,42.5,0,120,20.3,1,Comercio & Retail
0,15.07,69.1,48,Masculino,13,32.0,1,1,33.3,1,Comercio & Retail
0,9.23,41.3,51,Femenino,7,44.5,0,1,42.0,0,Agroindustria
0,14.0,53.3,24,Femenino,11,60.5,0,1,62.0,1,Servicios Personales
0,14.2,60.2,53,Masculino,9,44.6,0,4,16.5,1,Comercio & Retail
0,6.74,28.6,35,Femenino,6,55.8,0,4,63.6,0,Comercio & Retail
0,8.51,6.4,55,Masculino,3,33.1,0,1,6.3,1,Tecnología
1,59.97,100.0,26,Masculino,19,45.0,1,120,29.2,1,Comercio & Retail
0,9.32,34.1,26,Masculino,8,61.7,0,1,29.2,0,Manufactura
1,44.66,62.2,63,Masculino,10,32.5,1,450,54.2,1,Servicios Personales
1,37.88,55.1,25,Femenino,11,42.6,1,45,30.7,1,Tecnología
1,45.03,70.0,52,Femenino,10,39.6,0,12,37.5,1,Logística
0,9.76,12.5,35,Masculino,0,37.8,0,2,49.5,0,Comercio & Retail
0,13.49,45.6,22,Masculino,9,51.1,0,1,41.3,0,Manufactura
0,15.53,91.9,31,Femenino,17,59.4,1,1,36.8,0,Manufactura
0,11.32,63.4,45,Masculino,9,63.7,1,2,22.2,1,Servicios Personales
1,54.89,95.2,47,Femenino,16,43.3,1,450,41.0,1,Manufactura
0,8.09,29.9,21,Masculino,10,32.1,0,2,23.5,0,Agroindustria
0,8.68,31.2,56,Masculino,9,39.4,0,4,53.0,0,Comercio & Retail
0,13.03,48.1,37,Masculino,11,43.1,0,4,47.5,0,Logística
0,12.27,43.8,42,Masculino,10,74.3,0,1,42.3,0,Manufactura
0,13.09,50.1,45,Masculino,10,35.8,0,4,22.1,0,Comercio & Retail
0,11.24,47.5,29,Femenino,8,53.2,0,1,19.3,0,Comercio & Retail
0,14.62,36.9,19,Masculino,5,58.4,0,1,8.8,0,Comercio & Retail
0,16.73,68.5,60,Masculino,12,46.1,0,2,17.7,0,Comercio & Retail
0,12.2,48.0,31,Masculino,10,43.3,0,8,30.9,0,Logística
1,53.42,78.1,39,Masculino,16,47.6,1,120,16.4,1,Comercio & Retail
0,12.96,54.4,48,Femenino,10,44.6,0,2,31.3,1,Servicios Personales
0,10.14,31.2,40,Masculino,4,40.3,1,2,16.8,0,Servicios Personales
0,13.82,53.9,37,Masculino,11,41.1,0,1,17.5,0,Tecnología
0,12.82,57.1,55,Femenino,10,56.2,0,1,23.3,1,Logística
0,9.55,36.6,21,Femenino,8,45.7,0,2,25.6,0,Servicios Personales
1,54.7,80.2,32,Masculino,12,50.4,1,45,17.3,1,Comercio & Retail
0,11.87,54.2,41,Femenino,12,45.2,0,4,9.8,1,Manufactura
0,10.27,39.0,42,Femenino,5,61.5,0,1,24.1,1,Logística
0,9.12,43.8,18,Femenino,8,65.2,0,1,9.8,1,Comercio & Retail
0,14.57,66.1,24,Masculino,14,49.9,0,2,24.8,0,Logística
0,9.35,23.9,48,Masculino,6,42.9,0,1,29.1,0,Servicios Personales
0,11.85,45.6,29,Femenino,9,34.5,0,1,23.6,0,Servicios Personales
1,40.33,56.6,59,Masculino,11,43.3,1,45,30.4,1,Manufactura
0,10.51,33.2,22,Masculino,6,47.3,1,1,41.1,0,Manufactura
0,13.82,61.7,61,Femenino,10,51.9,0,4,39.6,0,Agroindustria
1,46.17,71.7,59,Femenino,10,42.6,1,12,49.4,1,Manufactura
0,13.82,50.3,55,Masculino,9,38.2,0,2,14.1,1,Comercio & Retail
0,8.1,36.1,29,Femenino,4,56.3,0,1,68.0,0,Servicios Personales
1,45.89,67.4,56,Masculino,10,37.9,1,120,31.4,1,Servicios Personales
0,10.9,36.3,35,Femenino,8,55.2,0,4,28.8,1,Comercio & Retail
1,50.11,88.7,19,Femenino,14,37.2,1,120,17.6,1,Servicios Personales
1,44.0,49.8,27,Masculino,12,37.6,1,12,62.1,1,Manufactura
0,10.43,43.0,32,Femenino,7,77.8,0,2,55.7,0,Manufactura
0,11.82,53.7,47,Masculino,8,55.3,0,1,12.8,0,Servicios Personales
0,15.66,70.5,61,Femenino,10,62.3,0,4,20.1,1,Servicios Personales
0,11.97,46.9,34,Femenino,8,52.0,0,1,47.1,0,Manufactura
0,8.57,32.0,21,Femenino,4,33.0,1,1,54.1,0,Comercio & Retail
1,44.21,75.3,24,Femenino,11,42.9,0,450,8.5,1,Logística
1,37.81,48.0,58,Femenino,12,46.9,1,12,32.6,1,Comercio & Retail
0,14.48,56.9,48,Femenino,13,41.3,0,1,20.1,0,Comercio & Retail
1,43.43,58.8,56,Masculino,14,52.2,1,12,9.7,1,Manufactura
0,9.9,32.2,51,Masculino,7,56.0,0,2,22.2,0,Comercio & Retail
0,13.62,57.8,23,Femenino,13,54.4,0,1,13.7,0,Tecnología
0,10.28,51.3,55,Masculino,6,47.4,0,2,74.2,0,Manufactura
1,45.62,74.2,62,Femenino,11,37.4,1,45,10.0,1,Servicios Personales
0,11.28,46.8,51,Femenino,7,62.9,0,1,25.7,0,Agroindustria
1,51.71,72.8,61,Masculino,12,32.4,1,12,69.2,1,Comercio & Retail
0,9.97,39.2,32,Femenino,4,61.3,0,2,10.5,0,Manufactura
0,12.64,63.0,31,Masculino,12,45.2,0,1,28.5,0,Tecnología
0,13.42,52.3,23,Femenino,7,52.4,0,1,14.5,0,Manufactura
1,51.4,70.6,54,Masculino,12,43.5,1,120,7.7,1,Comercio & Retail
1,47.29,65.5,49,Masculino,11,40.5,1,45,9.2,1,Tecnología
0,13.87,59.9,20,Femenino,11,41.3,0,2,38.2,1,Tecnología
0,14.67,56.9,20,Femenino,10,40.9,0,1,6.3,1,Agroindustria
0,10.09,37.3,39,Masculino,6,38.2,0,2,41.4,0,Tecnología
1,42.98,61.4,39,Masculino,16,45.6,1,120,39.7,1,Servicios Personales
0,10.56,54.4,27,Femenino,10,69.7,0,1,11.1,0,Tecnología
0,8.8,51.5,20,Femenino,9,43.9,0,1,27.9,0,Servicios Personales
0,13.35,66.1,29,Femenino,15,42.8,0,1,10.1,0,Comercio & Retail
0,13.02,38.2,46,Masculino,7,66.8,0,1,38.7,0,Comercio & Retail
0,14.78,62.0,34,Masculino,10,25.1,0,1,8.2,1,Agroindustria
0,13.23,67.8,24,Femenino,11,21.3,0,1,13.8,0,Manufactura
0,8.12,34.4,30,Femenino,9,51.4,0,2,43.0,0,Manufactura
0,9.02,52.0,19,Masculino,11,51.8,0,1,48.2,1,Agroindustria
0,12.26,55.0,21,Masculino,8,59.7,0,1,27.3,0,Agroindustria
0,10.05,42.4,27,Masculino,10,63.8,0,4,16.3,1,Tecnología
1,39.91,53.7,56,Femenino,10,41.3,1,12,83.3,1,Logística
0,15.01,62.5,41,Masculino,15,26.5,0,1,36.6,0,Logística
0,14.27,70.1,34,Masculino,16,58.6,0,2,21.1,0,Tecnología
0,11.86,62.5,23,Femenino,11,26.0,0,1,44.3,0,Manufactura
0,16.13,81.3,36,Masculino,15,49.3,0,1,29.2,0,Comercio & Retail
0,14.3,53.5,22,Masculino,7,58.1,0,1,58.2,0,Agroindustria
1,56.49,100.0,49,Masculino,19,42.4,1,12,18.4,1,Tecnología
0,11.79,49.1,27,Masculino,9,49.6,0,2,39.8,0,Servicios Personales
0,11.01,53.6,26,Femenino,10,51.4,0,2,46.6,1,Manufactura
1,48.78,75.8,44,Femenino,12,51.2,1,450,28.7,1,Servicios Personales
1,52.55,78.3,30,Femenino,13,40.0,1,120,39.2,1,Manufactura
0,12.46,56.4,36,Masculino,9,69.3,0,1,13.4,1,Comercio & Retail
0,7.6,19.1,38,Femenino,2,49.5,0,1,27.5,1,Servicios Personales
0,14.59,70.4,41,Masculino,12,42.8,0,1,12.6,0,Manufactura
0,8.05,37.1,55,Femenino,7,64.8,0,1,40.6,1,Comercio & Retail
0,10.17,60.4,21,Masculino,13,68.9,0,8,6.1,0,Comercio & Retail
1,47.89,69.8,41,Masculino,13,43.3,1,12,34.5,1,Comercio & Retail
1,47.17,79.7,52,Masculino,11,40.3,1,12,18.6,1,Agroindustria
0,12.47,64.2,20,Masculino,13,36.8,0,2,18.7,0,Comercio & Retail
0,11.59,47.6,21,Masculino,8,60.3,0,2,18.2,0,Servicios Personales
1,43.27,59.2,54,Femenino,15,40.9,0,45,37.5,0,Servicios Personales
0,11.49,49.9,57,Femenino,11,53.1,0,1,33.0,0,Logística
0,9.01,54.6,52,Femenino,9,48.8,0,2,3.7,0,Manufactura
1,51.79,75.8,48,Masculino,14,41.9,1,45,21.2,1,Servicios Personales
0,17.24,62.4,61,Femenino,7,40.5,0,1,4.1,0,Manufactura
0,5.63,12.5,42,Masculino,2,38.3,0,1,6.1,0,Comercio & Retail
0,11.81,36.4,57,Femenino,5,44.9,0,1,30.9,1,Comercio & Retail
1,49.49,70.5,30,Masculino,15,42.4,1,450,29.1,1,Comercio & Retail
1,50.78,61.8,21,Masculino,11,46.6,1,120,17.4,1,Logística
0,9.23,53.6,63,Masculino,11,38.7,1,1,11.5,0,Tecnología
0,12.16,49.7,31,Masculino,13,79.8,0,1,29.4,0,Comercio & Retail
0,13.91,65.4,30,Femenino,11,35.1,0,4,2.9,0,Manufactura
0,12.6,43.6,44,Femenino,9,26.9,0,2,11.1,0,Manufactura
0,12.97,44.7,23,Masculino,8,55.3,0,4,14.9,1,Tecnología
0,10.33,39.7,34,Femenino,6,43.4,0,1,18.9,0,Servicios Personales
0,9.69,38.7,53,Masculino,6,57.4,0,1,26.0,0,Comercio & Retail
0,8.71,29.3,57,Masculino,11,27.2,0,4,52.9,0,Comercio & Retail
0,9.77,35.1,52,Masculino,9,57.2,0,2,20.4,0,Logística
0,13.55,60.2,34,Femenino,12,50.0,0,1,46.8,0,Comercio & Retail
0,15.75,78.0,58,Masculino,10,53.8,0,2,21.0,0,Comercio & Retail
0,8.72,29.7,19,Femenino,6,35.6,0,1,11.0,0,Comercio & Retail
0,13.38,55.3,30,Femenino,11,41.0,0,2,39.5,0,Manufactura
1,47.75,72.5,19,Femenino,11,40.2,1,45,31.0,1,Logística
1,42.52,62.0,45,Femenino,10,48.2,0,120,10.7,1,Manufactura
0,15.53,63.2,60,Femenino,11,42.2,0,4,23.1,1,Comercio & Retail
0,16.87,84.2,43,Femenino,17,60.5,0,1,37.6,1,Servicios Personales
0,7.55,16.0,39,Masculino,5,33.9,0,2,25.2,0,Logística
0,6.1,23.2,64,Femenino,6,49.0,0,1,21.4,0,Servicios Personales
0,6.08,21.8,60,Masculino,4,36.0,0,1,67.1,0,Comercio & Retail
0,13.24,51.0,20,Femenino,10,78.1,0,1,6.3,1,Agroindustria
0,10.72,39.1,52,Femenino,3,47.1,0,1,30.0,0,Logística
0,11.63,59.3,29,Masculino,11,58.7,0,4,33.7,1,Comercio & Retail
0,11.58,48.6,41,Masculino,10,31.5,0,2,15.2,0,Comercio & Retail
0,10.49,44.2,22,Femenino,8,64.9,0,1,13.5,1,Logística
1,49.35,76.7,37,Femenino,12,44.4,1,120,32.4,1,Agroindustria
1,44.81,60.3,56,Femenino,11,38.2,1,120,30.3,0,Logística
1,51.75,85.7,56,Femenino,16,42.2,0,45,46.1,1,Comercio & Retail
0,12.5,58.2,30,Masculino,12,53.1,0,1,26.7,1,Manufactura
0,11.69,35.7,58,Masculino,10,61.9,0,1,52.1,1,Comercio & Retail
0,8.66,25.5,62,Femenino,1,23.0,1,1,38.1,0,Tecnología
0,15.09,74.2,29,Masculino,14,36.3,1,2,14.9,1,Servicios Personales
1,54.58,80.7,30,Femenino,14,38.2,1,12,23.5,1,Comercio & Retail
0,14.19,75.8,27,Masculino,15,55.8,0,2,11.3,0,Manufactura
0,8.21,43.2,50,Masculino,1,42.9,0,1,7.6,0,Logística
0,13.78,49.6,57,Masculino,11,22.1,0,1,29.8,0,Comercio & Retail
0,13.84,56.1,33,Masculino,13,45.2,0,8,20.3,0,Logística
1,47.52,73.2,62,Masculino,15,33.5,1,12,40.6,1,Manufactura
1,47.59,60.0,52,Femenino,12,34.7,1,450,40.7,1,Manufactura
0,9.12,53.0,20,Masculino,10,58.9,0,2,75.7,0,Comercio & Retail
0,10.74,38.0,22,Femenino,6,71.5,0,2,25.0,1,Comercio & Retail
0,12.19,51.8,43,Femenino,10,39.7,0,2,12.8,0,Comercio & Retail
0,14.11,53.5,28,Masculino,11,58.9,0,4,33.8,0,Manufactura
0,13.74,57.1,24,Femenino,13,49.3,0,1,51.8,1,Comercio & Retail
0,8.57,36.6,27,Masculino,4,40.8,0,1,3.6,0,Servicios Personales
0,15.41,70.9,59,Masculino,11,40.1,0,2,21.9,0,Logística
0,14.8,63.9,51,Masculino,4,41.3,0,2,23.2,1,Manufactura
0,14.85,62.7,20,Masculino,11,53.8,0,4,48.7,1,Agroindustria
0,11.39,50.3,25,Femenino,6,73.5,0,1,3.8,1,Agroindustria
0,13.84,37.2,48,Masculino,5,52.9,0,1,17.8,0,Logística
1,52.94,90.1,28,Femenino,17,44.6,1,45,5.2,1,Comercio & Retail
0,10.36,34.3,62,Masculino,5,25.5,0,1,9.0,0,Manufactura
0,10.0,44.1,24,Masculino,8,42.4,0,2,46.5,0,Comercio & Retail
1,37.4,52.6,62,Masculino,10,42.2,1,12,27.7,0,Comercio & Retail
0,9.15,42.0,19,Masculino,2,50.1,0,4,27.8,0,Servicios Personales
0,15.18,84.8,23,Masculino,13,56.8,0,2,34.1,1,Manufactura
0,12.43,34.6,58,Femenino,7,34.4,0,1,17.1,0,Manufactura
0,10.51,44.0,49,Femenino,6,51.0,0,2,72.6,1,Comercio & Retail
1,45.45,68.4,37,Femenino,14,37.9,1,120,16.7,1,Tecnología
0,11.82,52.9,51,Masculino,5,29.9,0,1,12.7,1,Servicios Personales
0,13.43,51.1,33,Masculino,12,45.8,0,2,14.4,0,Servicios Personales
1,44.95,66.4,42,Masculino,10,45.7,1,12,24.2,1,Comercio & Retail
0,13.68,56.0,29,Masculino,10,61.6,0,1,48.8,0,Manufactura
0,12.93,36.4,24,Masculino,10,70.5,0,2,33.1,0,Manufactura
0,15.91,74.2,56,Femenino,10,39.4,0,1,19.2,0,Servicios Personales
0,7.28,5.0,34,Femenino,1,80.0,0,2,13.5,1,Logística
0,10.67,32.8,62,Femenino,7,41.0,0,1,23.4,0,Comercio & Retail
0,11.1,30.6,28,Masculino,7,54.9,0,2,35.7,1,Servicios Personales
1,45.79,84.0,23,Femenino,14,39.5,1,120,57.5,1,Tecnología
0,12.45,52.9,40,Masculino,11,44.5,0,1,13.1,0,Manufactura
0,13.28,43.4,44,Masculino,10,44.3,0,1,16.4,0,Comercio & Retail
0,12.31,89.1,63,Femenino,17,49.6,0,2,14.3,0,Manufactura
0,7.51,11.9,23,Femenino,2,44.6,0,2,26.9,0,Tecnología
0,16.34,79.7,55,Femenino,15,42.7,0,1,36.5,0,Comercio & Retail
0,12.35,58.6,19,Femenino,10,34.5,0,1,35.2,1,Agroindustria
0,9.78,45.5,39,Masculino,7,58.2,0,1,16.8,1,Manufactura
0,9.31,27.5,37,Femenino,8,31.0,0,2,9.8,0,Manufactura
1,44.63,58.6,42,Masculino,8,49.1,1,120,28.8,0,Tecnología
1,52.99,93.7,32,Masculino,16,43.4,1,12,38.9,1,Servicios Personales
0,12.97,68.5,46,Femenino,11,41.3,0,2,18.0,0,Comercio & Retail
0,15.33,74.6,25,Masculino,13,48.8,0,8,1.4,0,Logística
0,7.41,41.3,54,Masculino,7,56.3,0,1,25.3,1,Manufactura
0,13.64,72.3,50,Masculino,10,45.5,0,1,34.2,1,Agroindustria
1,41.84,53.1,39,Femenino,13,47.3,1,450,18.1,1,Comercio & Retail
0,13.4,48.3,64,Femenino,14,58.6,0,8,40.6,1,Manufactura
0,12.35,47.5,22,Femenino,5,47.7,0,2,30.9,0,Tecnología
0,12.68,49.5,56,Femenino,13,46.3,1,2,30.1,0,Servicios Personales
0,12.73,62.0,35,Masculino,9,37.3,0,1,52.3,1,Manufactura
0,11.56,44.8,55,Masculino,11,50.7,0,2,34.2,0,Comercio & Retail
0,13.82,53.4,54,Masculino,8,57.4,0,1,17.7,1,Logística
0,15.77,71.6,47,Femenino,16,57.0,0,1,24.1,0,Comercio & Retail
0,12.16,62.9,48,Femenino,11,62.8,0,2,44.0,0,Tecnología
0,12.18,61.1,27,Masculino,8,59.3,0,2,30.4,0,Manufactura
0,11.64,38.6,32,Femenino,8,38.1,0,4,22.6,1,Tecnología
1,50.44,83.6,59,Femenino,13,33.7,1,12,6.0,1,Manufactura
0,14.73,67.2,61,Masculino,13,43.1,0,4,21.1,1,Comercio & Retail
0,13.1,56.2,35,Femenino,10,38.4,0,1,14.5,0,Comercio & Retail
0,13.29,62.9,40,Masculino,9,57.1,0,1,29.8,1,Tecnología
1,45.73,84.1,50,Femenino,14,43.4,1,45,23.7,1,Servicios Personales
0,9.51,46.3,33,Masculino,8,35.5,0,1,30.0,0,Comercio & Retail
0,9.57,31.7,55,Masculino,8,23.9,0,2,29.1,0,Manufactura
1,51.25,95.5,52,Femenino,20,39.9,1,120,31.1,1,Manufactura
0,10.97,44.0,51,Masculino,11,42.0,0,2,33.6,0,Manufactura
0,12.3,54.1,45,Masculino,10,47.4,0,1,40.1,0,Manufactura
0,11.26,43.5,19,Masculino,8,42.5,0,2,11.4,1,Comercio & Retail
0,10.81,36.6,47,Femenino,9,40.6,1,1,17.7,0,Comercio & Retail
0,13.88,66.2,30,Masculino,15,66.0,0,1,33.0,1,Manufactura
1,49.25,79.8,58,Femenino,13,45.3,1,12,24.8,1,Tecnología
0,10.31,43.8,33,Masculino,8,45.4,0,2,69.2,0,Manufactura
0,11.44,46.4,22,Masculino,9,61.9,0,4,14.3,1,Manufactura
0,10.12,40.4,45,Masculino,5,47.3,0,1,20.7,0,Servicios Personales
1,52.07,75.4,56,Masculino,11,45.0,1,120,14.3,1,Tecnología
0,6.98,9.2,62,Femenino,0,21.9,0,1,5.3,1,Manufactura
0,11.67,42.7,37,Femenino,4,36.6,0,1,7.1,1,Comercio & Retail
0,13.93,55.0,41,Masculino,10,27.9,0,2,31.8,1,Servicios Personales
0,11.64,34.3,44,Masculino,0,53.1,0,1,75.2,1,Comercio & Retail
0,17.48,100.0,47,Femenino,19,38.5,0,1,12.7,0,Logística
0,12.4,39.4,62,Femenino,7,30.5,0,4,35.0,0,Servicios Personales
0,13.47,65.8,44,Masculino,12,39.1,0,2,17.3,0,Comercio & Retail
0,17.47,67.0,43,Masculino,15,58.3,0,2,31.9,1,Comercio & Retail
0,13.17,60.6,24,Femenino,11,50.3,0,1,40.1,1,Tecnología
0,11.15,46.7,59,Femenino,10,46.0,0,2,25.8,1,Comercio & Retail
0,10.07,40.1,64,Masculino,8,45.1,0,1,5.7,1,Logística
0,10.05,46.7,55,Masculino,5,45.6,0,1,31.6,0,Comercio & Retail
0,14.55,49.3,22,Masculino,8,46.0,0,1,10.2,1,Manufactura
0,14.56,58.6,40,Femenino,10,36.8,0,4,45.7,1,Comercio & Retail
0,13.72,50.0,45,Masculino,10,27.3,0,2,27.5,0,Comercio & Retail
0,11.76,35.9,51,Masculino,6,36.2,1,1,75.8,0,Manufactura
1,44.03,67.4,32,Femenino,14,42.1,1,45,12.5,1,Manufactura
0,11.68,29.1,49,Masculino,5,49.9,0,2,44.6,1,Tecnología
0,12.29,56.7,43,Masculino,12,50.2,0,2,63.6,1,Manufactura
1,41.7,58.3,48,Femenino,13,48.0,1,45,2.8,1,Servicios Personales
0,12.24,45.2,36,Masculino,11,58.2,1,2,31.1,1,Tecnología
0,16.19,78.2,26,Masculino,16,55.7,0,1,3.4,1,Comercio & Retail
0,13.07,53.5,46,Masculino,12,35.3,0,1,32.3,0,Manufactura
0,17.04,91.6,56,Masculino,15,45.4,0,1,18.9,1,Tecnología
0,5.77,5.0,21,Femenino,0,46.3,0,4,36.5,1,Tecnología
0,14.4,67.0,20,Femenino,14,40.7,0,1,36.3,0,Servicios Personales
0,13.49,70.3,46,Masculino,12,39.7,0,2,35.1,0,Comercio & Retail
0,9.73,41.6,28,Masculino,12,40.3,0,1,23.4,1,Comercio & Retail
0,14.98,70.7,50,Femenino,12,45.9,0,2,7.3,0,Comercio & Retail
0,9.48,38.8,55,Masculino,8,63.9,0,1,19.7,0,Comercio & Retail
0,14.1,56.2,28,Femenino,13,52.6,0,4,25.0,0,Comercio & Retail
1,52.21,88.8,44,Masculino,17,41.7,1,45,6.2,0,Manufactura
0,11.32,34.0,50,Femenino,3,53.8,0,2,32.5,0,Servicios Personales
1,46.18,63.9,38,Femenino,15,40.9,1,45,12.5,1,Comercio & Retail
0,10.67,51.6,56,Masculino,10,16.5,0,2,32.8,0,Servicios Personales
0,15.05,55.1,48,Masculino,7,74.9,0,1,6.0,0,Comercio & Retail
0,11.74,30.6,55,Masculino,5,47.7,0,8,23.5,1,Logística
0,10.1,49.0,63,Masculino,11,57.5,0,2,34.5,1,Manufactura
0,15.44,77.8,19,Masculino,16,39.1,0,4,61.9,1,Comercio & Retail
0,10.13,50.1,44,Masculino,9,52.4,0,1,24.8,1,Manufactura
0,14.78,64.4,53,Masculino,13,41.2,0,1,10.5,0,Comercio & Retail
0,13.55,59.5,28,Masculino,10,67.8,1,1,38.7,0,Servicios Personales
0,8.89,24.6,64,Femenino,4,32.8,0,2,30.0,1,Tecnología
1,41.76,57.3,35,Masculino,9,34.2,1,12,8.3,1,Comercio & Retail
0,11.82,39.3,18,Femenino,7,43.7,0,1,4.2,1,Logística
0,9.47,24.6,52,Masculino,6,48.2,1,1,63.6,0,Manufactura
0,11.39,62.9,52,Femenino,8,56.7,0,1,31.2,0,Comercio & Retail
0,10.21,35.6,48,Masculino,9,59.0,1,2,53.3,0,Logística
0,14.21,79.3,45,Masculino,14,30.3,0,2,14.8,1,Manufactura
0,12.67,53.4,56,Masculino,10,39.9,0,4,5.4,1,Manufactura
0,10.2,35.2,18,Masculino,5,54.0,0,2,30.7,0,Tecnología
0,14.24,66.3,42,Masculino,15,45.7,0,2,24.2,1,Agroindustria
0,13.33,54.1,60,Femenino,11,45.7,0,1,13.2,1,Servicios Personales
1,42.54,67.0,55,Masculino,11,43.2,1,120,18.4,1,Servicios Personales
1,39.76,55.9,37,Femenino,13,44.5,1,120,18.0,1,Logística
0,13.68,50.0,20,Masculino,10,30.6,0,1,31.6,0,Manufactura
0,14.17,57.6,19,Femenino,8,52.9,0,2,31.3,0,Servicios Personales
0,11.6,53.1,35,Masculino,11,52.7,0,1,27.5,0,Manufactura
0,13.95,63.3,61,Masculino,12,41.1,0,1,11.0,0,Servicios Personales
0,12.21,60.1,27,Masculino,11,47.9,0,1,5.2,1,Logística
0,14.05,58.3,22,Masculino,13,36.2,0,1,12.9,0,Manufactura
0,12.1,59.2,26,Masculino,10,59.3,0,2,29.9,0,Manufactura
0,8.39,38.3,19,Femenino,6,32.2,0,2,4.0,1,Servicios Personales
0,11.83,39.0,51,Masculino,8,51.3,0,2,16.8,0,Logística
1,48.44,81.3,55,Masculino,15,40.2,1,450,27.4,1,Comercio & Retail
0,14.27,56.5,48,Femenino,10,25.0,0,2,8.2,0,Comercio & Retail
0,12.52,38.3,27,Femenino,6,65.0,0,4,15.9,0,Agroindustria
0,8.23,31.9,29,Femenino,5,33.9,0,2,23.8,0,Manufactura
0,10.03,20.3,53,Masculino,5,47.3,0,2,35.9,0,Comercio & Retail
0,15.38,65.5,38,Femenino,13,53.0,0,1,50.5,0,Manufactura
0,11.37,36.8,64,Femenino,11,62.8,0,1,4.4,1,Comercio & Retail
1,56.28,90.4,23,Femenino,17,41.7,1,12,17.2,0,Logística
0,13.81,51.5,20,Masculino,12,53.0,0,8,39.8,0,Comercio & Retail
0,15.47,68.4,27,Masculino,12,39.9,0,1,39.0,0,Comercio & Retail
1,45.34,73.0,22,Masculino,18,39.5,1,12,64.9,1,Comercio & Retail
0,8.56,26.0,63,Masculino,6,39.7,0,1,5.0,0,Servicios Personales
0,10.31,23.6,43,Femenino,4,40.2,0,2,14.6,0,Agroindustria
1,46.15,81.6,38,Femenino,12,51.6,1,12,49.3,1,Agroindustria
1,38.59,46.6,62,Masculino,9,33.3,0,120,45.8,1,Manufactura
1,51.14,75.8,43,Femenino,11,52.2,1,45,32.2,0,Servicios Personales
1,48.48,79.6,55,Femenino,15,44.3,1,12,5.1,1,Manufactura
1,40.92,64.4,61,Masculino,13,42.6,1,12,44.3,1,Logística
1,50.18,80.7,43,Femenino,16,41.4,1,450,36.1,1,Manufactura
0,10.68,46.3,25,Masculino,7,49.7,0,1,31.9,0,Comercio & Retail
1,49.98,71.4,22,Femenino,13,40.3,1,120,53.8,1,Servicios Personales
0,13.59,56.3,32,Masculino,7,61.5,1,2,7.9,0,Agroindustria
0,18.63,79.9,33,Femenino,16,46.5,0,1,36.0,1,Comercio & Retail
0,13.84,69.1,18,Femenino,12,51.0,0,1,2.2,0,Comercio & Retail
0,15.04,82.6,33,Femenino,12,52.3,0,1,13.9,0,Logística
0,10.09,31.3,54,Masculino,8,41.5,0,4,33.0,0,Servicios Personales
0,11.09,45.8,20,Masculino,8,49.1,1,1,13.8,1,Tecnología
0,15.94,71.0,64,Femenino,12,38.6,0,2,27.2,0,Manufactura
0,15.23,69.1,48,Masculino,17,47.0,0,1,28.3,0,Manufactura
0,14.75,69.3,30,Masculino,16,65.7,1,2,10.2,0,Servicios Personales
0,15.28,49.6,33,Masculino,11,65.1,0,1,22.9,0,Servicios Personales
1,49.49,50.8,60,Masculino,8,45.0,1,120,52.6,1,Tecnología
1,49.09,68.3,38,Femenino,12,40.6,1,120,9.2,1,Comercio & Retail
0,13.8,66.2,19,Masculino,15,49.3,0,1,5.1,0,Comercio & Retail
1,41.68,63.3,44,Masculino,11,33.5,1,120,23.7,1,Logística
0,12.38,44.5,55,Femenino,9,40.3,0,2,5.3,1,Tecnología
1,45.65,79.6,43,Femenino,13,42.8,1,120,52.5,1,Servicios Personales
1,40.83,56.1,55,Masculino,9,37.6,1,450,39.7,1,Manufactura
0,11.99,58.3,63,Masculino,9,40.9,0,4,29.8,0,Manufactura
0,14.12,70.9,42,Masculino,10,55.2,1,2,25.2,1,Logística
1,47.38,73.9,28,Masculino,13,41.3,1,12,40.6,1,Agroindustria
0,12.36,45.3,25,Masculino,9,51.1,0,1,12.2,0,Manufactura
0,11.16,56.2,25,Femenino,10,46.4,0,1,42.2,0,Tecnología
0,10.93,45.9,50,Femenino,11,46.8,1,1,16.4,0,Manufactura
0,12.62,40.0,24,Femenino,9,48.4,0,1,15.7,0,Servicios Personales
1,50.27,85.0,55,Femenino,16,36.8,1,120,15.7,0,Comercio & Retail
1,59.5,99.7,38,Femenino,17,48.2,1,120,30.2,1,Tecnología
0,13.91,61.7,25,Masculino,9,49.9,1,2,34.7,0,Comercio & Retail
0,12.53,46.4,38,Masculino,7,40.5,0,1,9.0,0,Comercio & Retail
0,12.72,32.0,37,Masculino,8,35.7,0,1,6.2,0,Tecnología
0,13.64,64.4,25,Masculino,12,40.6,0,1,23.3,0,Comercio & Retail
0,9.91,44.9,63,Masculino,10,65.2,1,2,24.3,1,Logística
0,9.74,38.9,48,Masculino,5,49.7,1,2,24.1,1,Logística
0,10.57,37.8,46,Masculino,9,40.8,0,2,12.7,0,Manufactura
1,39.66,64.6,26,Femenino,12,44.9,1,45,27.0,1,Comercio & Retail
0,13.01,65.8,32,Femenino,14,32.4,0,4,34.4,0,Comercio & Retail
1,53.64,83.9,47,Masculino,17,42.6,1,120,33.0,1,Comercio & Retail
0,11.2,41.7,43,Femenino,8,47.8,0,1,59.6,1,Agroindustria
0,10.75,31.3,27,Masculino,8,63.8,0,1,51.1,0,Servicios Personales
0,11.22,61.2,46,Femenino,9,62.3,0,2,7.1,1,Comercio & Retail
0,8.15,36.0,33,Masculino,6,42.1,0,1,22.9,0,Servicios Personales
0,9.67,38.7,53,Masculino,7,44.1,0,2,52.2,0,Servicios Personales
0,12.17,41.6,37,Femenino,7,56.6,1,1,48.1,0,Manufactura
0,9.95,52.4,62,Masculino,11,48.3,0,2,38.1,0,Manufactura
0,8.77,36.4,54,Femenino,7,52.0,0,2,16.4,0,Comercio & Retail
1,52.08,81.4,39,Femenino,13,40.6,1,45,49.2,1,Tecnología
0,11.41,71.8,24,Femenino,14,41.2,0,4,58.2,1,Manufactura
0,10.81,34.6,40,Masculino,6,63.4,0,1,0.3,0,Tecnología
0,10.48,18.4,58,Femenino,5,50.1,0,4,35.7,0,Servicios Personales
0,12.03,41.9,57,Masculino,8,37.0,0,2,10.0,0,Tecnología
0,10.95,37.3,46,Femenino,8,55.7,0,1,16.4,0,Comercio & Retail
0,14.05,70.8,33,Femenino,15,37.4,0,2,44.4,0,Servicios Personales
1,49.35,70.2,55,Masculino,10,42.2,1,120,49.8,1,Comercio & Retail
0,15.06,77.3,45,Femenino,12,58.4,1,1,41.4,0,Manufactura
0,14.16,60.4,55,Femenino,12,38.5,0,1,26.7,0,Tecnología
0,9.72,36.1,48,Femenino,7,39.5,0,1,65.2,1,Manufactura
0,13.54,56.8,31,Masculino,9,71.9,0,2,24.4,1,Tecnología
1,47.21,66.2,50,Masculino,10,41.1,1,12,5.9,1,Comercio & Retail
0,9.61,56.3,26,Femenino,11,38.3,0,2,2.9,0,Servicios Personales
0,14.47,55.2,44,Femenino,5,57.3,0,1,29.3,0,Comercio & Retail
0,9.78,41.6,41,Femenino,8,44.9,0,1,44.6,0,Manufactura
0,14.12,51.4,30,Femenino,10,77.6,0,2,39.6,1,Comercio & Retail
0,12.28,45.4,43,Masculino,8,42.0,0,1,9.4,0,Comercio & Retail
0,8.82,31.6,46,Masculino,5,47.1,0,1,25.0,1,Servicios Personales
0,9.86,31.5,60,Masculino,7,56.2,0,1,55.7,0,Tecnología
0,10.93,42.7,45,Femenino,5,37.9,0,1,8.5,0,Manufactura
1,46.05,72.1,45,Masculino,15,39.9,1,12,26.1,1,Comercio & Retail
1,46.01,72.5,25,Masculino,9,38.6,1,45,42.1,1,Comercio & Retail
0,14.8,62.7,40,Masculino,10,35.5,0,1,10.7,0,Logística
0,9.95,42.2,46,Masculino,6,45.1,0,1,27.6,1,Manufactura
1,49.97,78.3,22,Masculino,11,47.7,1,45,51.3,1,Comercio & Retail
1,45.58,74.2,59,Masculino,13,39.1,1,45,34.8,1,Servicios Personales
0,10.62,49.8,24,Femenino,7,42.9,1,2,20.6,1,Agroindustria
0,9.11,36.3,59,Masculino,7,41.4,0,2,29.7,0,Tecnología
0,10.73,44.6,53,Femenino,8,66.7,0,1,6.3,0,Servicios Personales
0,11.08,45.0,58,Masculino,5,62.0,0,1,24.3,0,Servicios Personales
0,13.13,67.1,44,Masculino,11,56.7,0,1,46.0,1,Servicios Personales
0,12.71,61.0,63,Masculino,13,56.5,0,1,47.9,0,Manufactura
0,15.12,58.4,19,Femenino,5,44.3,0,1,16.3,1,Servicios Personales
0,13.05,65.0,42,Femenino,13,45.0,0,4,23.8,0,Comercio & Retail
0,14.84,78.7,26,Femenino,13,60.7,0,4,67.5,1,Comercio & Retail
0,7.34,17.6,44,Masculino,0,41.9,0,1,48.1,0,Tecnología
0,12.45,43.6,18,Masculino,6,60.1,0,2,63.0,0,Comercio & Retail
0,7.94,43.6,40,Masculino,8,56.2,1,1,27.4,0,Servicios Personales
0,13.22,65.0,27,Femenino,12,26.7,0,1,40.7,1,Servicios Personales
1,42.1,47.5,59,Masculino,12,43.1,1,12,30.8,1,Logística
0,9.88,50.0,42,Masculino,6,20.9,0,1,6.2,0,Comercio & Retail
1,55.47,86.5,20,Femenino,16,37.6,1,12,8.0,1,Manufactura
0,12.35,61.6,23,Masculino,7,30.9,0,1,15.8,0,Tecnología
0,11.2,43.8,23,Masculino,7,31.7,0,4,29.6,0,Agroindustria
0,8.57,29.1,19,Masculino,6,63.1,1,1,22.2,1,Manufactura
0,11.25,66.0,35,Masculino,9,36.2,0,1,26.8,0,Manufactura
0,15.0,64.4,40,Femenino,13,33.3,0,1,23.4,0,Comercio & Retail
0,7.02,7.2,19,Masculino,7,37.4,0,4,35.3,0,Manufactura
1,52.85,64.0,29,Masculino,11,45.9,1,12,34.8,1,Tecnología
0,16.38,68.4,39,Masculino,11,56.6,0,1,20.4,1,Comercio & Retail
0,13.25,67.2,54,Masculino,10,30.7,0,2,49.6,1,Manufactura
0,14.03,50.0,37,Masculino,11,57.1,0,2,13.6,1,Tecnología
0,14.84,72.1,56,Masculino,13,27.0,0,1,16.7,1,Manufactura
1,38.5,64.8,41,Masculino,11,36.6,1,45,24.2,1,Comercio & Retail
0,15.22,77.2,37,Femenino,14,46.2,0,2,51.8,0,Comercio & Retail
0,11.42,33.0,18,Femenino,6,48.9,0,1,29.8,1,Tecnología
0,9.83,50.6,18,Femenino,8,33.8,0,1,22.8,0,Logística
0,12.27,50.2,34,Masculino,6,46.7,0,2,48.5,0,Comercio & Retail
0,13.13,44.2,18,Masculino,12,28.1,0,2,23.7,0,Servicios Personales
1,46.77,74.9,62,Femenino,15,42.6,1,120,31.1,1,Servicios Personales
0,12.3,61.0,47,Femenino,9,64.3,0,1,20.0,0,Servicios Personales
0,13.75,75.1,58,Masculino,11,42.6,0,2,22.1,1,Manufactura
0,10.07,46.5,64,Masculino,4,41.1,0,1,22.7,1,Agroindustria
0,14.28,64.4,20,Masculino,10,49.6,1,2,47.3,0,Logística
0,10.97,49.7,63,Femenino,4,39.9,0,2,23.6,0,Comercio & Retail
0,15.06,64.8,28,Femenino,10,63.0,0,4,44.0,1,Comercio & Retail
0,4.45,5.0,41,Masculino,3,29.6,0,4,19.5,0,Servicios Personales
0,15.29,74.5,39,Femenino,16,62.5,0,1,14.7,0,Manufactura
1,47.2,69.3,61,Femenino,10,43.6,1,45,31.8,1,Logística
0,11.79,49.9,62,Femenino,10,44.5,0,1,17.8,1,Servicios Personales
0,18.38,96.0,43,Femenino,17,36.8,0,2,13.7,0,Servicios Personales
1,46.91,62.7,30,Femenino,10,49.5,1,45,24.8,1,Comercio & Retail
0,13.92,49.8,18,Masculino,4,47.9,0,1,16.8,0,Comercio & Retail
0,9.65,42.7,41,Femenino,8,61.9,0,1,12.4,0,Logística
0,15.22,64.6,27,Femenino,17,68.9,0,1,29.7,0,Manufactura
0,9.01,40.9,52,Masculino,7,53.4,0,1,21.0,1,Comercio & Retail
0,9.82,32.8,41,Masculino,8,43.7,0,2,59.0,0,Manufactura
1,47.17,74.4,45,Masculino,16,39.3,1,120,21.3,0,Manufactura
0,6.52,15.1,53,Masculino,7,60.9,0,2,34.6,1,Tecnología
0,11.91,55.2,33,Masculino,10,61.8,0,1,44.3,0,Comercio & Retail
0,15.09,79.3,57,Masculino,15,55.4,0,4,12.9,1,Manufactura
0,14.33,51.9,33,Masculino,8,49.6,0,2,21.0,0,Servicios Personales
0,12.45,52.9,34,Masculino,7,25.2,1,1,38.9,1,Manufactura
0,10.89,30.2,32,Masculino,3,62.7,0,2,18.7,0,Manufactura
0,8.23,32.5,33,Femenino,6,50.1,0,1,17.0,0,Servicios Personales
1,41.03,55.5,32,Masculino,7,52.2,1,12,49.1,1,Servicios Personales
0,14.27,58.1,51,Masculino,9,36.4,0,2,58.6,0,Tecnología
0,12.11,58.3,28,Masculino,11,57.9,0,1,57.7,1,Agroindustria
0,12.92,53.9,18,Femenino,10,44.2,0,1,50.4,0,Comercio & Retail
0,9.05,28.8,32,Femenino,5,45.3,0,1,52.4,0,Servicios Personales
1,50.71,87.9,43,Masculino,15,48.8,1,450,21.8,1,Comercio & Retail
0,9.95,39.4,21,Femenino,6,32.6,0,1,30.7,1,Comercio & Retail
1,55.12,91.8,60,Masculino,17,46.5,1,12,2.0,1,Logística
0,12.96,39.0,22,Masculino,11,22.4,0,1,16.2,0,Servicios Personales
0,14.29,72.5,52,Masculino,14,48.5,0,1,43.7,0,Logística
0,17.86,65.9,30,Masculino,12,32.6,0,1,70.2,0,Manufactura
1,45.9,67.3,27,Masculino,16,38.4,1,45,10.7,1,Tecnología
0,12.0,47.6,28,Masculino,10,34.6,0,1,3.7,0,Tecnología
0,13.85,58.5,35,Masculino,9,72.2,0,2,20.9,1,Manufactura
1,45.76,65.1,51,Masculino,11,36.9,1,12,12.2,1,Servicios Personales
1,42.38,54.0,56,Masculino,9,45.3,1,12,38.1,1,Servicios Personales
0,15.29,76.0,58,Masculino,12,53.3,0,2,49.7,1,Servicios Personales
0,16.92,84.7,59,Masculino,16,64.1,0,4,38.2,0,Servicios Personales
0,11.21,45.1,40,Femenino,4,44.2,0,1,44.0,0,Manufactura
0,11.76,45.9,24,Femenino,10,41.3,0,1,17.0,1,Comercio & Retail
1,53.93,89.4,56,Femenino,18,45.1,1,12,17.3,0,Tecnología
0,15.5,52.0,20,Femenino,9,50.3,1,1,33.6,1,Manufactura
0,13.22,58.9,29,Masculino,14,44.6,0,1,23.2,0,Logística
0,15.6,84.8,24,Femenino,13,49.6,0,2,28.4,0,Comercio & Retail
0,8.81,30.4,43,Masculino,5,46.2,0,2,16.6,0,Comercio & Retail
1,44.57,62.9,50,Femenino,11,32.5,1,12,7.0,1,Manufactura
1,44.66,54.1,54,Femenino,11,44.4,1,120,39.8,1,Comercio & Retail
1,56.45,100.0,32,Femenino,22,44.9,1,45,27.0,1,Agroindustria
0,8.32,12.4,19,Masculino,0,35.5,0,1,12.5,1,Manufactura
0,7.74,28.4,58,Femenino,4,54.5,0,4,20.7,0,Comercio & Retail
0,8.82,51.2,24,Femenino,9,29.3,0,1,20.0,0,Comercio & Retail
0,13.01,51.8,49,Masculino,9,46.7,0,1,15.8,0,Servicios Personales
0,11.23,37.5,21,Femenino,7,67.6,0,2,54.2,1,Logística
0,10.13,35.3,37,Femenino,7,66.9,0,1,38.8,0,Manufactura
1,46.41,61.6,53,Masculino,13,47.9,1,120,28.9,1,Agroindustria
0,10.84,41.4,49,Femenino,7,42.6,0,4,31.7,0,Manufactura
0,12.58,49.7,45,Femenino,8,36.2,0,1,34.9,0,Servicios Personales
0,14.08,66.9,30,Femenino,14,60.8,0,1,17.8,1,Comercio & Retail
0,13.81,55.6,18,Femenino,13,46.0,0,1,51.9,0,Tecnología
0,11.04,34.9,52,Masculino,8,56.2,0,1,13.8,0,Tecnología
0,8.12,21.9,47,Femenino,4,48.2,0,2,29.5,1,Tecnología
0,14.72,70.3,53,Masculino,13,45.3,0,1,29.8,1,Servicios Personales
0,12.26,47.8,42,Masculino,6,21.5,0,1,21.0,0,Comercio & Retail
0,10.93,64.0,33,Femenino,15,49.9,0,2,21.7,1,Manufactura
0,13.85,67.3,36,Masculino,12,52.6,0,1,17.3,0,Manufactura
0,11.61,54.7,18,Femenino,9,38.4,0,2,65.4,0,Comercio & Retail
1,51.82,81.4,22,Femenino,12,49.1,1,45,11.9,1,Logística
0,10.3,50.2,39,Femenino,3,47.3,1,1,22.6,1,Agroindustria
1,55.33,89.6,41,Femenino,16,38.7,1,120,11.4,1,Logística
1,44.49,58.0,60,Masculino,9,40.2,1,450,21.9,0,Logística
0,10.81,64.3,62,Femenino,11,38.6,0,1,35.3,1,Comercio & Retail
0,12.39,39.7,54,Masculino,8,38.9,0,2,17.4,0,Tecnología
0,11.36,39.6,53,Masculino,9,52.7,0,2,36.8,0,Comercio & Retail
1,47.36,63.4,53,Femenino,16,38.7,1,45,38.6,1,Manufactura
0,12.67,52.6,21,Masculino,9,51.2,1,1,28.8,1,Comercio & Retail
0,11.09,39.5,53,Masculino,8,43.9,0,2,21.8,0,Comercio & Retail
0,13.32,74.9,35,Femenino,13,30.5,0,1,21.1,0,Tecnología
0,10.57,47.8,33,Femenino,11,49.9,0,1,43.7,0,Manufactura
1,54.7,81.5,58,Femenino,16,45.0,1,450,22.5,1,Manufactura
0,4.97,15.4,35,Masculino,2,57.8,0,2,51.2,0,Comercio & Retail
0,11.91,33.2,39,Masculino,8,43.1,0,8,19.6,0,Logística
0,12.52,26.9,19,Femenino,5,50.7,0,1,19.5,1,Comercio & Retail
0,13.43,68.5,38,Masculino,15,41.2,0,2,42.6,0,Comercio & Retail
0,8.99,34.8,53,Masculino,5,65.4,0,2,17.6,0,Comercio & Retail
0,11.12,53.0,61,Masculino,11,45.6,0,2,36.3,0,Comercio & Retail
0,10.13,25.7,56,Femenino,5,30.2,0,1,28.6,0,Manufactura
0,12.27,39.0,64,Femenino,8,56.6,0,4,28.5,1,Comercio & Retail
0,7.8,5.0,56,Femenino,6,43.3,0,4,45.2,0,Servicios Personales
0,13.38,51.2,46,Masculino,10,71.0,0,2,45.6,0,Manufactura
1,56.32,87.3,43,Masculino,18,45.7,0,12,9.4,1,Comercio & Retail
0,8.93,30.8,38,Femenino,5,44.9,0,2,35.6,0,Comercio & Retail
0,8.56,41.0,34,Femenino,6,41.1,0,4,43.0,0,Comercio & Retail
0,15.7,72.7,33,Femenino,12,34.3,0,1,18.1,0,Comercio & Retail
0,13.32,61.6,48,Masculino,9,59.5,0,2,5.5,1,Servicios Personales
0,12.06,44.8,26,Masculino,5,28.2,0,1,21.8,0,Tecnología
0,10.63,40.8,48,Masculino,8,54.7,0,4,68.4,0,Manufactura
0,9.12,21.7,31,Femenino,4,38.2,1,2,42.9,1,Manufactura
0,11.69,41.4,54,Femenino,8,39.5,0,2,33.6,0,Manufactura
0,11.34,45.0,19,Masculino,6,57.0,0,2,15.2,0,Tecnología
0,16.43,62.1,63,Masculino,11,38.1,0,1,31.7,0,Tecnología
0,12.59,55.4,31,Masculino,12,44.8,0,1,40.3,0,Manufactura
0,7.54,25.8,50,Masculino,0,55.4,0,1,55.2,0,Logística
0,11.25,43.9,52,Masculino,10,63.1,0,1,24.9,1,Manufactura
0,6.99,13.8,56,Femenino,1,41.7,0,1,8.5,1,Comercio & Retail
0,10.96,57.1,64,Masculino,10,46.0,0,2,34.6,0,Servicios Personales
1,52.21,87.3,37,Masculino,16,39.7,1,450,21.1,1,Tecnología
0,14.08,62.6,19,Masculino,9,32.8,0,2,21.4,0,Comercio & Retail
1,46.62,62.0,58,Femenino,11,53.1,1,45,69.8,1,Servicios Personales
0,13.18,54.6,36,Femenino,13,57.5,0,1,6.3,0,Comercio & Retail
1,47.27,77.6,54,Masculino,13,42.8,1,450,22.6,1,Comercio & Retail
1,46.22,56.6,35,Femenino,13,40.6,1,450,46.4,1,Agroindustria
0,15.64,58.2,33,Femenino,12,42.1,0,1,26.0,1,Comercio & Retail
0,8.16,33.1,21,Femenino,7,39.6,0,1,27.4,1,Comercio & Retail
0,15.13,62.1,29,Masculino,12,64.4,0,4,18.0,1,Logística
0,11.55,68.8,46,Masculino,16,52.5,0,1,30.3,0,Comercio & Retail
1,45.87,67.7,24,Femenino,12,38.7,1,12,26.0,1,Agroindustria
1,43.63,63.2,31,Masculino,11,43.9,1,450,18.6,1,Manufactura
0,14.05,38.5,29,Femenino,4,59.7,0,4,12.1,0,Comercio & Retail
0,9.89,41.9,52,Masculino,6,47.2,0,4,15.6,0,Manufactura
0,10.09,45.2,22,Masculino,7,64.2,0,1,2.5,0,Comercio & Retail
0,8.34,29.2,34,Masculino,6,62.7,0,1,48.1,1,Comercio & Retail
0,12.1,44.2,59,Femenino,9,33.4,0,4,54.0,0,Servicios Personales
0,12.09,38.0,49,Masculino,6,57.5,0,1,41.1,0,Logística
1,48.95,66.8,27,Masculino,13,45.6,1,120,16.2,1,Comercio & Retail
0,12.07,43.7,60,Masculino,8,27.5,0,1,46.8,1,Comercio & Retail
0,11.15,44.6,34,Femenino,6,49.7,0,2,4.1,0,Agroindustria
0,12.11,62.2,22,Femenino,6,48.0,0,4,7.5,0,Tecnología
1,47.76,59.0,62,Masculino,10,43.7,1,12,10.0,0,Manufactura
0,14.89,44.3,59,Femenino,9,54.2,0,1,31.1,0,Servicios Personales
0,13.92,62.8,26,Femenino,10,45.5,0,2,24.9,1,Manufactura
0,9.7,44.8,50,Masculino,9,48.0,0,2,26.2,1,Servicios Personales
1,54.86,86.5,53,Femenino,17,39.9,1,12,29.5,1,Comercio & Retail
1,46.38,71.7,53,Masculino,13,40.1,1,45,5.2,1,Servicios Personales
0,10.74,45.3,35,Femenino,7,54.8,0,1,24.2,1,Logística
0,9.15,21.1,26,Masculino,3,58.4,0,4,19.7,0,Comercio & Retail
0,8.95,51.7,46,Masculino,9,57.9,0,1,32.6,0,Agroindustria
0,8.13,34.0,31,Masculino,6,49.0,0,1,15.6,0,Logística
0,8.3,21.9,42,Masculino,3,42.7,0,1,31.1,1,Tecnología
0,10.8,46.5,32,Femenino,12,62.9,0,1,3.7,1,Manufactura
0,12.29,53.8,23,Masculino,10,56.0,0,4,11.9,0,Servicios Personales
1,56.15,92.7,59,Masculino,14,43.6,1,45,28.9,1,Comercio & Retail
0,9.19,30.0,46,Femenino,10,49.8,0,2,29.6,0,Logística
0,10.13,28.8,32,Masculino,9,63.8,0,2,36.5,0,Comercio & Retail
0,9.99,35.6,46,Femenino,5,47.0,0,2,19.6,0,Servicios Personales
0,13.0,54.5,21,Masculino,8,34.9,0,2,7.0,1,Manufactura
0,6.87,13.6,35,Femenino,3,51.8,0,1,23.9,0,Manufactura
0,15.93,73.2,61,Masculino,14,41.8,0,1,36.0,1,Agroindustria
0,10.56,33.4,56,Masculino,5,37.0,0,2,42.2,1,Servicios Personales
0,9.83,53.0,33,Femenino,11,23.2,0,2,55.4,1,Servicios Personales
0,13.04,54.8,28,Masculino,9,49.6,0,1,50.1,0,Logística
0,12.26,48.9,31,Femenino,11,53.3,0,4,13.8,0,Manufactura
0,12.36,65.2,20,Femenino,10,33.3,0,1,9.4,1,Servicios Personales
0,9.9,15.9,59,Femenino,5,53.0,0,2,16.0,0,Servicios Personales
0,11.38,50.2,55,Femenino,9,62.1,0,1,40.8,0,Manufactura
1,47.26,76.1,62,Femenino,15,42.0,1,45,38.3,1,Manufactura
0,8.9,41.3,59,Masculino,7,48.7,0,2,13.9,1,Servicios Personales
1,45.68,65.9,35,Femenino,14,43.9,1,120,24.4,1,Comercio & Retail
1,47.25,73.3,37,Masculino,13,46.0,1,45,22.3,1,Agroindustria
0,10.45,54.9,42,Femenino,11,63.1,0,2,22.1,0,Comercio & Retail
0,10.06,27.8,55,Masculino,7,46.7,0,1,34.3,0,Logística
0,13.33,52.2,30,Masculino,11,46.9,0,1,55.3,0,Manufactura
0,11.48,48.0,21,Femenino,8,39.9,0,1,38.6,0,Comercio & Retail
1,47.81,65.5,31,Masculino,14,42.4,1,12,45.4,1,Manufactura
0,7.62,31.8,50,Masculino,5,38.3,0,4,36.6,0,Agroindustria
0,13.17,66.7,45,Masculino,11,38.3,0,2,41.8,1,Comercio & Retail
1,41.82,49.0,54,Femenino,10,43.4,1,12,59.7,1,Tecnología
0,17.14,58.0,25,Femenino,11,57.8,1,2,46.0,0,Comercio & Retail
0,14.81,65.0,61,Masculino,13,44.6,0,1,14.1,1,Logística
0,12.21,53.7,51,Masculino,7,56.7,0,1,23.0,0,Agroindustria
0,9.69,43.5,61,Femenino,7,61.3,0,1,32.9,0,Manufactura
0,13.44,67.0,22,Femenino,11,65.3,0,1,68.2,1,Comercio & Retail
0,15.68,63.8,22,Masculino,14,33.7,0,1,67.8,0,Agroindustria
1,42.45,68.5,48,Masculino,9,42.0,1,12,19.6,1,Comercio & Retail
0,17.96,83.3,62,Masculino,15,35.1,0,2,76.9,0,Comercio & Retail
0,13.71,67.6,26,Femenino,9,41.3,0,1,26.1,1,Manufactura
0,10.97,45.0,59,Femenino,7,42.3,0,2,40.5,0,Servicios Personales
1,42.65,56.9,49,Femenino,12,35.7,1,120,46.1,1,Manufactura
0,12.46,44.7,50,Femenino,8,55.0,0,1,21.7,0,Manufactura
0,13.82,49.1,20,Femenino,8,65.8,1,1,45.6,0,Comercio & Retail
0,12.97,61.0,47,Masculino,11,39.3,0,1,21.6,0,Tecnología
1,51.27,66.9,29,Masculino,14,46.8,1,45,31.7,1,Servicios Personales
0,11.16,58.9,46,Masculino,11,40.5,0,1,23.2,0,Comercio & Retail
0,14.56,57.5,20,Femenino,10,29.7,0,1,6.3,0,Agroindustria
1,45.48,74.9,43,Femenino,17,36.0,1,45,26.0,1,Logística
1,43.63,63.3,47,Femenino,13,43.0,1,12,13.0,1,Logística
1,42.9,64.4,26,Femenino,9,44.8,1,120,41.0,1,Comercio & Retail
1,49.83,83.0,43,Masculino,14,42.5,0,12,10.5,0,Manufactura
0,15.51,43.1,19,Femenino,9,48.6,0,2,17.8,1,Comercio & Retail
1,49.93,81.9,20,Femenino,12,47.3,1,45,25.5,1,Agroindustria
0,10.36,55.0,63,Femenino,12,32.6,0,4,42.7,0,Comercio & Retail
0,12.18,59.1,21,Femenino,10,45.8,0,1,9.8,0,Servicios Personales
0,9.6,56.3,42,Masculino,7,43.1,0,1,39.9,0,Comercio & Retail
0,13.55,47.0,30,Femenino,10,33.6,0,1,7.9,1,Manufactura
0,9.47,35.7,56,Masculino,8,56.5,0,1,24.7,0,Comercio & Retail
1,43.66,63.9,61,Masculino,11,37.7,1,45,30.1,1,Comercio & Retail
0,13.51,62.3,52,Femenino,12,40.5,0,2,31.5,1,Servicios Personales
0,10.31,23.5,40,Femenino,3,55.4,0,4,31.7,1,Manufactura
0,11.43,45.4,26,Masculino,11,56.3,0,4,26.3,0,Manufactura
1,57.02,100.0,19,Masculino,21,40.1,1,12,34.4,1,Comercio & Retail
0,12.68,53.5,58,Femenino,9,54.8,0,4,50.6,0,Servicios Personales
1,51.72,77.9,61,Femenino,14,39.4,1,12,19.2,1,Manufactura
1,53.14,78.7,48,Femenino,13,45.3,1,45,53.7,1,Servicios Personales
0,7.93,13.6,61,Femenino,4,24.5,0,1,33.5,0,Tecnología
0,13.33,64.8,64,Femenino,12,46.6,0,1,3.7,1,Comercio & Retail
0,8.58,27.8,19,Femenino,7,49.8,0,2,78.0,0,Comercio & Retail
1,39.53,58.5,49,Femenino,9,45.1,0,12,3.4,1,Comercio & Retail
0,14.15,44.5,35,Femenino,4,34.8,0,2,49.0,0,Servicios Personales
1,41.19,62.1,30,Femenino,12,42.6,1,45,39.4,0,Manufactura
0,9.95,50.3,63,Masculino,9,41.1,0,1,5.5,0,Comercio & Retail
1,49.87,80.7,22,Masculino,15,42.4,1,450,39.5,1,Comercio & Retail
0,11.34,39.8,59,Masculino,5,57.1,0,1,29.6,1,Manufactura
0,14.82,64.8,61,Femenino,13,39.1,0,4,18.6,1,Servicios Personales
0,13.91,70.1,27,Masculino,12,51.9,0,2,40.5,0,Servicios Personales
0,14.1,40.6,60,Femenino,7,46.2,0,1,36.1,0,Comercio & Retail
0,12.58,34.1,42,Masculino,4,43.5,0,1,44.5,0,Servicios Personales
0,13.04,38.5,51,Femenino,9,61.2,0,4,53.8,0,Servicios Personales
0,12.61,70.5,54,Femenino,11,53.6,0,1,33.8,1,Servicios Personales
0,6.4,30.3,47,Masculino,6,43.0,0,2,81.4,1,Logística
0,9.52,42.2,24,Masculino,6,54.6,0,1,45.7,1,Comercio & Retail
0,13.96,59.7,23,Masculino,14,56.6,0,4,36.4,0,Servicios Personales
0,11.72,38.6,20,Femenino,7,51.6,0,1,19.8,0,Servicios Personales
0,12.3,57.8,30,Femenino,12,65.0,0,1,39.0,1,Manufactura
1,48.42,80.2,20,Femenino,15,41.3,1,45,38.4,1,Manufactura
0,14.95,57.8,43,Masculino,7,46.0,0,1,37.7,0,Manufactura
0,11.3,27.4,41,Masculino,5,27.0,0,4,37.0,0,Comercio & Retail
0,10.86,57.9,23,Masculino,13,47.2,0,1,14.7,1,Manufactura
0,12.99,61.4,60,Femenino,9,34.7,0,1,2.7,0,Comercio & Retail
0,8.92,39.9,59,Masculino,8,28.9,0,2,30.3,0,Manufactura
1,59.35,98.2,29,Femenino,15,44.0,1,120,30.2,1,Agroindustria
0,11.22,40.4,53,Femenino,9,42.1,0,1,47.5,0,Agroindustria
1,46.11,66.3,19,Masculino,11,43.5,1,120,16.3,1,Comercio & Retail
0,6.07,15.6,28,Masculino,4,28.7,0,1,18.9,1,Tecnología
0,8.59,44.8,56,Femenino,10,30.3,0,1,20.0,0,Manufactura
0,11.52,33.2,51,Femenino,7,70.3,0,2,41.0,1,Comercio & Retail
0,11.77,41.0,43,Femenino,8,78.3,0,1,30.6,0,Logística
0,16.45,55.3,35,Femenino,8,44.7,0,1,32.6,0,Agroindustria
1,50.27,74.6,38,Femenino,15,41.1,1,45,37.2,1,Comercio & Retail
0,11.61,54.4,53,Femenino,7,54.8,0,4,29.7,0,Comercio & Retail
0,13.92,55.1,57,Femenino,8,47.9,0,2,6.7,0,Comercio & Retail
1,49.09,69.1,63,Masculino,16,41.0,1,12,37.1,1,Servicios Personales
0,12.2,49.9,61,Masculino,9,41.3,0,1,20.3,0,Comercio & Retail
0,12.02,59.2,39,Femenino,8,49.0,0,4,31.9,0,Tecnología
0,14.52,62.5,47,Masculino,14,49.9,0,2,6.2,1,Comercio & Retail
1,38.65,60.7,60,Masculino,10,45.4,1,12,30.5,1,Manufactura
0,11.0,47.7,47,Femenino,10,39.5,0,1,61.0,0,Servicios Personales
0,11.74,49.5,25,Femenino,11,39.8,0,1,27.0,0,Comercio & Retail
1,48.81,72.0,51,Masculino,15,47.9,1,45,11.9,1,Servicios Personales
0,7.55,27.9,64,Masculino,6,80.0,0,1,16.9,1,Servicios Personales
0,16.55,83.4,26,Masculino,14,63.5,0,1,33.8,0,Manufactura
0,4.55,5.0,37,Masculino,4,61.1,1,4,34.5,0,Agroindustria
0,11.0,48.2,57,Femenino,7,49.5,0,2,18.9,0,Comercio & Retail
0,10.93,48.2,42,Femenino,7,40.7,0,1,48.1,1,Servicios Personales
0,12.78,46.4,36,Femenino,9,37.8,0,2,49.2,1,Servicios Personales
0,9.33,23.0,22,Femenino,7,68.1,0,4,28.7,0,Tecnología
1,57.23,79.5,28,Femenino,15,48.0,1,12,4.0,1,Servicios Personales
0,14.43,58.5,32,Femenino,12,59.6,0,2,54.9,0,Comercio & Retail
0,15.09,48.8,25,Femenino,10,44.8,0,2,11.7,0,Logística
0,10.14,54.9,36,Femenino,7,50.1,0,1,59.2,0,Tecnología
0,15.84,89.7,40,Femenino,15,47.7,0,1,21.6,0,Servicios Personales
0,9.85,49.9,44,Femenino,10,56.4,0,1,35.2,0,Manufactura
0,11.92,43.3,57,Femenino,9,31.3,0,2,45.4,0,Comercio & Retail
0,9.31,23.5,49,Femenino,9,47.8,0,1,40.0,0,Servicios Personales
0,9.13,35.0,43,Masculino,9,45.9,0,1,26.9,1,Comercio & Retail
1,37.9,59.2,44,Masculino,13,39.0,1,45,11.0,1,Comercio & Retail
0,17.6,81.8,36,Femenino,14,54.7,0,1,7.6,0,Agroindustria
0,8.82,43.5,59,Femenino,6,54.8,0,4,25.4,1,Servicios Personales
0,12.86,57.6,46,Masculino,8,56.7,0,4,45.3,0,Servicios Personales
0,12.75,53.9,56,Masculino,8,55.2,0,2,34.6,0,Manufactura
1,44.72,59.0,58,Masculino,11,34.1,1,12,50.7,1,Manufactura
1,48.38,72.0,50,Femenino,14,38.7,1,12,14.5,1,Comercio & Retail
0,10.47,40.4,36,Masculino,5,64.0,0,1,20.3,1,Servicios Personales
0,10.81,36.8,54,Masculino,6,48.8,0,1,17.7,0,Manufactura
1,37.01,54.2,36,Masculino,9,37.8,1,45,11.1,1,Logística
1,47.41,66.6,50,Femenino,12,41.1,1,45,30.1,1,Manufactura
0,12.02,41.4,64,Masculino,6,35.4,0,2,28.1,1,Agroindustria
0,12.91,45.3,33,Masculino,9,41.1,0,1,14.5,0,Comercio & Retail
1,46.48,56.4,40,Masculino,7,46.1,1,12,54.6,1,Manufactura
0,15.78,80.2,24,Femenino,13,35.0,0,1,50.7,0,Logística
0,8.32,42.4,43,Masculino,10,53.0,0,1,39.6,0,Servicios Personales
0,11.02,22.8,49,Femenino,7,61.7,0,2,62.0,1,Manufactura
0,13.4,34.6,29,Femenino,6,37.7,0,2,39.3,0,Tecnología
0,10.55,39.0,25,Masculino,8,41.4,0,2,50.3,1,Manufactura
0,13.01,34.5,22,Femenino,9,48.8,0,1,36.3,1,Manufactura
0,14.59,63.2,59,Masculino,13,48.8,0,2,29.5,0,Manufactura
1,51.2,85.3,45,Masculino,14,39.4,1,120,22.8,1,Logística
0,11.47,43.6,22,Femenino,6,48.1,0,2,41.5,0,Comercio & Retail
1,57.6,79.2,43,Masculino,14,43.6,1,12,3.4,1,Tecnología
0,15.84,80.2,22,Masculino,13,78.2,0,1,13.6,0,Servicios Personales
0,15.05,54.7,39,Femenino,8,43.2,0,2,27.2,0,Servicios Personales
1,44.87,65.3,32,Masculino,13,40.3,1,45,48.7,0,Tecnología
0,12.47,54.7,30,Femenino,7,50.4,1,2,47.3,0,Comercio & Retail
0,10.32,55.0,45,Femenino,12,46.4,0,1,19.4,1,Servicios Personales
0,16.53,75.8,50,Femenino,19,51.4,0,2,5.3,1,Servicios Personales
0,14.86,73.0,60,Femenino,11,45.8,0,1,47.2,0,Comercio & Retail
0,14.36,66.4,40,Femenino,9,49.2,0,1,32.0,0,Manufactura
0,9.21,30.9,50,Masculino,5,67.5,0,2,8.8,1,Comercio & Retail
0,13.05,49.7,60,Masculino,10,32.8,0,2,61.5,0,Logística
0,16.82,76.6,35,Masculino,14,42.2,0,4,5.7,0,Tecnología
0,10.31,32.0,47,Femenino,7,50.3,0,8,54.9,0,Comercio & Retail
0,15.44,60.6,43,Masculino,12,48.7,0,2,13.2,0,Servicios Personales
1,35.99,53.3,33,Femenino,9,45.7,1,12,10.3,1,Servicios Personales
0,11.36,40.1,30,Femenino,8,55.6,0,2,39.4,0,Manufactura
1,42.19,74.0,56,Femenino,12,37.2,1,45,19.7,1,Agroindustria
0,8.97,29.6,50,Femenino,3,51.7,0,1,41.4,0,Servicios Personales
0,9.19,49.6,43,Femenino,9,44.9,0,1,51.1,0,Comercio & Retail
1,54.1,80.8,18,Masculino,14,37.7,1,12,7.5,1,Manufactura
0,12.11,52.5,55,Masculino,9,66.3,0,2,49.0,0,Tecnología
0,12.22,47.8,19,Femenino,10,47.9,0,4,23.8,0,Tecnología
0,13.75,63.6,23,Femenino,9,50.6,0,2,5.2,0,Manufactura
1,55.72,82.7,63,Femenino,17,43.8,1,450,50.4,1,Logística
0,9.52,25.8,55,Masculino,11,41.3,0,2,82.4,0,Comercio & Retail
0,9.54,37.8,59,Masculino,5,67.8,0,1,37.2,0,Servicios Personales
0,7.83,23.8,41,Masculino,7,62.6,0,2,20.7,0,Servicios Personales
1,52.35,75.9,35,Masculino,10,38.2,1,120,10.6,1,Comercio & Retail
1,51.78,78.6,44,Femenino,15,42.2,1,45,18.6,1,Servicios Personales
1,49.74,70.6,58,Masculino,13,49.0,1,45,16.0,1,Tecnología
0,16.24,78.5,25,Femenino,14,68.3,0,1,25.5,0,Comercio & Retail
0,7.14,21.2,45,Femenino,6,48.1,0,4,5.7,1,Comercio & Retail
1,44.23,67.0,27,Masculino,12,42.3,1,450,28.1,1,Manufactura
0,9.93,32.9,34,Femenino,7,59.7,0,1,20.3,0,Agroindustria
0,12.39,50.9,46,Masculino,10,46.7,0,1,36.1,1,Logística
1,41.63,71.4,23,Femenino,13,38.6,1,45,46.5,1,Servicios Personales
0,11.05,41.5,31,Masculino,8,43.6,0,1,35.0,0,Logística
0,7.74,15.8,39,Femenino,5,52.9,0,2,26.2,1,Comercio & Retail
0,12.21,55.8,23,Femenino,9,49.1,0,1,25.9,0,Manufactura
0,15.18,62.1,43,Masculino,10,39.5,0,1,14.8,0,Servicios Personales
0,11.48,55.9,56,Masculino,13,51.0,0,1,45.5,0,Comercio & Retail
0,11.71,35.1,29,Masculino,7,60.2,0,1,39.1,0,Manufactura
0,11.42,45.0,52,Masculino,8,51.8,0,1,3.9,1,Servicios Personales
1,49.5,78.2,31,Masculino,11,45.4,1,45,17.1,1,Agroindustria
1,51.72,80.3,39,Masculino,12,43.5,1,45,45.2,1,Manufactura
0,13.11,69.9,40,Femenino,11,34.0,0,1,64.3,0,Agroindustria
0,15.97,71.8,24,Femenino,9,63.6,0,1,32.2,1,Manufactura
0,13.36,53.8,57,Femenino,7,63.8,0,2,43.0,0,Tecnología
0,13.56,69.7,42,Masculino,13,58.1,0,2,31.9,1,Tecnología
1,46.22,63.9,30,Femenino,15,32.6,1,12,16.0,1,Tecnología
0,8.73,29.7,38,Masculino,8,44.1,0,2,2.9,1,Servicios Personales
0,9.59,42.1,58,Masculino,8,41.3,1,2,9.9,0,Tecnología
0,14.7,68.9,27,Masculino,13,46.2,0,2,16.5,0,Manufactura
1,53.5,82.0,26,Femenino,11,33.1,1,12,18.6,1,Comercio & Retail
0,13.1,60.7,32,Femenino,12,15.3,0,1,30.3,0,Servicios Personales
0,14.82,60.5,19,Masculino,11,70.8,0,4,21.9,1,Servicios Personales
0,14.5,62.5,42,Femenino,11,48.6,0,2,54.8,0,Manufactura
0,13.08,49.1,30,Femenino,8,53.5,1,1,15.1,0,Comercio & Retail
0,9.52,40.8,51,Femenino,2,49.5,0,1,12.8,1,Comercio & Retail
1,51.04,72.3,51,Femenino,11,44.7,1,120,17.5,1,Manufactura
0,15.11,67.1,52,Femenino,13,38.1,0,1,9.7,0,Servicios Personales
0,13.97,52.8,55,Masculino,11,51.5,0,1,22.8,0,Comercio & Retail
0,10.41,37.4,20,Femenino,7,61.8,0,1,28.3,0,Manufactura
0,9.85,47.3,59,Masculino,8,44.8,0,1,59.3,1,Comercio & Retail
0,17.03,83.9,23,Femenino,19,51.3,0,8,24.5,1,Tecnología
0,15.22,68.1,36,Masculino,11,51.4,0,1,17.0,1,Comercio & Retail
0,7.41,12.2,20,Masculino,1,39.5,1,1,43.1,1,Manufactura
0,14.22,62.6,35,Femenino,8,74.4,0,1,39.3,0,Servicios Personales
0,10.93,57.9,56,Femenino,9,36.6,0,2,23.0,0,Tecnología
0,9.93,21.9,26,Femenino,5,64.3,0,1,19.4,0,Comercio & Retail
1,51.46,69.7,29,Masculino,10,45.3,1,45,32.2,1,Comercio & Retail
0,9.01,33.8,22,Masculino,8,39.7,0,2,71.0,1,Comercio & Retail
1,45.34,75.1,20,Masculino,11,41.1,1,12,12.7,1,Logística
0,10.69,58.4,28,Femenino,9,42.0,0,1,13.7,1,Servicios Personales
1,40.55,65.4,47,Femenino,7,43.6,1,45,6.3,1,Comercio & Retail
0,10.98,25.6,21,Femenino,9,53.3,0,1,35.8,1,Comercio & Retail
0,17.28,68.4,22,Femenino,13,43.1,0,1,3.0,1,Manufactura
0,11.04,54.7,18,Masculino,10,27.1,0,1,52.2,0,Tecnología
0,11.74,44.8,44,Femenino,9,42.0,0,8,38.7,1,Servicios Personales
1,47.07,68.9,45,Masculino,11,39.9,1,12,62.8,1,Agroindustria
0,12.24,51.8,46,Masculino,10,31.9,0,1,13.9,0,Manufactura
0,12.59,53.4,35,Masculino,6,45.0,0,1,15.0,0,Manufactura
0,13.58,57.7,29,Femenino,13,38.5,0,2,0.7,0,Logística
0,12.73,27.8,30,Masculino,8,53.1,0,1,25.3,0,Comercio & Retail
0,13.04,43.5,58,Masculino,9,52.9,0,2,51.3,0,Comercio & Retail
0,8.18,36.7,19,Masculino,4,56.8,0,1,30.1,0,Agroindustria
1,51.73,77.0,54,Masculino,13,43.1,1,45,17.4,1,Comercio & Retail
0,12.6,45.4,62,Masculino,10,49.4,0,2,18.6,1,Comercio & Retail
1,43.51,64.2,33,Masculino,11,38.1,1,120,43.0,1,Agroindustria
1,49.19,70.5,41,Femenino,13,48.5,1,120,46.4,1,Manufactura
1,44.55,69.1,52,Masculino,13,41.8,1,120,32.6,1,Agroindustria
0,14.51,60.5,39,Masculino,7,37.6,0,2,16.8,1,Servicios Personales
0,13.7,52.1,53,Masculino,10,56.0,0,8,9.3,1,Manufactura
0,10.14,45.6,28,Masculino,10,19.2,1,2,36.4,0,Servicios Personales
0,9.43,51.8,63,Femenino,9,38.8,0,1,18.9,0,Logística
0,12.52,41.4,46,Masculino,7,56.3,0,4,55.6,0,Tecnología
1,52.67,84.0,52,Masculino,15,41.7,1,450,29.6,1,Agroindustria
1,55.92,71.1,32,Femenino,14,41.0,1,45,31.4,1,Manufactura
1,43.16,65.5,48,Femenino,12,35.6,1,45,12.9,1,Comercio & Retail
1,47.28,72.1,59,Masculino,15,40.2,1,12,10.3,0,Manufactura
0,11.02,40.1,58,Femenino,12,41.6,0,1,28.3,0,Manufactura
0,11.51,52.8,60,Femenino,9,59.4,0,8,5.5,0,Manufactura
0,14.98,58.8,33,Femenino,8,59.0,0,1,5.0,1,Tecnología
0,10.76,64.8,27,Masculino,11,42.8,0,4,28.2,0,Comercio & Retail
0,9.99,19.9,49,Femenino,5,33.0,0,4,8.8,0,Comercio & Retail
0,12.41,63.6,19,Femenino,13,44.9,0,2,22.8,0,Comercio & Retail
0,6.49,28.5,41,Masculino,4,39.8,0,1,29.0,0,Comercio & Retail
1,53.11,76.5,40,Masculino,14,44.8,1,12,12.4,1,Servicios Personales
0,14.61,64.4,19,Masculino,12,36.4,0,1,4.6,1,Agroindustria
0,11.98,52.9,55,Femenino,17,54.4,0,2,5.5,1,Servicios Personales
0,12.68,48.7,48,Masculino,11,41.9,0,1,24.6,0,Servicios Personales
1,48.61,59.4,57,Femenino,12,52.0,1,120,46.8,1,Comercio & Retail
1,44.94,60.5,43,Masculino,13,44.6,1,450,23.0,1,Logística
0,9.21,41.0,46,Masculino,7,60.1,0,4,18.2,1,Manufactura
0,11.37,34.2,20,Femenino,6,54.8,0,1,0.8,1,Tecnología
0,10.47,36.6,31,Masculino,6,37.3,0,1,37.9,0,Servicios Personales
0,13.67,62.9,42,Femenino,10,70.9,0,1,14.2,0,Servicios Personales
0,11.51,66.6,18,Masculino,10,44.0,0,1,12.7,1,Manufactura
0,15.22,53.4,20,Femenino,10,33.3,0,1,23.2,1,Comercio & Retail
0,16.04,68.9,43,Masculino,12,45.8,0,1,33.1,0,Logística
0,10.52,47.2,35,Femenino,7,59.2,0,1,28.0,0,Comercio & Retail
0,17.86,80.7,26,Femenino,13,50.6,0,1,47.3,1,Manufactura
1,48.83,69.7,55,Masculino,12,31.6,0,450,3.7,1,Servicios Personales
1,59.21,99.7,40,Masculino,16,40.7,1,120,20.2,1,Comercio & Retail
0,12.5,70.0,38,Masculino,12,57.1,0,2,21.7,1,Manufactura
0,10.37,38.8,18,Femenino,10,60.3,0,1,15.0,0,Agroindustria
1,63.07,100.0,38,Femenino,18,35.9,1,450,28.0,1,Logística
1,49.85,64.2,44,Masculino,10,35.7,1,120,41.4,1,Servicios Personales
0,15.26,68.0,59,Masculino,11,57.6,0,1,55.6,1,Comercio & Retail
0,14.32,49.9,23,Femenino,12,28.0,0,2,14.8,1,Manufactura
0,16.93,81.9,61,Masculino,14,36.2,0,2,30.9,1,Comercio & Retail
1,44.02,64.9,53,Femenino,10,47.4,1,45,20.8,1,Manufactura
1,44.5,85.0,45,Femenino,21,36.0,1,45,48.4,1,Logística
1,43.78,54.1,62,Femenino,8,44.1,1,120,16.4,1,Agroindustria
1,53.95,81.9,34,Masculino,16,40.3,1,12,41.8,0,Manufactura
0,9.37,31.1,57,Masculino,4,26.8,0,1,36.2,1,Manufactura
0,10.73,38.2,20,Femenino,6,64.5,0,1,44.2,0,Agroindustria
0,7.52,12.0,29,Masculino,4,50.8,0,1,30.8,1,Servicios Personales
0,10.17,38.3,56,Femenino,6,38.5,0,1,35.9,0,Manufactura
0,11.32,38.8,29,Masculino,4,56.2,0,1,44.1,0,Comercio & Retail
0,12.09,46.8,19,Masculino,10,21.0,1,1,30.5,1,Logística
0,12.59,42.4,63,Masculino,7,46.7,0,2,31.4,0,Manufactura
0,13.26,73.9,39,Femenino,16,54.1,0,2,22.1,0,Servicios Personales
0,10.52,58.7,40,Masculino,12,42.3,0,1,54.7,0,Manufactura
0,10.37,36.6,47,Masculino,10,53.8,0,1,35.5,1,Servicios Personales
0,13.22,65.6,22,Masculino,11,57.6,0,8,23.5,0,Servicios Personales
0,12.62,63.2,26,Masculino,12,29.8,0,1,17.9,0,Servicios Personales
0,12.69,66.8,38,Masculino,15,43.5,0,1,27.7,1,Logística
0,14.56,59.0,28,Femenino,8,63.0,0,8,20.7,0,Manufactura
0,12.01,51.6,22,Masculino,7,37.0,0,2,54.1,0,Comercio & Retail
1,46.78,62.3,52,Masculino,12,42.2,1,45,15.1,1,Comercio & Retail
1,58.08,91.5,44,Masculino,16,47.9,1,45,18.8,1,Manufactura
0,11.11,50.8,19,Femenino,5,55.5,0,1,36.5,0,Tecnología
0,13.84,53.6,41,Femenino,12,57.3,0,1,39.2,0,Tecnología
1,39.62,63.8,48,Femenino,15,35.1,1,12,9.2,1,Tecnología
1,34.59,40.7,50,Femenino,12,39.3,1,45,31.4,1,Comercio & Retail
1,38.79,51.9,56,Femenino,11,40.9,1,12,30.1,1,Comercio & Retail
1,46.59,59.1,47,Masculino,12,42.1,1,45,1.7,1,Agroindustria
0,13.63,66.7,63,Femenino,17,37.0,0,1,54.5,0,Comercio & Retail
0,11.38,58.6,54,Femenino,13,62.1,0,1,27.1,1,Manufactura
0,11.29,38.4,45,Femenino,4,45.9,1,1,7.8,1,Logística
0,12.6,57.6,48,Femenino,10,55.6,0,2,15.9,1,Tecnología
0,10.69,47.4,28,Masculino,10,55.3,0,1,36.7,0,Servicios Personales
1,52.2,83.4,40,Femenino,14,39.7,1,12,13.7,1,Logística
0,9.2,41.5,19,Femenino,10,49.7,0,2,20.9,0,Logística
0,16.32,60.0,57,Masculino,10,27.6,1,2,58.9,1,Servicios Personales
0,13.22,52.7,58,Masculino,10,50.0,0,1,23.1,0,Agroindustria
0,14.67,60.0,44,Femenino,11,45.7,0,2,19.5,0,Tecnología
1,45.15,58.0,52,Masculino,10,48.2,1,12,37.5,1,Manufactura
0,14.39,59.0,19,Masculino,8,47.7,0,1,22.1,0,Manufactura
0,10.3,58.1,56,Masculino,9,76.7,0,1,74.3,1,Servicios Personales
1,46.77,69.9,54,Masculino,11,40.2,1,120,24.7,1,Comercio & Retail
0,10.84,52.8,38,Masculino,12,41.8,0,1,27.4,0,Manufactura
1,57.31,92.1,22,Femenino,20,40.5,1,12,14.9,0,Comercio & Retail
0,11.1,25.5,62,Femenino,5,47.9,1,1,28.2,0,Logística
0,9.86,49.9,38,Femenino,12,55.3,0,1,35.1,0,Tecnología
1,56.03,88.0,46,Femenino,16,38.9,1,12,18.3,1,Logística
0,7.91,23.4,37,Masculino,7,42.5,0,1,23.2,0,Servicios Personales
1,42.79,61.2,55,Masculino,13,49.5,1,45,13.1,0,Manufactura
0,12.26,45.5,37,Femenino,9,29.3,0,2,32.2,1,Servicios Personales
0,9.87,44.9,42,Femenino,8,52.3,0,1,2.9,1,Logística
0,12.17,31.6,19,Femenino,7,51.9,0,2,30.1,1,Tecnología
0,12.51,47.6,49,Masculino,10,41.1,0,1,43.2,0,Tecnología
1,52.48,73.7,43,Masculino,10,46.4,1,450,26.0,1,Servicios Personales
0,13.95,64.4,23,Masculino,13,36.8,1,2,11.2,1,Comercio & Retail
0,6.91,26.2,58,Masculino,5,51.3,0,1,22.8,1,Manufactura
1,47.92,69.4,20,Masculino,13,40.4,0,45,24.1,1,Comercio & Retail
1,48.92,67.8,50,Masculino,13,47.1,1,45,18.8,1,Logística
0,16.61,78.2,18,Femenino,11,59.6,0,2,18.2,0,Manufactura
1,54.23,88.3,22,Masculino,19,41.9,1,45,37.2,1,Comercio & Retail
1,51.31,79.9,30,Masculino,15,42.9,1,120,26.6,1,Comercio & Retail
0,10.6,35.0,36,Masculino,8,44.6,0,1,13.0,0,Comercio & Retail
0,7.52,27.8,29,Masculino,5,38.7,0,1,14.5,0,Servicios Personales
0,12.18,36.8,42,Masculino,7,51.0,0,1,41.6,0,Manufactura
0,12.38,32.2,52,Masculino,8,41.1,0,4,41.0,1,Servicios Personales
0,10.2,27.5,29,Masculino,3,64.2,0,1,41.0,0,Tecnología
1,44.39,65.5,47,Femenino,12,38.9,1,45,14.1,1,Comercio & Retail
0,10.77,36.3,22,Masculino,5,42.6,0,2,11.6,1,Servicios Personales
0,10.51,42.9,51,Masculino,11,40.5,0,2,24.9,0,Comercio & Retail
0,12.56,61.3,39,Femenino,14,50.6,1,4,26.8,1,Logística
1,52.22,71.1,56,Masculino,15,45.8,1,120,44.6,1,Tecnología
0,10.43,39.3,30,Masculino,9,55.5,0,8,11.1,0,Comercio & Retail
0,6.89,22.6,64,Masculino,7,50.6,0,1,24.2,1,Logística
0,19.82,84.6,20,Masculino,15,52.5,1,1,21.9,0,Tecnología
1,51.84,94.1,37,Femenino,16,37.0,0,12,2.4,1,Comercio & Retail
1,53.13,78.4,48,Masculino,13,43.0,1,45,34.2,1,Comercio & Retail
0,9.3,45.9,22,Masculino,7,57.7,0,2,27.0,0,Comercio & Retail
0,8.83,29.1,41,Femenino,5,35.1,0,2,59.6,0,Agroindustria
1,53.69,92.7,57,Femenino,14,39.9,0,45,21.7,1,Logística
1,44.71,65.7,50,Masculino,10,41.3,1,45,47.3,1,Comercio & Retail
1,42.7,66.8,25,Masculino,15,42.7,1,45,52.1,0,Manufactura
0,14.4,58.1,41,Masculino,7,29.3,0,2,15.4,0,Tecnología
1,47.68,72.7,37,Masculino,14,44.0,1,12,26.5,1,Comercio & Retail
1,57.66,88.2,33,Femenino,15,43.6,1,450,29.5,1,Comercio & Retail
0,13.74,66.9,29,Femenino,9,32.7,0,1,10.6,1,Manufactura
0,10.76,52.4,30,Femenino,11,31.6,0,1,22.0,0,Servicios Personales
0,10.34,37.7,62,Masculino,6,67.2,0,1,43.3,0,Agroindustria
0,8.85,41.5,59,Femenino,6,52.4,0,2,18.1,1,Logística
0,12.88,59.9,56,Masculino,11,52.2,1,1,42.1,0,Servicios Personales
0,14.03,36.7,42,Masculino,8,27.7,0,1,11.0,1,Logística
0,15.86,60.1,63,Masculino,11,29.6,0,2,33.4,1,Manufactura
0,13.23,56.1,49,Femenino,11,50.0,0,2,61.3,1,Comercio & Retail
1,39.16,60.2,41,Masculino,12,46.2,1,120,7.0,1,Tecnología
0,10.81,47.3,64,Femenino,12,57.8,0,1,30.9,0,Manufactura
0,12.51,64.7,61,Femenino,13,34.5,0,1,32.6,1,Comercio & Retail
0,14.42,80.4,26,Femenino,11,56.6,1,2,24.0,1,Servicios Personales
0,13.33,63.6,57,Masculino,11,43.4,0,2,22.4,0,Comercio & Retail
0,13.79,51.8,40,Femenino,10,41.2,0,1,45.4,1,Logística
1,49.01,76.4,30,Masculino,14,45.4,1,450,17.0,1,Logística
1,53.87,97.1,49,Femenino,17,42.6,1,12,50.3,1,Logística
1,42.69,59.8,32,Femenino,13,40.1,1,120,35.5,1,Servicios Personales
1,49.84,79.9,53,Femenino,12,43.3,1,45,27.2,1,Comercio & Retail
0,9.84,40.3,22,Masculino,9,33.8,0,1,57.3,0,Manufactura
0,13.25,55.1,39,Masculino,11,65.9,0,1,35.5,1,Manufactura
0,11.36,42.2,33,Masculino,8,58.1,0,1,22.1,0,Manufactura
0,14.2,59.2,58,Masculino,8,47.3,0,1,37.4,0,Servicios Personales
0,12.59,39.9,27,Masculino,9,40.1,0,1,28.7,0,Servicios Personales
1,50.78,93.6,41,Masculino,17,45.1,1,45,31.3,1,Comercio & Retail
0,13.04,53.2,35,Masculino,10,39.8,0,4,13.4,0,Manufactura
0,16.56,80.4,35,Masculino,16,52.4,0,2,25.1,0,Logística
0,12.82,50.9,24,Femenino,6,52.8,0,1,47.3,1,Servicios Personales
1,42.97,63.8,21,Masculino,11,40.5,1,12,44.4,0,Tecnología
1,49.81,79.8,43,Masculino,13,41.6,1,12,46.4,1,Agroindustria
1,48.15,77.4,22,Masculino,13,41.6,1,120,21.5,1,Logística
0,11.51,65.2,33,Masculino,6,20.3,0,2,45.5,0,Tecnología
0,13.16,46.5,52,Femenino,5,34.4,0,2,33.0,0,Manufactura
0,13.74,64.2,43,Masculino,12,63.2,0,2,17.7,0,Servicios Personales
0,12.26,47.6,35,Femenino,8,57.8,0,1,58.5,1,Manufactura
1,47.18,80.4,46,Masculino,12,41.0,1,45,25.0,1,Agroindustria
1,49.54,78.2,40,Masculino,15,46.2,1,12,42.4,1,Agroindustria
0,13.89,52.3,31,Masculino,8,53.2,0,2,13.2,0,Comercio & Retail
0,12.65,59.2,32,Femenino,8,36.1,0,1,40.1,1,Comercio & Retail
0,9.49,20.0,50,Femenino,2,46.3,0,1,38.2,0,Servicios Personales
1,42.62,58.5,42,Femenino,13,46.1,0,12,51.3,1,Manufactura
0,13.88,93.2,38,Femenino,18,51.6,0,1,17.9,0,Comercio & Retail
0,8.77,30.6,34,Masculino,5,38.7,0,1,37.4,0,Servicios Personales
1,55.48,90.7,40,Masculino,15,40.3,1,12,19.2,1,Comercio & Retail
0,10.74,51.1,60,Masculino,15,54.5,0,2,58.1,0,Agroindustria
1,41.1,62.5,34,Masculino,13,46.5,1,45,25.6,1,Tecnología
0,12.59,50.6,31,Femenino,8,28.1,1,1,12.7,0,Comercio & Retail
0,11.58,45.3,46,Femenino,9,43.8,0,1,50.4,0,Tecnología
1,49.65,78.3,37,Femenino,12,38.6,1,120,15.1,1,Tecnología
0,14.91,66.4,47,Masculino,12,44.5,0,2,11.8,1,Servicios Personales
0,11.92,45.6,36,Masculino,9,49.6,0,1,65.3,0,Servicios Personales
0,12.48,66.8,56,Masculino,12,54.9,0,1,18.6,0,Tecnología
0,12.25,38.1,30,Femenino,9,38.6,0,1,5.2,1,Logística
0,16.22,61.5,35,Femenino,10,54.3,0,1,25.5,0,Comercio & Retail
0,11.88,65.6,40,Masculino,9,58.0,0,4,23.5,1,Comercio & Retail
1,47.84,70.8,63,Femenino,14,43.4,1,45,56.3,1,Manufactura
0,12.79,36.3,50,Masculino,5,62.3,0,2,9.5,1,Manufactura
1,43.59,53.0,56,Femenino,12,46.6,1,12,11.5,1,Comercio & Retail
0,13.09,52.7,57,Femenino,11,29.7,0,4,25.1,0,Comercio & Retail
0,9.53,30.8,35,Masculino,1,60.3,0,1,33.7,0,Logística
0,16.13,67.1,26,Femenino,13,48.7,0,1,22.3,0,Comercio & Retail
1,54.4,94.6,50,Masculino,14,34.8,1,120,11.7,0,Comercio & Retail
1,40.85,54.0,49,Masculino,8,43.5,1,120,20.9,1,Logística
0,13.27,52.9,34,Masculino,12,32.6,0,1,32.1,0,Servicios Personales
1,56.48,83.3,36,Masculino,11,43.5,1,12,42.3,1,Manufactura
0,15.49,73.9,44,Masculino,18,64.6,0,4,30.1,0,Comercio & Retail
0,12.06,60.4,23,Femenino,12,41.4,0,4,53.3,1,Comercio & Retail
1,40.6,57.9,52,Masculino,10,38.6,1,45,34.9,1,Tecnología
1,55.97,75.3,54,Masculino,14,50.6,1,12,5.2,1,Tecnología
0,15.82,74.0,51,Femenino,16,57.2,0,2,24.2,0,Logística
1,50.38,88.3,37,Masculino,18,47.2,1,12,35.6,1,Agroindustria
1,43.68,61.5,42,Masculino,8,40.1,1,120,8.4,1,Manufactura
0,16.1,77.7,21,Masculino,12,51.1,0,1,2.8,1,Servicios Personales
1,46.46,66.4,27,Masculino,8,39.4,1,45,15.5,1,Servicios Personales
1,49.84,83.5,27,Femenino,19,42.0,1,120,19.7,1,Agroindustria
0,10.26,59.1,41,Masculino,10,52.2,0,1,23.7,1,Manufactura
1,50.27,76.7,38,Femenino,14,45.0,0,45,23.0,0,Agroindustria
0,7.83,33.9,28,Femenino,9,45.7,0,1,23.7,0,Agroindustria
0,12.58,61.1,44,Masculino,12,34.8,0,2,11.6,0,Tecnología
0,7.7,33.7,33,Masculino,3,59.9,0,1,57.9,0,Servicios Personales
0,15.28,70.7,43,Femenino,14,43.1,1,2,31.6,0,Tecnología
1,48.15,69.3,47,Masculino,15,41.4,1,120,36.7,1,Servicios Personales
0,11.33,51.9,33,Masculino,8,46.7,0,2,41.6,1,Comercio & Retail
0,8.81,40.3,24,Masculino,3,41.6,0,1,15.3,0,Manufactura
0,17.28,82.1,33,Masculino,16,45.9,1,1,8.3,0,Manufactura
0,12.15,54.5,52,Masculino,15,33.8,0,1,15.4,1,Servicios Personales
1,51.2,80.1,33,Femenino,13,41.3,1,120,20.5,1,Manufactura
0,9.26,39.2,57,Femenino,9,46.3,0,1,17.3,0,Comercio & Retail
0,11.91,40.2,29,Masculino,9,54.1,0,1,61.6,1,Comercio & Retail
1,51.7,78.5,52,Masculino,15,39.2,1,450,37.1,1,Manufactura
0,12.98,54.7,38,Masculino,9,66.2,0,2,19.3,0,Comercio & Retail
0,11.35,53.4,60,Masculino,11,29.8,0,2,31.3,0,Comercio & Retail
0,14.27,63.3,53,Masculino,10,61.4,0,8,11.0,1,Comercio & Retail
1,41.21,59.7,34,Femenino,11,48.7,1,45,51.3,1,Agroindustria
0,8.23,40.4,49,Femenino,10,31.3,0,1,11.3,1,Comercio & Retail
0,12.01,45.8,58,Femenino,10,40.5,0,2,13.6,1,Manufactura
0,16.64,80.8,23,Masculino,17,55.4,0,1,18.5,0,Tecnología
1,44.23,64.1,41,Femenino,12,40.6,1,12,28.5,1,Logística
1,42.6,54.3,44,Masculino,11,45.0,1,120,45.7,1,Comercio & Retail
0,10.36,49.2,37,Femenino,13,50.6,0,1,59.2,0,Manufactura
0,10.65,32.6,42,Masculino,6,43.2,1,2,21.5,1,Servicios Personales
0,17.95,78.3,19,Femenino,14,44.1,0,4,20.5,0,Servicios Personales
0,16.18,60.3,26,Masculino,11,53.8,1,2,33.8,1,Manufactura
0,11.2,56.9,45,Femenino,8,58.5,0,1,15.7,1,Comercio & Retail
1,46.23,63.5,55,Femenino,10,43.1,1,45,19.1,1,Tecnología
0,10.9,46.3,20,Masculino,12,52.1,0,4,9.0,0,Comercio & Retail
0,10.48,49.0,37,Femenino,10,55.4,0,4,23.8,0,Agroindustria
1,52.53,78.5,23,Masculino,14,42.4,1,12,19.7,1,Agroindustria
0,13.33,48.6,56,Masculino,7,46.7,0,1,26.0,1,Logística
0,11.18,44.5,50,Masculino,6,27.8,0,1,27.5,1,Agroindustria
0,10.19,53.6,18,Masculino,7,64.8,0,1,32.1,0,Logística
1,47.25,60.3,54,Femenino,8,46.1,1,45,25.3,1,Comercio & Retail
0,12.19,42.2,23,Masculino,11,41.8,0,2,11.7,1,Comercio & Retail
0,12.45,47.4,62,Femenino,9,51.4,0,1,53.0,0,Manufactura
0,11.82,42.1,51,Femenino,5,16.1,0,1,28.3,1,Logística
0,9.29,43.4,64,Femenino,5,68.1,0,1,20.7,0,Manufactura
0,11.39,53.0,32,Femenino,5,39.7,0,4,36.0,1,Servicios Personales
1,41.64,66.5,62,Masculino,9,46.0,1,120,25.4,1,Comercio & Retail
0,10.75,55.0,43,Masculino,7,34.3,0,1,47.4,0,Tecnología
0,11.8,46.8,31,Femenino,9,67.1,0,1,12.8,0,Servicios Personales
1,51.24,84.1,24,Femenino,15,39.4,1,45,16.3,1,Comercio & Retail
0,12.79,59.4,63,Femenino,6,20.9,0,4,13.9,1,Servicios Personales
0,13.73,74.6,48,Femenino,11,52.4,0,1,45.8,1,Comercio & Retail
0,8.97,39.4,41,Masculino,5,48.5,0,2,0.9,1,Manufactura
0,10.18,50.1,48,Femenino,5,35.8,0,4,31.0,0,Manufactura
1,47.62,61.9,46,Femenino,11,40.6,1,12,16.5,1,Manufactura
0,14.86,70.0,59,Masculino,13,44.4,1,2,44.3,1,Manufactura
1,36.48,65.4,49,Masculino,13,46.8,1,120,36.3,1,Logística
1,42.51,57.8,34,Masculino,14,31.9,1,12,57.1,0,Servicios Personales
1,42.35,61.2,31,Masculino,9,49.1,1,12,30.8,1,Comercio & Retail
0,13.1,58.7,57,Femenino,11,47.7,0,2,11.1,0,Comercio & Retail
1,45.71,53.1,53,Femenino,9,44.0,1,12,51.7,0,Manufactura
0,14.9,80.8,41,Femenino,15,45.5,1,1,18.2,1,Logística
0,12.2,37.9,62,Femenino,7,57.3,0,2,3.2,1,Comercio & Retail
0,14.71,72.5,44,Masculino,12,27.7,0,1,23.1,0,Manufactura
0,9.43,38.2,42,Masculino,6,69.7,0,1,60.5,1,Comercio & Retail
0,11.74,54.6,49,Femenino,10,59.0,0,1,23.0,1,Comercio & Retail
0,8.69,5.0,35,Femenino,4,58.1,0,1,40.3,1,Manufactura
0,14.87,61.3,63,Femenino,11,49.5,0,8,21.6,0,Manufactura
1,54.84,78.4,35,Masculino,18,35.0,1,12,10.8,1,Logística
0,11.02,44.2,54,Femenino,8,57.9,0,8,32.8,0,Comercio & Retail
0,11.82,44.0,43,Femenino,9,54.9,0,1,44.5,0,Servicios Personales
0,12.3,60.7,26,Masculino,13,42.8,0,1,32.6,0,Comercio & Retail
0,13.86,53.5,52,Femenino,10,46.1,0,2,36.7,0,Servicios Personales
1,52.28,80.6,25,Femenino,15,41.7,1,450,26.0,0,Logística
1,47.39,74.7,37,Femenino,11,36.1,1,450,41.5,0,Logística
1,43.01,69.3,59,Femenino,13,40.2,1,12,4.6,1,Comercio & Retail
0,6.95,19.1,39,Femenino,2,44.0,1,1,5.2,0,Servicios Personales
0,9.59,52.5,36,Femenino,10,52.7,0,1,17.4,0,Agroindustria
0,13.51,49.2,47,Masculino,6,50.2,0,1,29.3,1,Servicios Personales
0,13.66,52.0,45,Masculino,8,26.9,0,4,51.4,1,Manufactura
0,11.09,51.1,52,Masculino,12,61.7,1,1,20.3,0,Logística
1,41.15,44.7,60,Masculino,9,47.6,1,120,3.9,0,Agroindustria
0,12.59,43.8,28,Femenino,7,38.6,0,1,24.7,0,Servicios Personales
0,11.6,73.4,48,Masculino,15,47.3,0,1,22.3,0,Manufactura
1,43.95,65.6,56,Femenino,14,45.6,1,120,10.5,1,Servicios Personales
0,11.96,33.3,53,Femenino,5,54.1,0,1,14.9,0,Servicios Personales
0,17.66,70.0,47,Femenino,13,26.2,0,2,12.0,0,Comercio & Retail
1,43.17,63.0,40,Femenino,11,34.3,1,120,45.6,1,Servicios Personales
0,14.32,59.6,36,Masculino,11,43.2,0,1,26.2,0,Comercio & Retail
1,52.29,88.4,29,Femenino,16,37.3,1,12,61.7,1,Servicios Personales
0,14.3,63.7,32,Femenino,11,45.5,0,1,21.4,0,Manufactura
0,12.32,57.0,48,Femenino,13,56.1,0,2,59.2,0,Servicios Personales
1,43.7,55.8,60,Femenino,11,44.4,1,12,12.9,1,Servicios Personales
0,12.68,57.8,54,Femenino,11,60.5,0,2,39.4,0,Servicios Personales
0,14.85,37.6,54,Femenino,6,60.5,0,4,45.6,0,Comercio & Retail
1,47.3,83.3,32,Femenino,19,44.2,1,12,11.8,1,Comercio & Retail
0,7.36,9.7,46,Masculino,0,37.0,0,1,33.9,0,Comercio & Retail
0,12.9,52.2,60,Femenino,7,63.6,0,1,34.4,0,Comercio & Retail
0,10.26,37.3,43,Femenino,8,24.3,0,2,29.2,0,Comercio & Retail
1,43.04,64.2,61,Masculino,13,41.5,1,12,22.9,1,Comercio & Retail
0,12.29,47.7,19,Masculino,5,56.4,0,1,55.8,0,Tecnología
0,12.85,50.4,37,Femenino,9,61.6,1,1,58.7,0,Agroindustria
1,52.28,91.1,32,Femenino,13,41.1,1,12,15.8,1,Servicios Personales
0,11.27,51.3,21,Masculino,5,48.9,0,2,12.0,0,Manufactura
0,9.07,29.4,39,Femenino,9,37.3,1,4,32.3,0,Logística
0,9.7,40.3,55,Masculino,9,49.7,0,1,19.7,0,Tecnología
0,12.68,47.8,40,Femenino,8,51.4,0,1,40.7,1,Logística
0,12.66,52.0,43,Masculino,10,70.9,0,2,10.2,1,Logística
0,12.67,54.2,28,Masculino,8,34.1,0,1,5.7,0,Logística
0,13.83,77.6,45,Masculino,14,39.6,0,1,55.0,1,Agroindustria
0,9.89,48.0,19,Femenino,12,34.2,0,2,31.3,1,Servicios Personales
1,45.85,62.8,25,Femenino,9,36.1,1,120,21.8,1,Comercio & Retail
0,11.81,74.4,46,Femenino,10,68.8,0,1,15.6,1,Tecnología
0,11.2,37.4,28,Masculino,9,48.8,0,2,4.0,1,Manufactura
0,14.2,71.3,54,Masculino,15,43.6,0,2,15.5,1,Manufactura
0,11.94,59.8,35,Femenino,12,64.4,0,1,25.8,0,Servicios Personales
1,42.39,63.5,31,Masculino,9,39.3,1,12,39.9,1,Servicios Personales
1,52.69,78.2,27,Femenino,12,51.1,1,450,10.3,1,Agroindustria
0,15.98,78.7,52,Femenino,17,58.2,0,8,24.7,0,Comercio & Retail
0,12.77,38.4,26,Masculino,7,43.4,0,4,8.4,0,Manufactura
0,14.47,77.2,52,Femenino,13,33.6,0,2,36.6,0,Comercio & Retail
0,15.39,60.9,28,Femenino,12,65.2,0,1,48.9,1,Manufactura
0,12.61,53.3,61,Femenino,9,36.5,1,4,48.9,1,Comercio & Retail
0,12.6,52.6,29,Masculino,7,36.0,0,1,70.9,1,Agroindustria
1,51.9,74.3,20,Masculino,13,38.7,1,12,4.1,1,Comercio & Retail
1,45.27,61.9,56,Masculino,11,35.2,1,120,21.7,1,Logística
1,50.32,61.9,31,Masculino,15,39.6,1,12,8.1,0,Manufactura
1,51.43,77.0,45,Masculino,14,40.9,1,120,6.7,1,Agroindustria
0,12.38,68.9,28,Femenino,11,38.4,1,1,75.9,0,Logística
0,12.74,50.5,56,Masculino,7,44.9,0,1,19.1,0,Comercio & Retail
1,46.49,73.3,42,Masculino,18,43.5,1,120,46.9,1,Servicios Personales
0,12.29,55.2,38,Masculino,8,48.9,0,2,21.0,1,Comercio & Retail
0,12.77,59.9,27,Masculino,13,58.4,0,4,47.0,0,Agroindustria
0,4.58,5.0,60,Masculino,3,41.9,0,1,11.2,1,Tecnología
0,14.57,77.5,32,Femenino,16,48.6,0,2,19.9,0,Comercio & Retail
0,8.71,11.5,36,Femenino,2,42.5,0,2,27.4,1,Manufactura
0,12.08,51.0,39,Masculino,9,60.5,0,2,6.7,0,Logística
0,7.3,26.5,38,Masculino,6,33.2,0,1,29.6,0,Logística
1,53.39,72.9,61,Masculino,15,46.4,1,45,7.8,1,Tecnología
0,12.48,26.8,49,Femenino,7,34.5,0,2,25.7,0,Servicios Personales
0,15.81,56.2,40,Femenino,12,67.7,0,1,22.0,0,Comercio & Retail
1,47.75,62.4,30,Masculino,11,40.0,1,120,9.7,1,Servicios Personales
0,10.51,52.7,22,Masculino,5,41.6,0,8,14.1,1,Comercio & Retail
0,13.27,68.2,21,Masculino,14,36.7,1,1,15.5,0,Manufactura
0,11.84,54.9,45,Femenino,10,38.9,0,2,55.5,1,Comercio & Retail
1,53.38,87.0,31,Masculino,16,34.7,1,120,41.0,1,Comercio & Retail
1,43.03,67.1,25,Masculino,12,41.5,1,120,30.2,1,Servicios Personales
0,12.17,47.6,26,Masculino,7,34.4,0,4,1.0,1,Comercio & Retail
1,44.79,58.0,52,Femenino,9,40.5,1,45,15.3,1,Servicios Personales
0,11.68,47.2,54,Femenino,9,35.1,0,2,18.4,1,Tecnología
0,12.53,59.1,38,Masculino,13,51.4,0,1,9.0,0,Comercio & Retail
1,48.46,69.8,35,Femenino,13,38.6,1,450,25.0,1,Comercio & Retail
0,6.17,19.7,50,Masculino,7,71.5,0,2,5.9,0,Comercio & Retail
0,11.28,50.5,25,Femenino,14,53.9,0,1,13.7,0,Comercio & Retail
1,52.41,78.0,34,Masculino,12,39.8,0,12,17.0,1,Comercio & Retail
0,13.56,78.4,60,Femenino,13,62.7,0,1,54.9,0,Tecnología
0,10.87,56.2,48,Femenino,12,31.0,0,1,37.6,1,Comercio & Retail
0,12.86,54.7,51,Masculino,13,58.2,0,2,70.0,0,Comercio & Retail
0,8.51,44.4,23,Masculino,6,49.1,1,1,37.4,1,Servicios Personales
0,15.6,66.0,39,Femenino,11,70.5,0,1,55.9,0,Comercio & Retail
0,15.02,62.1,31,Femenino,14,39.8,0,2,64.3,0,Manufactura
1,47.98,69.7,20,Masculino,14,40.6,1,12,3.5,1,Tecnología
1,40.9,53.0,29,Femenino,14,44.4,0,12,38.7,1,Comercio & Retail
0,10.47,38.6,53,Masculino,7,50.1,0,4,23.9,0,Comercio & Retail
1,58.55,84.6,29,Femenino,18,42.6,1,120,32.4,1,Tecnología
1,56.31,84.6,62,Masculino,17,41.4,1,45,5.5,1,Servicios Personales
0,12.57,65.2,19,Masculino,7,51.5,0,2,30.8,0,Agroindustria
0,12.52,39.2,19,Masculino,9,66.9,1,1,16.6,0,Servicios Personales
1,50.7,82.0,32,Femenino,13,41.1,1,45,48.8,1,Comercio & Retail
0,9.46,37.2,40,Masculino,7,46.9,0,4,17.4,0,Logística
0,13.32,56.2,46,Femenino,12,25.8,0,1,35.4,1,Comercio & Retail
1,49.63,69.4,34,Masculino,11,36.3,1,45,41.2,1,Manufactura
1,48.8,68.0,49,Masculino,15,45.7,1,45,26.5,1,Comercio & Retail
0,12.1,54.1,24,Masculino,12,46.8,0,1,28.0,1,Comercio & Retail
0,10.8,29.1,47,Femenino,2,44.0,0,2,37.7,1,Comercio & Retail
0,10.62,71.7,45,Masculino,13,41.7,0,1,11.3,1,Manufactura
1,44.58,69.7,31,Femenino,15,40.1,1,45,18.9,1,Agroindustria
0,14.83,73.0,61,Femenino,10,39.0,0,2,40.4,0,Servicios Personales
0,11.77,54.0,47,Femenino,11,46.5,0,1,43.6,0,Manufactura
0,10.23,43.1,34,Femenino,11,29.4,0,1,14.1,1,Tecnología
0,10.88,35.3,49,Femenino,8,54.4,0,1,21.3,0,Manufactura
0,15.5,79.0,63,Femenino,19,80.0,0,1,39.9,1,Manufactura
0,7.13,39.2,23,Masculino,7,56.7,0,8,28.4,0,Logística
1,52.67,85.3,41,Femenino,14,49.6,1,45,31.7,1,Comercio & Retail
0,9.97,52.8,23,Masculino,14,66.7,0,2,12.6,0,Servicios Personales
0,13.84,64.0,44,Femenino,8,37.0,0,1,14.1,0,Manufactura
0,8.48,31.9,35,Masculino,6,39.6,0,8,39.6,0,Servicios Personales
0,12.58,49.1,41,Femenino,10,37.6,0,1,17.4,1,Comercio & Retail
1,42.25,58.9,54,Masculino,13,38.5,1,120,19.4,1,Tecnología
0,12.0,53.6,41,Masculino,11,60.9,0,1,47.5,1,Agroindustria
1,48.46,80.3,55,Femenino,17,46.3,1,45,31.6,1,Manufactura
0,8.9,45.5,51,Masculino,8,42.5,0,1,63.4,0,Comercio & Retail
0,12.79,49.7,57,Femenino,8,18.4,0,2,11.6,0,Comercio & Retail
0,12.67,45.8,64,Masculino,13,50.2,1,1,39.9,0,Servicios Personales
0,9.83,29.4,32,Femenino,4,51.2,0,1,36.6,0,Tecnología
0,10.88,51.7,28,Femenino,8,41.3,0,1,34.5,1,Manufactura
0,9.69,54.2,39,Femenino,10,39.3,0,1,29.2,0,Comercio & Retail
0,11.13,52.1,41,Masculino,10,54.1,0,1,50.7,0,Comercio & Retail
0,11.41,41.7,18,Masculino,8,43.2,0,1,55.9,0,Comercio & Retail
0,12.74,37.4,35,Masculino,3,42.4,0,2,56.2,0,Comercio & Retail
0,16.18,79.6,61,Masculino,15,48.7,0,2,41.6,1,Tecnología
0,11.78,72.7,29,Femenino,15,54.0,0,8,10.9,1,Servicios Personales
0,10.17,36.1,60,Masculino,4,52.7,0,1,8.5,0,Manufactura
1,51.23,76.2,45,Masculino,13,44.8,1,12,23.6,1,Comercio & Retail
0,7.79,37.2,57,Masculino,9,56.6,0,4,20.5,0,Manufactura
0,13.55,67.9,24,Masculino,12,33.9,0,2,26.7,0,Manufactura
0,13.38,50.5,40,Masculino,11,48.6,0,2,11.3,1,Comercio & Retail
0,11.51,43.8,38,Masculino,4,68.9,0,1,25.7,0,Manufactura
0,11.23,57.4,51,Femenino,13,24.2,0,2,26.1,0,Agroindustria
0,12.43,46.7,28,Femenino,8,50.5,0,8,28.6,1,Agroindustria
0,7.97,17.7,39,Femenino,0,42.6,0,4,46.2,0,Manufactura
0,12.69,40.4,59,Femenino,11,46.6,0,4,14.9,0,Servicios Personales
0,4.82,10.1,52,Femenino,4,57.9,0,2,62.3,0,Manufactura
0,13.23,66.7,46,Masculino,14,46.6,0,1,14.6,1,Comercio & Retail
0,11.26,67.7,59,Femenino,9,57.2,0,1,48.2,1,Agroindustria
0,11.01,53.1,45,Masculino,10,39.8,0,1,26.5,0,Servicios Personales
0,15.43,67.7,35,Masculino,12,43.1,0,1,63.3,0,Agroindustria
0,10.38,23.7,31,Femenino,10,45.9,0,2,22.8,0,Comercio & Retail
1,37.06,55.3,35,Femenino,8,41.9,1,450,42.0,1,Manufactura
0,14.05,75.9,45,Masculino,14,25.1,0,1,11.1,0,Servicios Personales
1,42.02,61.5,41,Masculino,10,43.3,1,45,54.8,1,Comercio & Retail
0,12.41,39.4,25,Masculino,6,54.2,0,4,7.5,0,Manufactura
0,11.08,46.2,59,Femenino,11,65.7,0,1,27.3,0,Agroindustria
0,11.99,47.4,62,Masculino,10,36.6,0,1,13.0,1,Comercio & Retail
0,10.72,45.9,25,Femenino,10,32.6,0,1,18.2,0,Comercio & Retail
0,14.46,60.4,21,Masculino,10,45.1,0,4,29.4,0,Tecnología
0,10.13,52.7,44,Masculino,10,48.6,0,1,55.3,0,Comercio & Retail
1,52.47,87.3,53,Femenino,16,51.4,1,45,17.8,1,Comercio & Retail
0,12.16,49.2,22,Femenino,7,41.2,0,2,28.4,0,Comercio & Retail
0,11.09,40.5,50,Femenino,2,29.1,0,1,16.2,1,Manufactura
1,41.24,56.1,51,Femenino,10,43.7,1,12,8.7,1,Comercio & Retail
0,12.05,64.7,47,Masculino,13,56.8,0,1,26.5,0,Servicios Personales
0,8.08,31.9,25,Femenino,4,55.1,0,4,10.3,0,Servicios Personales
0,9.22,32.3,56,Masculino,11,28.9,1,2,4.3,0,Manufactura
0,6.68,31.3,64,Femenino,5,30.7,1,2,68.3,0,Logística
1,56.61,73.1,43,Masculino,13,40.5,1,12,53.8,1,Manufactura
0,13.44,52.0,54,Masculino,10,51.8,1,2,8.9,1,Agroindustria
0,11.62,40.5,51,Masculino,7,58.4,0,2,32.4,0,Servicios Personales
0,9.39,27.9,24,Masculino,4,57.5,0,1,50.3,0,Logística
1,55.63,100.0,57,Femenino,18,44.1,1,120,8.8,1,Tecnología
1,56.2,93.6,45,Masculino,19,39.1,1,120,14.7,1,Agroindustria
0,11.65,37.3,56,Femenino,6,47.5,0,1,11.8,1,Manufactura
1,42.79,63.1,56,Femenino,6,40.0,1,120,20.0,1,Manufactura
0,13.38,41.8,45,Femenino,10,70.5,0,1,50.6,1,Comercio & Retail
0,11.24,44.1,31,Masculino,9,69.5,0,4,42.3,0,Manufactura
0,10.51,40.1,55,Masculino,9,38.8,0,2,49.9,1,Servicios Personales
0,10.85,51.2,21,Masculino,11,41.3,0,1,10.0,0,Comercio & Retail
1,53.35,95.3,59,Femenino,17,39.5,0,12,35.8,1,Comercio & Retail
0,14.6,64.8,35,Femenino,15,51.5,0,4,26.7,0,Manufactura
0,14.13,51.2,61,Masculino,9,43.2,0,4,40.4,0,Tecnología
0,15.96,71.6,42,Masculino,13,40.8,0,2,14.0,0,Comercio & Retail
0,9.39,33.8,24,Femenino,3,60.8,0,1,29.6,1,Servicios Personales
0,10.21,52.3,55,Masculino,11,44.1,0,1,54.8,1,Manufactura
0,14.28,56.5,45,Femenino,9,24.8,0,1,58.5,0,Comercio & Retail
1,45.17,66.2,22,Femenino,14,33.8,1,450,25.7,1,Servicios Personales
0,12.96,63.0,20,Femenino,12,40.2,0,2,9.7,1,Servicios Personales
0,11.32,48.1,61,Femenino,11,43.9,0,1,60.3,1,Manufactura
0,14.88,49.7,48,Femenino,12,36.2,0,1,63.6,1,Comercio & Retail
0,12.75,50.4,64,Masculino,8,28.4,0,1,51.3,1,Comercio & Retail
1,60.28,94.7,59,Masculino,14,44.5,1,12,50.9,1,Manufactura
0,15.35,59.6,37,Femenino,12,51.4,0,2,31.0,0,Servicios Personales
0,12.52,50.6,36,Masculino,9,53.6,0,2,26.0,0,Manufactura
1,38.55,61.0,28,Masculino,10,41.4,1,45,22.3,1,Logística
0,13.32,77.5,57,Femenino,13,58.3,0,1,21.0,0,Tecnología
0,15.18,82.0,20,Masculino,14,70.1,0,1,21.7,0,Servicios Personales
0,13.21,56.3,40,Masculino,9,45.2,0,1,35.6,0,Manufactura
0,11.73,41.2,24,Femenino,7,39.8,0,2,21.2,0,Tecnología
0,11.97,53.8,40,Femenino,8,56.1,1,2,41.9,0,Agroindustria
0,11.09,50.9,24,Femenino,8,37.1,0,1,48.7,0,Servicios Personales
0,12.08,54.4,63,Masculino,10,75.5,0,1,12.7,1,Servicios Personales
1,52.33,84.1,51,Femenino,15,45.5,0,12,51.7,1,Agroindustria
1,38.13,51.3,59,Masculino,8,47.3,1,45,39.0,1,Logística
0,13.96,52.0,36,Masculino,11,41.9,0,4,38.0,0,Comercio & Retail
0,11.48,40.3,26,Femenino,9,47.4,0,1,3.3,0,Comercio & Retail
0,9.88,39.1,35,Masculino,10,40.7,0,2,60.0,0,Comercio & Retail
1,33.34,49.6,58,Masculino,11,43.8,1,120,4.5,0,Agroindustria
1,51.29,75.3,62,Femenino,15,39.4,1,120,37.1,1,Servicios Personales
1,45.72,69.2,59,Masculino,11,41.5,1,12,17.5,1,Agroindustria
0,8.06,13.8,42,Femenino,0,39.2,0,8,20.8,0,Comercio & Retail
0,13.12,54.0,31,Femenino,9,27.7,0,2,19.0,0,Logística
1,47.1,85.0,61,Femenino,16,46.1,1,12,31.7,1,Comercio & Retail
0,13.78,58.8,42,Masculino,14,59.9,0,2,49.2,1,Comercio & Retail
1,46.09,62.7,36,Masculino,13,45.5,1,450,38.6,1,Manufactura
1,38.76,59.4,56,Femenino,14,39.1,1,120,23.4,1,Tecnología
1,46.23,63.6,32,Femenino,13,44.0,1,120,32.7,1,Comercio & Retail
1,45.22,73.7,33,Femenino,14,34.6,1,45,44.9,1,Servicios Personales
0,11.93,39.8,44,Masculino,6,60.7,0,1,48.8,0,Comercio & Retail
0,10.86,46.8,57,Masculino,10,44.0,1,1,29.7,1,Servicios Personales
0,14.36,64.5,27,Masculino,11,74.9,0,8,21.9,0,Manufactura
1,40.18,57.6,21,Masculino,10,38.5,1,45,37.2,1,Comercio & Retail
0,12.37,51.3,36,Masculino,8,34.4,0,1,41.2,1,Comercio & Retail
0,11.15,60.6,45,Femenino,11,53.7,0,1,8.8,0,Comercio & Retail
0,10.88,23.5,38,Femenino,4,37.4,0,2,16.7,1,Agroindustria
0,13.27,50.9,64,Masculino,12,58.7,0,4,23.3,1,Comercio & Retail
0,12.86,46.9,31,Masculino,7,66.0,0,2,9.4,1,Comercio & Retail
0,8.54,27.2,50,Femenino,2,59.4,0,1,46.2,0,Manufactura
0,12.8,55.8,27,Masculino,10,54.3,0,4,16.4,0,Comercio & Retail
1,63.37,100.0,36,Masculino,16,38.2,1,12,41.5,1,Comercio & Retail
0,4.52,22.4,47,Femenino,3,58.9,0,4,29.0,0,Servicios Personales
0,11.38,54.4,39,Masculino,9,34.5,0,8,49.1,1,Comercio & Retail
0,9.35,32.1,20,Masculino,4,45.3,0,4,46.1,0,Comercio & Retail
0,13.27,58.7,54,Femenino,11,29.2,0,1,22.6,1,Comercio & Retail
0,12.2,56.4,58,Masculino,13,38.7,0,4,36.9,0,Servicios Personales
0,11.7,40.3,35,Femenino,7,51.8,0,1,63.3,0,Manufactura
0,11.95,56.6,28,Femenino,8,49.5,0,2,59.5,0,Agroindustria
0,14.32,56.9,19,Masculino,9,51.7,0,1,31.9,1,Manufactura
1,51.56,83.5,29,Femenino,15,36.9,1,12,33.4,1,Logística
0,9.76,28.9,23,Femenino,5,55.0,0,1,11.0,0,Comercio & Retail
0,11.16,56.3,60,Femenino,8,70.4,1,2,30.4,0,Tecnología
1,44.09,68.1,57,Femenino,16,44.0,1,120,7.3,1,Tecnología
0,12.53,41.0,61,Femenino,7,44.6,0,4,60.1,1,Servicios Personales
0,12.5,40.8,46,Masculino,9,30.8,0,1,8.7,0,Agroindustria
1,45.22,76.7,47,Femenino,11,44.8,1,120,26.8,1,Comercio & Retail
1,56.77,92.6,19,Masculino,19,46.8,1,12,48.1,1,Tecnología
0,11.98,48.5,26,Masculino,6,44.3,0,2,29.0,0,Agroindustria
1,48.33,71.0,64,Femenino,13,41.3,1,120,18.6,1,Manufactura
0,11.99,40.3,19,Masculino,5,50.9,0,1,39.7,1,Servicios Personales
0,8.94,28.6,46,Masculino,6,54.5,0,2,21.2,0,Servicios Personales
0,11.67,46.4,50,Femenino,8,36.9,0,1,59.4,0,Tecnología
1,44.0,52.2,27,Femenino,12,44.1,1,120,8.6,1,Logística
0,8.56,42.3,51,Masculino,8,36.2,0,1,5.9,1,Comercio & Retail
1,48.17,59.2,61,Masculino,11,39.3,1,12,14.2,1,Comercio & Retail
0,11.24,33.6,25,Femenino,7,48.2,0,1,34.6,1,Manufactura
0,10.76,42.0,54,Femenino,10,58.6,0,1,42.7,1,Servicios Personales
0,9.2,22.8,50,Femenino,5,42.1,0,1,9.6,0,Comercio & Retail
0,9.11,41.2,64,Femenino,5,50.4,0,2,42.8,0,Tecnología
0,11.19,43.7,23,Masculino,8,55.9,0,8,20.2,0,Servicios Personales
0,12.47,49.9,61,Femenino,12,48.0,0,1,27.1,0,Manufactura
1,41.56,58.2,57,Femenino,11,35.1,1,12,13.0,1,Tecnología
0,12.12,49.9,62,Femenino,7,49.0,0,2,53.7,0,Servicios Personales
0,8.53,37.5,36,Femenino,6,30.5,0,2,39.4,1,Manufactura
1,43.54,56.4,49,Femenino,14,43.6,1,45,17.8,0,Servicios Personales
0,15.48,72.8,44,Femenino,15,37.6,0,1,30.4,1,Agroindustria
1,36.77,54.5,18,Femenino,12,39.7,1,12,25.4,1,Comercio & Retail
1,44.41,61.0,60,Masculino,11,42.7,1,45,41.1,1,Comercio & Retail
0,6.19,18.8,50,Masculino,2,39.3,0,4,24.0,1,Manufactura
1,45.08,64.6,57,Femenino,12,43.0,1,450,18.5,1,Servicios Personales
1,45.29,61.2,49,Masculino,16,40.6,0,120,20.8,1,Tecnología
0,15.8,71.2,22,Femenino,14,28.2,0,2,16.7,0,Manufactura
0,13.26,67.8,34,Masculino,14,42.3,0,2,76.8,1,Manufactura
0,7.16,21.5,25,Femenino,4,46.2,0,1,36.9,0,Comercio & Retail
0,11.4,43.0,59,Femenino,7,46.4,0,1,9.7,0,Agroindustria
0,11.1,47.3,51,Masculino,9,64.4,0,2,10.3,0,Manufactura
0,10.39,41.7,26,Femenino,7,32.8,0,2,17.8,1,Servicios Personales
0,8.87,28.5,40,Femenino,6,45.9,0,1,40.4,0,Comercio & Retail
1,41.55,63.9,52,Masculino,12,45.4,1,12,19.3,1,Servicios Personales
1,51.92,51.8,24,Masculino,14,38.5,1,120,17.3,1,Agroindustria
0,9.76,32.4,32,Masculino,5,59.0,0,2,7.7,1,Servicios Personales
0,13.33,69.9,37,Femenino,14,30.7,0,1,38.2,0,Tecnología
1,53.84,75.0,42,Masculino,11,41.0,1,120,18.1,1,Manufactura
1,55.53,75.5,20,Femenino,16,41.2,1,120,10.3,1,Servicios Personales
1,50.07,82.1,63,Femenino,13,40.2,1,12,19.8,0,Tecnología
0,12.92,65.5,41,Masculino,10,43.6,0,2,22.5,1,Manufactura
1,48.46,56.9,51,Masculino,11,38.9,1,45,14.5,1,Tecnología
0,14.75,54.3,63,Masculino,10,44.3,0,1,22.8,0,Servicios Personales
1,49.51,71.3,39,Masculino,17,39.9,0,12,50.3,1,Manufactura
0,9.92,56.2,28,Femenino,12,42.6,1,2,21.9,1,Logística
0,13.37,52.4,25,Femenino,9,34.1,0,1,27.8,0,Manufactura
0,11.62,58.9,56,Femenino,12,57.2,0,1,40.4,0,Tecnología
1,48.52,71.0,60,Masculino,12,38.2,1,12,48.6,1,Tecnología
0,12.87,52.7,52,Femenino,8,49.2,0,2,61.1,1,Agroindustria
0,11.24,45.1,63,Masculino,7,65.3,0,1,22.2,1,Comercio & Retail
1,50.08,77.0,55,Masculino,14,40.3,1,450,22.1,1,Servicios Personales
0,12.77,54.4,25,Masculino,9,32.6,0,2,60.1,0,Logística
1,39.0,50.9,54,Masculino,9,40.6,1,45,51.5,1,Manufactura
1,40.51,55.3,44,Masculino,12,53.7,1,45,45.9,1,Manufactura
1,43.41,65.1,45,Masculino,8,39.3,1,45,32.6,1,Servicios Personales
1,48.61,65.2,57,Masculino,11,39.1,0,12,47.2,1,Comercio & Retail
1,42.26,54.3,51,Femenino,9,31.0,1,12,21.0,1,Servicios Personales
0,5.58,7.0,49,Femenino,0,48.5,0,4,28.2,0,Comercio & Retail
0,16.66,82.9,32,Masculino,11,28.7,0,1,5.3,0,Manufactura
1,44.49,51.7,61,Masculino,11,40.7,1,12,16.2,1,Comercio & Retail
0,12.75,59.3,34,Femenino,11,40.9,0,1,14.0,0,Comercio & Retail
0,9.56,23.7,50,Femenino,2,53.2,0,1,24.7,1,Comercio & Retail
0,7.78,21.4,64,Masculino,5,53.9,0,1,25.5,1,Logística
1,54.78,75.4,63,Masculino,14,45.6,1,120,53.9,1,Servicios Personales
0,14.94,58.3,33,Femenino,10,47.0,0,1,45.4,0,Servicios Personales
0,7.07,16.2,46,Masculino,3,25.9,0,4,19.9,1,Comercio & Retail
0,14.57,62.3,26,Masculino,10,32.9,0,1,18.3,1,Tecnología
0,7.75,21.3,50,Masculino,4,53.8,1,1,17.5,0,Manufactura
0,8.39,43.7,46,Femenino,8,60.2,0,1,17.9,0,Manufactura
1,36.42,51.2,30,Femenino,11,41.9,1,45,9.9,1,Servicios Personales
0,15.97,65.0,38,Femenino,11,23.2,0,1,58.5,0,Servicios Personales
1,48.24,76.0,38,Femenino,14,37.8,1,45,44.7,1,Agroindustria
0,13.92,51.7,22,Femenino,12,50.6,0,1,44.5,0,Manufactura
0,11.38,57.0,27,Masculino,12,29.5,0,2,47.2,1,Agroindustria
0,13.31,45.2,23,Femenino,9,33.3,1,4,23.3,0,Agroindustria
0,11.44,49.5,30,Masculino,7,41.5,0,1,42.5,0,Comercio & Retail
0,10.74,47.9,18,Masculino,10,35.6,1,1,42.3,1,Manufactura
1,49.55,69.7,37,Femenino,14,44.7,1,45,26.8,0,Comercio & Retail
0,16.26,64.7,64,Masculino,13,52.8,1,1,24.3,0,Comercio & Retail
0,11.7,47.7,63,Masculino,9,46.8,0,1,7.1,0,Manufactura
0,16.56,72.2,25,Masculino,10,50.2,0,1,17.8,0,Tecnología
0,10.05,36.2,27,Femenino,7,54.0,0,2,6.9,0,Agroindustria
1,48.54,68.7,26,Masculino,14,43.5,1,12,46.4,1,Comercio & Retail
1,52.64,82.6,58,Femenino,16,47.8,1,120,24.2,1,Logística
0,15.41,58.8,20,Masculino,12,54.5,0,1,47.7,1,Logística
0,8.33,25.1,28,Femenino,4,53.1,0,2,16.3,0,Logística
1,47.39,70.4,29,Masculino,13,46.6,1,12,36.5,1,Comercio & Retail
1,54.49,86.8,27,Femenino,16,41.3,1,12,32.2,1,Tecnología
0,11.9,52.0,42,Femenino,6,53.5,1,2,51.4,0,Logística
0,14.26,65.0,42,Masculino,13,53.7,0,8,18.7,1,Comercio & Retail
0,10.83,43.3,28,Masculino,9,57.3,0,1,7.3,0,Agroindustria
1,46.87,67.2,53,Femenino,15,37.9,1,120,14.2,1,Logística
0,9.02,53.0,56,Femenino,6,51.1,0,2,33.6,1,Comercio & Retail
0,12.27,50.3,43,Masculino,8,62.0,0,1,22.1,0,Servicios Personales
0,8.63,22.8,31,Masculino,4,34.2,0,1,35.8,0,Comercio & Retail
1,42.67,52.2,56,Femenino,11,42.7,1,120,32.6,1,Tecnología
0,12.61,51.9,57,Masculino,12,49.1,0,8,24.8,0,Manufactura
0,14.82,58.2,18,Masculino,11,35.9,0,1,46.1,1,Comercio & Retail
0,10.4,51.8,21,Femenino,8,65.3,0,2,54.3,0,Servicios Personales
0,10.94,62.5,47,Masculino,8,49.3,0,1,12.9,0,Comercio & Retail
0,11.08,61.8,29,Masculino,9,52.8,0,1,29.9,0,Manufactura
1,47.36,67.4,52,Masculino,13,44.4,1,120,12.6,1,Logística
0,7.49,24.1,30,Femenino,4,56.1,0,2,60.0,0,Comercio & Retail
0,14.32,55.6,48,Masculino,9,58.4,0,2,5.2,0,Manufactura
0,6.01,13.3,55,Femenino,4,41.3,1,2,37.0,0,Servicios Personales
0,11.03,39.1,60,Masculino,8,36.2,0,1,49.9,0,Comercio & Retail
0,11.98,61.4,40,Femenino,10,55.1,0,2,29.6,0,Manufactura
1,58.8,95.8,21,Femenino,18,35.7,1,450,28.4,1,Servicios Personales
0,11.26,56.1,33,Masculino,7,55.5,0,1,11.8,0,Tecnología
0,15.08,69.9,24,Femenino,14,49.3,0,4,45.5,1,Comercio & Retail
0,12.07,44.0,39,Masculino,4,48.8,0,1,6.5,1,Comercio & Retail
0,12.98,51.2,46,Masculino,10,32.6,0,8,35.6,0,Logística
0,11.62,50.4,28,Femenino,10,48.7,0,1,60.7,1,Logística
1,55.42,70.1,50,Masculino,13,37.7,1,12,31.5,1,Comercio & Retail
1,49.51,58.4,46,Masculino,8,43.1,1,45,43.3,1,Comercio & Retail
0,14.95,52.4,56,Femenino,7,39.5,0,1,42.5,1,Tecnología
0,9.7,33.3,29,Masculino,2,42.5,0,1,18.5,1,Manufactura
0,13.13,64.3,24,Masculino,11,47.4,0,2,15.2,0,Logística
0,14.82,56.6,56,Femenino,8,45.7,0,2,52.8,0,Logística
1,54.29,71.3,59,Masculino,14,40.3,1,12,59.1,1,Comercio & Retail
0,13.64,66.2,43,Femenino,12,25.4,1,2,19.9,0,Agroindustria
1,53.34,100.0,57,Masculino,15,32.2,1,12,40.2,0,Comercio & Retail
0,14.49,51.8,26,Masculino,7,65.2,0,2,12.3,0,Logística
1,41.44,59.2,58,Femenino,11,30.3,1,12,41.4,1,Servicios Personales
1,43.32,67.0,51,Masculino,11,42.3,0,12,45.6,1,Comercio & Retail
0,9.43,36.4,62,Masculino,8,44.1,0,1,14.3,0,Tecnología
0,14.65,71.8,30,Femenino,15,60.3,1,2,19.1,0,Logística
1,46.18,65.0,53,Masculino,13,41.1,1,45,31.2,1,Servicios Personales
0,17.56,79.8,42,Masculino,18,52.5,0,1,34.1,0,Servicios Personales
1,56.67,84.7,41,Femenino,13,40.7,1,45,36.6,1,Manufactura
0,15.83,87.7,61,Masculino,17,43.4,0,1,41.5,0,Comercio & Retail
0,18.42,88.9,34,Femenino,17,50.3,0,2,28.3,0,Comercio & Retail
0,12.0,46.0,19,Femenino,8,48.5,0,4,33.3,0,Comercio & Retail
0,7.91,19.5,30,Masculino,4,32.2,0,2,31.2,0,Logística
0,15.12,78.4,48,Masculino,16,66.0,0,2,11.2,0,Comercio & Retail
0,15.59,62.8,46,Masculino,13,48.6,0,2,31.3,0,Comercio & Retail
0,16.38,52.8,45,Femenino,12,68.4,1,2,64.4,0,Servicios Personales
0,15.0,54.6,44,Masculino,8,41.7,1,1,31.4,0,Comercio & Retail
0,13.4,60.3,32,Masculino,12,66.5,0,2,17.7,1,Manufactura
1,40.5,53.2,48,Femenino,14,35.6,1,120,29.6,1,Manufactura
0,15.4,67.0,57,Femenino,13,61.8,1,2,32.9,0,Agroindustria
0,9.48,47.2,32,Masculino,8,40.2,0,2,48.3,0,Manufactura
1,48.03,86.5,50,Femenino,16,45.5,1,450,27.6,1,Manufactura
0,11.78,56.2,37,Femenino,10,71.3,0,4,25.2,0,Manufactura
1,43.88,60.9,59,Masculino,13,38.7,1,12,19.1,1,Manufactura
1,52.89,72.0,29,Masculino,13,42.6,1,120,51.0,1,Comercio & Retail
1,52.84,80.5,54,Masculino,18,44.4,1,450,26.1,1,Comercio & Retail
0,14.78,70.1,26,Masculino,12,59.8,0,1,30.4,0,Servicios Personales
0,13.46,66.6,40,Masculino,10,61.6,0,8,15.5,0,Comercio & Retail
0,12.77,58.2,25,Masculino,17,47.6,0,1,27.4,0,Comercio & Retail
0,14.77,63.5,49,Femenino,14,49.8,1,1,64.4,0,Tecnología
1,49.75,63.6,31,Femenino,11,45.8,1,120,12.4,1,Agroindustria
0,12.01,59.9,44,Femenino,11,42.2,0,1,24.0,0,Logística
0,11.98,40.0,42,Femenino,3,42.4,0,4,46.7,0,Manufactura
1,46.09,67.5,30,Femenino,10,45.7,1,120,48.3,1,Manufactura
0,13.01,44.3,38,Femenino,5,48.2,0,1,11.9,1,Comercio & Retail
0,6.32,5.0,62,Femenino,0,49.1,0,1,44.3,0,Comercio & Retail
0,11.19,45.4,48,Femenino,8,73.5,0,2,30.3,0,Comercio & Retail
0,10.13,41.4,54,Masculino,5,41.7,0,1,12.8,1,Comercio & Retail
1,42.47,50.7,60,Femenino,9,35.7,1,450,56.8,1,Comercio & Retail
0,13.48,57.7,22,Masculino,11,43.4,0,1,10.7,0,Comercio & Retail
0,14.64,75.4,30,Femenino,12,55.7,0,1,5.1,1,Manufactura
0,14.33,58.6,45,Masculino,10,46.9,0,2,27.0,1,Logística
0,8.03,32.5,60,Masculino,5,37.6,0,1,25.7,1,Agroindustria
0,10.37,43.1,42,Masculino,10,55.9,0,2,25.9,0,Servicios Personales
1,39.15,56.2,52,Masculino,6,39.8,1,45,28.7,1,Manufactura
1,48.75,78.0,64,Masculino,15,41.8,1,45,13.8,1,Comercio & Retail
0,11.87,46.3,56,Femenino,9,25.7,0,1,20.4,1,Manufactura
0,9.92,48.3,24,Masculino,6,42.5,0,8,50.1,0,Servicios Personales
0,7.36,23.0,55,Masculino,6,51.0,0,2,5.3,0,Comercio & Retail
0,14.55,72.5,49,Masculino,10,54.4,0,2,26.7,1,Agroindustria
0,11.56,61.1,20,Femenino,10,35.2,0,2,6.8,0,Manufactura
1,53.04,72.9,62,Masculino,9,41.7,1,120,6.7,1,Comercio & Retail
1,50.37,77.3,56,Masculino,14,43.0,1,120,14.4,1,Comercio & Retail
0,11.79,41.4,54,Masculino,6,31.1,0,1,58.3,1,Tecnología
1,45.85,65.0,39,Masculino,14,44.0,1,120,21.1,1,Comercio & Retail
0,10.51,50.6,25,Femenino,10,34.3,0,1,36.9,1,Comercio & Retail
0,11.72,54.6,34,Femenino,13,38.9,1,1,26.9,0,Comercio & Retail
0,12.65,66.8,44,Femenino,8,39.3,0,4,30.7,0,Servicios Personales
0,16.03,68.3,50,Femenino,13,57.3,0,1,23.4,1,Logística
0,12.73,51.7,63,Femenino,7,39.8,0,2,44.9,0,Comercio & Retail
1,49.84,89.3,34,Femenino,16,45.5,1,45,8.8,1,Servicios Personales
0,13.35,52.8,59,Femenino,10,37.4,0,1,35.1,1,Logística
0,8.04,39.0,29,Masculino,8,56.3,0,1,14.8,0,Manufactura
0,9.51,31.8,63,Femenino,6,35.6,0,2,4.9,0,Manufactura
0,14.45,43.5,44,Masculino,11,39.0,0,2,57.5,0,Manufactura
0,11.42,39.8,25,Masculino,9,46.7,0,4,10.5,0,Manufactura
0,7.99,40.4,40,Masculino,5,52.7,0,2,14.1,0,Servicios Personales
0,11.73,53.2,59,Femenino,7,59.2,0,1,9.3,0,Servicios Personales
0,9.1,27.1,46,Masculino,3,39.6,0,1,70.6,0,Servicios Personales
0,12.94,48.2,37,Masculino,6,56.6,0,1,32.0,0,Comercio & Retail
0,11.19,64.5,33,Masculino,10,26.1,0,2,38.9,0,Manufactura
0,12.8,55.9,34,Masculino,11,69.0,0,2,0.3,1,Manufactura
0,12.73,61.9,33,Masculino,9,32.9,0,1,15.6,0,Comercio & Retail
1,46.92,61.4,36,Masculino,12,43.2,1,45,32.6,1,Comercio & Retail
0,11.32,34.7,25,Femenino,6,38.1,0,2,25.1,0,Servicios Personales
1,46.04,63.9,55,Femenino,12,32.4,1,120,55.4,1,Comercio & Retail
0,11.45,40.9,55,Masculino,10,38.5,0,4,56.2,1,Manufactura
0,8.46,50.6,46,Femenino,9,26.7,0,2,1.2,1,Comercio & Retail
0,8.16,31.9,58,Femenino,10,34.9,0,2,26.3,0,Logística
0,10.82,53.8,53,Masculino,8,45.3,0,1,59.8,0,Manufactura
0,11.57,18.1,43,Femenino,4,29.3,0,1,25.3,0,Comercio & Retail
0,11.26,38.9,48,Masculino,6,55.4,0,2,30.6,0,Logística
0,11.39,49.8,61,Masculino,5,71.3,0,1,32.0,0,Manufactura
0,13.11,51.7,29,Femenino,9,71.4,0,1,40.7,1,Servicios Personales
1,40.67,48.1,34,Femenino,13,39.5,1,450,12.5,1,Manufactura
1,49.25,80.3,32,Femenino,16,47.2,1,45,55.7,1,Servicios Personales
0,12.81,44.4,26,Femenino,8,36.3,0,1,30.9,0,Servicios Personales
0,14.27,60.3,56,Femenino,9,51.6,0,2,46.9,1,Servicios Personales
1,49.32,81.9,59,Femenino,17,48.3,1,120,15.3,1,Comercio & Retail
0,13.37,58.2,29,Femenino,8,56.3,0,1,34.6,1,Manufactura
1,40.53,51.4,49,Femenino,8,38.8,1,45,58.0,1,Comercio & Retail
0,16.57,63.7,42,Masculino,10,53.7,0,1,52.7,0,Agroindustria
0,10.71,46.1,56,Masculino,8,42.4,0,1,35.9,0,Agroindustria
0,16.66,55.8,35,Masculino,7,27.0,0,1,53.1,0,Servicios Personales
0,9.28,29.9,32,Masculino,5,50.5,0,1,9.7,1,Comercio & Retail
1,46.69,60.7,49,Femenino,16,38.6,1,12,11.0,1,Manufactura
0,12.68,52.0,23,Masculino,12,37.0,1,1,25.6,1,Comercio & Retail
1,55.75,80.2,61,Femenino,16,45.2,1,45,33.8,1,Tecnología
1,50.21,73.7,60,Femenino,14,48.3,1,45,1.7,0,Manufactura
0,11.45,56.6,52,Masculino,10,56.9,0,1,33.0,1,Servicios Personales
0,12.13,43.2,51,Femenino,4,56.3,0,2,22.4,1,Logística
0,10.73,44.9,55,Femenino,7,44.7,0,1,52.3,1,Manufactura
0,12.48,54.3,22,Masculino,9,42.0,1,4,28.6,0,Manufactura
0,11.55,48.8,35,Masculino,6,56.0,0,4,6.8,0,Servicios Personales
0,6.05,10.2,33,Femenino,3,45.1,0,2,16.0,0,Agroindustria
0,13.37,50.2,25,Femenino,7,59.2,0,1,7.5,1,Agroindustria
1,40.07,64.2,42,Masculino,9,42.4,1,45,3.3,1,Manufactura
1,51.18,86.2,49,Masculino,16,43.9,1,450,56.9,1,Logística
0,11.08,46.2,43,Femenino,7,52.3,0,2,11.2,0,Comercio & Retail
1,46.39,71.0,39,Masculino,12,44.2,1,120,9.9,1,Servicios Personales
0,5.19,17.5,48,Masculino,6,20.7,0,1,41.0,0,Comercio & Retail
1,39.51,49.7,60,Femenino,9,39.1,1,120,14.6,1,Comercio & Retail
0,11.75,42.0,27,Masculino,10,29.0,0,4,85.0,0,Manufactura
0,16.31,82.8,29,Masculino,16,64.0,0,2,30.1,0,Manufactura
0,6.14,5.0,45,Femenino,0,37.3,0,1,37.5,1,Comercio & Retail
0,13.05,51.5,23,Masculino,7,48.8,0,2,14.1,0,Logística
1,36.27,54.8,37,Femenino,11,41.3,1,12,18.4,1,Manufactura
0,9.67,50.1,22,Masculino,12,19.2,0,2,20.5,1,Manufactura
0,10.92,29.6,40,Masculino,6,38.6,0,1,42.2,0,Agroindustria
0,11.4,41.9,26,Femenino,10,58.1,0,4,37.6,1,Manufactura
0,14.26,54.6,46,Masculino,10,36.1,0,1,12.5,0,Manufactura
0,15.8,85.2,33,Masculino,16,51.0,0,2,37.2,0,Comercio & Retail
0,15.11,52.6,63,Femenino,11,45.9,0,2,17.2,1,Logística
0,11.11,36.4,39,Femenino,9,50.5,0,4,15.5,0,Manufactura
0,12.94,42.9,25,Femenino,7,48.6,0,1,14.1,0,Logística
0,13.06,62.6,37,Masculino,12,41.0,0,2,18.6,0,Manufactura
0,12.7,46.0,31,Masculino,9,54.1,0,1,24.2,1,Agroindustria
0,11.31,39.2,56,Masculino,8,50.0,0,1,17.0,0,Servicios Personales
0,12.95,51.8,54,Femenino,6,52.8,0,2,33.5,1,Tecnología
0,12.77,45.1,51,Masculino,9,42.6,0,1,39.4,1,Servicios Personales
0,11.84,52.6,28,Femenino,13,42.9,0,1,45.8,1,Manufactura
0,8.93,46.1,57,Femenino,8,56.0,0,1,11.8,0,Manufactura
0,15.12,60.3,50,Femenino,10,64.8,0,2,41.5,1,Manufactura
0,11.53,51.6,48,Femenino,8,48.1,0,1,23.3,1,Manufactura
0,10.8,43.0,61,Masculino,11,34.7,1,8,12.6,1,Agroindustria
1,45.7,67.2,51,Masculino,10,44.4,1,120,30.7,1,Comercio & Retail
0,11.22,45.1,24,Masculino,7,51.3,0,1,29.3,0,Comercio & Retail
0,15.45,72.7,40,Masculino,13,53.7,0,1,45.4,1,Manufactura
0,9.36,57.5,63,Femenino,4,34.3,0,1,16.1,0,Manufactura
0,16.12,78.6,24,Masculino,14,39.2,0,2,26.0,0,Comercio & Retail
1,47.4,64.7,42,Masculino,11,46.7,1,12,3.0,1,Servicios Personales
0,13.34,60.7,20,Masculino,12,65.7,0,1,23.2,1,Comercio & Retail
0,10.76,30.9,55,Femenino,4,27.0,0,8,4.6,0,Manufactura
0,10.69,43.0,37,Masculino,10,56.7,0,1,25.7,0,Comercio & Retail
1,51.92,79.8,51,Masculino,16,40.3,1,120,27.5,1,Tecnología
0,14.68,67.3,61,Femenino,9,45.7,0,4,35.5,0,Comercio & Retail
1,40.04,59.3,61,Masculino,10,46.9,1,12,25.3,1,Agroindustria
0,12.32,61.3,47,Masculino,6,33.3,0,1,29.2,1,Servicios Personales
0,10.76,40.3,34,Femenino,5,38.4,1,1,19.1,0,Manufactura
0,11.83,61.8,27,Femenino,11,58.8,0,4,41.8,1,Tecnología
0,11.91,41.6,52,Masculino,7,59.1,0,4,53.3,0,Comercio & Retail
0,14.11,66.7,37,Femenino,8,46.7,0,1,32.9,1,Tecnología
0,14.34,50.4,35,Masculino,10,48.5,0,2,25.0,0,Servicios Personales
1,45.05,59.7,62,Masculino,13,46.8,1,45,17.4,1,Servicios Personales
0,12.94,54.2,61,Femenino,12,67.3,0,1,15.4,1,Comercio & Retail
1,50.32,77.6,44,Masculino,10,37.3,1,12,30.2,1,Comercio & Retail
1,45.96,68.5,53,Masculino,13,40.5,1,120,10.4,1,Tecnología
0,16.62,71.8,40,Masculino,14,57.2,0,2,24.1,0,Manufactura
1,38.72,56.2,49,Masculino,9,38.7,1,45,22.3,1,Comercio & Retail
0,15.21,76.5,27,Masculino,16,54.6,0,4,30.8,0,Manufactura
0,8.99,31.4,28,Femenino,6,39.4,0,2,18.9,0,Tecnología
0,10.07,22.9,55,Femenino,4,30.6,0,2,24.3,0,Manufactura
1,49.87,66.5,23,Femenino,15,38.8,1,450,31.4,0,Servicios Personales
0,8.24,23.0,58,Femenino,7,63.7,0,1,29.6,1,Logística
0,6.24,15.6,64,Masculino,0,23.5,0,1,36.4,0,Tecnología
0,9.49,35.4,51,Femenino,9,57.8,0,2,19.5,1,Manufactura
1,58.43,80.5,53,Masculino,15,39.4,1,45,21.0,1,Comercio & Retail
0,12.27,59.4,54,Femenino,9,42.8,0,1,28.7,0,Servicios Personales
0,7.77,21.0,34,Femenino,3,38.0,0,1,39.2,1,Servicios Personales
0,11.4,54.4,57,Masculino,9,48.8,0,1,2.8,1,Manufactura
0,13.73,58.3,57,Femenino,9,45.8,0,2,33.4,0,Manufactura
1,48.04,66.0,29,Masculino,9,47.3,1,120,23.6,0,Agroindustria
0,11.88,39.1,38,Femenino,7,52.9,0,2,54.3,0,Comercio & Retail
0,9.82,28.9,57,Masculino,7,33.1,0,1,5.0,1,Servicios Personales
1,45.79,57.9,36,Masculino,13,44.3,1,45,20.8,0,Tecnología
0,10.86,30.4,20,Masculino,8,58.3,0,2,64.0,0,Manufactura
1,44.58,63.8,35,Femenino,11,42.5,1,12,14.1,1,Manufactura
0,11.27,26.8,36,Masculino,11,48.8,0,2,15.4,1,Servicios Personales
0,10.2,37.0,64,Masculino,8,48.4,0,2,66.4,1,Manufactura
0,9.46,43.1,23,Masculino,7,77.2,0,2,21.3,1,Comercio & Retail
0,11.09,44.2,33,Femenino,10,24.0,0,1,39.0,1,Manufactura
0,6.85,22.4,25,Femenino,4,62.2,0,1,7.8,1,Comercio & Retail
1,48.95,95.3,35,Femenino,18,39.2,0,45,38.0,1,Comercio & Retail
0,10.62,35.8,60,Femenino,8,52.7,0,1,6.1,0,Comercio & Retail
0,10.66,46.4,56,Masculino,9,51.2,0,1,0.5,0,Tecnología
0,16.23,76.3,29,Femenino,13,47.0,0,1,77.1,0,Servicios Personales
0,11.87,47.3,62,Femenino,9,52.9,0,1,15.0,0,Servicios Personales
1,45.81,71.0,27,Masculino,8,47.4,1,45,11.2,1,Comercio & Retail
0,10.27,46.0,24,Femenino,5,27.2,0,1,8.5,0,Manufactura
0,13.84,66.5,63,Masculino,10,41.6,0,4,28.7,1,Manufactura
0,7.61,33.1,18,Masculino,8,57.3,1,1,8.7,0,Logística
1,51.59,86.0,53,Femenino,18,45.1,1,12,5.2,1,Comercio & Retail
0,9.56,48.2,38,Masculino,9,30.4,0,1,15.5,0,Agroindustria
0,8.94,14.9,54,Femenino,1,40.6,0,1,48.6,0,Tecnología
1,45.19,65.6,41,Femenino,14,37.7,1,120,17.8,0,Manufactura
0,10.44,37.7,42,Femenino,6,26.9,0,1,7.8,1,Agroindustria
0,11.07,31.0,24,Femenino,10,45.6,0,2,53.4,0,Servicios Personales
0,15.62,65.7,59,Femenino,15,43.8,0,1,10.7,1,Comercio & Retail
1,45.55,67.8,34,Femenino,9,47.8,1,120,58.7,1,Comercio & Retail
0,13.39,45.6,46,Masculino,9,42.4,0,1,1.6,0,Manufactura
0,12.94,64.5,47,Masculino,14,51.6,0,1,32.0,0,Logística
1,50.46,74.3,24,Masculino,15,40.1,1,120,23.6,1,Comercio & Retail
0,12.95,51.3,50,Masculino,9,37.9,0,4,33.6,0,Comercio & Retail
0,13.97,64.5,24,Femenino,18,43.6,0,2,14.3,1,Tecnología
0,9.1,28.4,41,Femenino,3,34.7,0,1,30.3,1,Comercio & Retail
0,10.1,48.5,28,Femenino,7,43.3,0,2,18.1,1,Logística
0,12.72,52.9,26,Femenino,8,50.4,0,1,20.5,1,Agroindustria
1,43.64,61.6,29,Masculino,14,47.3,0,12,36.4,1,Tecnología
1,47.43,74.4,52,Masculino,11,44.2,1,120,12.1,1,Manufactura
0,15.09,57.3,21,Femenino,7,37.5,0,2,9.4,0,Manufactura
0,10.43,52.4,53,Femenino,6,59.3,0,2,39.7,1,Tecnología
0,10.53,38.9,45,Femenino,4,51.7,0,1,9.1,0,Agroindustria
0,12.77,59.5,30,Femenino,12,45.5,0,1,44.4,1,Tecnología
0,12.4,51.0,40,Femenino,9,48.5,0,1,53.4,0,Manufactura
0,15.74,85.2,36,Masculino,14,42.1,0,2,16.7,1,Comercio & Retail
0,8.61,12.2,59,Femenino,5,55.7,1,2,34.9,0,Comercio & Retail
0,11.92,55.7,54,Masculino,12,44.9,0,2,23.9,1,Servicios Personales
1,45.1,59.6,56,Femenino,10,34.5,1,12,16.8,1,Comercio & Retail
0,11.06,44.7,41,Femenino,8,35.2,0,2,31.7,1,Logística
0,12.13,43.0,33,Masculino,8,34.2,0,1,49.1,0,Manufactura
1,48.14,71.3,50,Masculino,10,42.3,1,45,16.8,1,Agroindustria
0,13.4,63.4,29,Femenino,10,50.3,0,1,66.7,1,Servicios Personales
1,45.16,52.6,51,Masculino,7,45.7,1,12,49.2,1,Logística
0,12.92,55.3,24,Femenino,12,63.5,0,1,18.2,0,Servicios Personales
1,52.63,69.5,28,Femenino,15,43.8,1,45,12.9,1,Comercio & Retail
0,12.98,55.0,48,Masculino,9,31.7,1,2,28.1,0,Comercio & Retail
1,43.71,67.3,46,Masculino,12,44.8,1,45,37.9,1,Tecnología
0,11.75,69.5,30,Femenino,9,45.8,0,1,17.2,0,Logística
1,57.05,94.7,48,Femenino,19,43.4,1,120,27.3,1,Servicios Personales
0,12.82,71.6,19,Masculino,10,41.2,0,1,13.9,0,Servicios Personales
1,45.12,73.5,56,Femenino,13,46.2,1,45,46.3,1,Comercio & Retail
1,48.21,68.7,32,Femenino,14,44.9,1,12,62.4,1,Comercio & Retail
0,13.7,39.2,28,Masculino,8,29.5,0,1,32.6,0,Servicios Personales
0,13.88,75.0,51,Masculino,13,44.0,0,4,2.9,1,Comercio & Retail
0,15.48,63.3,56,Femenino,13,36.5,0,8,27.4,0,Manufactura
0,13.58,61.9,21,Masculino,12,59.9,0,2,49.3,0,Comercio & Retail
0,13.12,58.7,28,Masculino,13,48.1,0,2,37.3,1,Servicios Personales
0,11.23,47.0,46,Femenino,8,42.3,0,1,29.9,0,Servicios Personales
1,54.63,92.9,19,Masculino,18,37.3,1,120,31.6,1,Comercio & Retail
0,8.8,15.0,33,Masculino,1,53.1,0,1,27.5,1,Manufactura
0,10.23,35.9,56,Femenino,7,62.0,0,1,35.7,1,Servicios Personales
0,10.49,35.7,30,Femenino,5,40.7,0,4,46.6,0,Comercio & Retail
1,55.26,87.7,54,Masculino,17,38.4,1,12,30.6,1,Manufactura
0,12.63,54.9,34,Masculino,10,50.3,0,1,35.2,0,Agroindustria
1,40.06,57.9,38,Femenino,6,42.6,1,120,37.8,1,Comercio & Retail
0,10.21,48.0,61,Masculino,8,54.5,0,2,23.8,1,Manufactura
0,10.52,36.2,36,Masculino,4,41.9,0,1,42.3,0,Servicios Personales
0,14.7,71.8,24,Masculino,12,76.6,0,4,27.5,1,Comercio & Retail
1,45.1,71.0,55,Masculino,13,41.6,1,120,15.2,1,Comercio & Retail
0,12.62,49.3,25,Femenino,11,42.5,0,2,29.5,0,Tecnología
0,11.02,34.7,30,Femenino,7,33.0,0,4,43.6,0,Manufactura
1,45.52,68.0,54,Masculino,16,43.8,1,120,16.3,1,Comercio & Retail
0,10.93,53.8,19,Femenino,13,51.1,0,2,36.7,0,Servicios Personales
0,10.47,29.7,58,Masculino,3,67.1,0,2,23.3,0,Comercio & Retail
0,11.3,63.4,28,Femenino,9,36.0,1,1,12.6,1,Logística
0,8.9,46.2,41,Femenino,6,45.0,1,1,27.8,1,Manufactura
1,52.8,86.0,23,Femenino,16,39.7,0,12,35.4,1,Logística
0,9.92,36.7,43,Masculino,8,41.8,0,1,27.1,1,Comercio & Retail
0,8.11,39.9,24,Masculino,5,52.3,0,1,7.4,1,Comercio & Retail
1,43.63,56.3,56,Masculino,9,39.6,1,120,31.9,1,Manufactura
1,51.9,95.8,36,Femenino,16,47.0,1,12,35.1,1,Comercio & Retail
0,13.23,70.4,23,Femenino,13,49.6,0,1,41.3,0,Comercio & Retail
0,15.23,64.4,60,Masculino,8,61.4,0,1,61.5,1,Manufactura
0,13.44,52.2,46,Femenino,9,43.2,0,1,10.5,0,Comercio & Retail
1,48.8,75.5,60,Masculino,14,48.4,1,45,36.2,1,Comercio & Retail
0,17.22,86.6,56,Masculino,15,49.0,0,1,61.8,1,Manufactura
0,10.33,33.5,19,Femenino,4,55.7,0,4,30.3,0,Comercio & Retail
0,8.76,43.9,36,Masculino,11,57.6,0,2,28.8,1,Manufactura
0,12.69,41.1,21,Femenino,9,27.7,1,1,27.3,1,Comercio & Retail
0,15.74,73.6,23,Masculino,8,59.4,0,2,18.3,0,Manufactura
1,48.9,76.0,54,Femenino,15,38.8,1,120,37.8,0,Comercio & Retail
0,14.07,41.9,45,Femenino,5,41.5,0,1,27.6,0,Servicios Personales
0,11.73,56.3,47,Masculino,13,38.6,0,1,31.6,0,Tecnología
0,7.39,22.4,24,Masculino,1,41.9,0,2,29.7,0,Logística
0,13.99,56.3,26,Masculino,7,50.9,0,1,54.1,1,Comercio & Retail
0,9.45,36.3,42,Masculino,10,63.5,0,4,18.2,0,Comercio & Retail
0,11.13,37.1,50,Masculino,5,77.1,0,1,50.9,0,Servicios Personales
1,50.89,89.0,18,Femenino,18,41.8,1,120,28.9,1,Comercio & Retail
0,11.95,46.2,23,Masculino,7,32.7,0,2,17.9,0,Logística
1,40.78,64.2,35,Masculino,7,47.7,1,120,27.1,1,Tecnología
0,12.22,40.4,27,Femenino,7,54.9,0,2,43.2,1,Servicios Personales
0,11.34,58.3,45,Masculino,12,42.1,0,1,23.3,0,Tecnología
0,14.85,65.3,28,Masculino,13,70.4,0,1,31.1,0,Servicios Personales
1,47.05,70.7,50,Femenino,8,46.2,1,45,34.6,1,Servicios Personales
0,13.99,60.6,18,Masculino,11,50.0,0,1,1.6,0,Comercio & Retail
0,13.52,64.8,30,Femenino,11,42.3,0,4,38.4,0,Comercio & Retail
0,7.09,12.1,54,Femenino,5,35.0,0,1,13.5,0,Servicios Personales
0,12.55,56.1,37,Femenino,10,50.7,0,1,27.7,0,Logística
0,11.29,45.3,18,Masculino,8,30.8,0,1,27.0,1,Comercio & Retail
0,6.87,31.9,20,Femenino,4,57.4,0,1,49.1,0,Comercio & Retail
0,12.55,55.8,35,Masculino,11,68.3,0,2,31.8,0,Servicios Personales
0,11.72,58.1,58,Masculino,14,71.5,0,1,17.3,0,Comercio & Retail
1,44.49,52.3,31,Masculino,10,43.9,1,45,44.3,1,Manufactura
0,12.27,30.1,48,Femenino,0,52.0,0,1,19.1,1,Tecnología
0,13.59,48.2,44,Masculino,8,56.3,0,1,26.2,0,Servicios Personales
0,9.67,25.0,34,Masculino,7,54.6,0,1,52.7,0,Comercio & Retail
1,44.43,71.3,63,Masculino,17,49.7,1,45,16.3,1,Comercio & Retail
0,11.19,53.8,46,Masculino,9,64.0,1,1,51.7,1,Manufactura
0,7.73,20.4,53,Masculino,4,37.7,0,2,27.7,1,Logística
1,40.2,57.3,54,Masculino,10,47.6,1,45,37.2,1,Manufactura
1,51.03,75.5,43,Femenino,12,47.0,1,12,33.1,1,Comercio & Retail
1,39.88,59.7,34,Femenino,10,48.2,1,120,20.3,1,Servicios Personales
0,10.73,33.2,39,Femenino,7,42.7,1,2,60.8,0,Tecnología
0,12.89,48.7,42,Femenino,8,34.9,0,1,43.8,0,Comercio & Retail
0,15.46,74.4,19,Masculino,13,40.7,0,1,4.2,0,Agroindustria
0,12.08,47.7,39,Masculino,10,37.6,0,1,24.0,0,Comercio & Retail
1,48.41,76.2,22,Masculino,18,38.0,1,45,10.2,1,Agroindustria
0,11.84,54.1,21,Masculino,10,46.8,0,1,56.2,0,Comercio & Retail
0,12.82,46.5,53,Masculino,4,21.3,0,1,20.2,0,Logística
0,13.23,41.2,23,Femenino,9,49.1,0,2,43.7,0,Tecnología
0,10.54,42.6,38,Masculino,8,38.7,0,1,21.6,1,Tecnología
0,9.78,19.1,30,Femenino,4,16.7,1,4,21.3,0,Manufactura
0,10.88,47.5,54,Femenino,10,51.2,0,2,5.2,0,Manufactura
0,10.92,45.7,42,Masculino,8,55.4,0,1,32.2,0,Servicios Personales
0,9.57,57.5,43,Femenino,11,50.1,0,1,16.4,1,Tecnología
0,14.57,55.5,56,Femenino,17,38.1,0,1,46.7,0,Tecnología
0,12.82,52.7,37,Masculino,10,43.3,0,1,38.2,0,Comercio & Retail
1,53.55,88.6,50,Femenino,14,44.1,1,120,53.2,1,Agroindustria
0,14.94,52.4,31,Femenino,9,58.1,0,1,28.8,1,Tecnología
1,49.52,60.6,53,Femenino,12,39.9,1,120,4.8,1,Comercio & Retail
0,14.03,49.3,34,Femenino,10,59.5,0,1,30.6,1,Logística
0,9.92,49.8,38,Femenino,11,68.1,0,4,8.3,0,Logística
0,14.53,56.1,63,Masculino,10,50.5,0,1,27.8,1,Tecnología
1,49.86,83.5,33,Femenino,16,40.3,1,12,60.4,1,Servicios Personales
1,51.86,80.4,63,Masculino,12,38.6,1,45,12.3,1,Comercio & Retail
0,11.12,47.6,33,Femenino,10,52.6,0,1,24.8,0,Manufactura
0,14.41,80.0,37,Masculino,13,52.6,0,1,62.7,0,Manufactura
0,15.78,67.6,46,Masculino,10,52.4,0,1,25.1,0,Servicios Personales
1,47.1,67.0,45,Masculino,14,46.4,1,45,38.6,1,Agroindustria
0,6.37,31.7,25,Masculino,6,73.9,0,1,10.9,1,Comercio & Retail
1,54.45,72.6,41,Masculino,18,33.9,1,45,27.7,1,Agroindustria
0,13.57,59.3,20,Femenino,11,51.6,0,1,44.9,0,Tecnología
0,9.98,36.1,42,Masculino,6,27.1,0,1,27.9,0,Servicios Personales
0,14.85,77.7,36,Masculino,13,40.6,0,1,21.8,0,Manufactura
1,46.62,78.5,50,Femenino,15,40.2,1,120,12.1,1,Tecnología
0,7.9,19.2,19,Femenino,6,46.0,0,4,12.5,1,Comercio & Retail
0,11.03,46.4,32,Femenino,8,67.4,0,4,20.3,0,Comercio & Retail
1,51.63,74.1,39,Masculino,14,39.2,1,12,47.3,1,Servicios Personales
0,12.26,60.7,27,Femenino,12,61.9,0,1,6.2,0,Manufactura
0,12.16,55.9,35,Femenino,8,37.0,0,1,16.1,0,Manufactura
0,11.92,45.4,39,Femenino,9,56.7,0,1,20.5,0,Tecnología
0,10.76,45.4,63,Masculino,5,55.4,0,2,40.6,1,Tecnología
0,7.28,33.5,44,Femenino,6,27.9,0,1,19.2,1,Comercio & Retail
0,7.27,27.7,30,Femenino,4,42.8,0,2,10.3,1,Servicios Personales
0,15.35,70.5,50,Masculino,9,67.5,0,1,18.7,0,Tecnología
0,10.68,53.8,22,Masculino,13,54.9,0,2,18.4,1,Comercio & Retail
0,12.87,51.9,43,Masculino,9,62.5,1,1,19.7,1,Comercio & Retail
0,16.8,74.5,30,Masculino,14,34.2,0,1,26.8,0,Agroindustria
0,11.72,40.8,44,Femenino,8,36.5,0,1,62.1,1,Manufactura
0,10.47,35.7,31,Femenino,4,39.9,0,1,46.4,1,Manufactura
0,15.49,78.4,41,Femenino,14,59.7,0,1,71.6,0,Servicios Personales
0,13.6,61.8,20,Masculino,11,56.3,0,2,4.1,1,Manufactura
1,51.03,77.0,64,Femenino,15,41.0,1,120,50.9,1,Agroindustria
0,10.98,56.2,47,Masculino,9,49.7,0,1,75.0,1,Comercio & Retail
0,14.34,71.5,52,Masculino,16,62.2,0,2,12.5,0,Servicios Personales
0,11.25,32.7,31,Femenino,6,61.6,0,4,39.8,1,Servicios Personales
0,14.3,55.6,29,Femenino,9,49.6,0,1,58.5,0,Comercio & Retail
1,46.32,59.3,45,Femenino,12,37.8,1,12,22.7,1,Tecnología
0,12.31,46.5,61,Femenino,8,55.2,0,2,34.5,1,Comercio & Retail
0,10.67,33.8,46,Femenino,11,34.3,0,2,44.8,0,Agroindustria
1,53.63,81.7,60,Masculino,15,41.0,1,120,19.1,1,Tecnología
0,14.91,72.3,34,Femenino,11,73.6,0,1,32.2,0,Servicios Personales
0,13.13,57.1,57,Femenino,9,69.5,0,2,12.0,0,Comercio & Retail
0,15.81,82.7,38,Femenino,15,46.8,1,1,64.4,1,Comercio & Retail
1,50.83,72.3,40,Masculino,12,38.7,1,120,5.4,1,Comercio & Retail
0,13.48,53.2,37,Masculino,10,34.9,0,1,37.6,0,Comercio & Retail
0,10.31,46.1,28,Masculino,10,80.0,0,1,52.2,1,Logística
0,10.78,56.2,51,Masculino,9,48.0,0,2,4.1,1,Logística
1,49.77,77.7,27,Masculino,13,40.4,1,12,6.6,1,Manufactura
0,12.41,56.2,27,Femenino,13,47.9,0,2,17.0,0,Manufactura
1,48.83,82.2,60,Femenino,15,37.9,0,120,36.7,1,Servicios Personales
1,42.98,65.9,23,Femenino,12,43.6,0,45,47.1,1,Servicios Personales
0,10.59,45.9,53,Masculino,8,43.1,0,1,3.9,1,Manufactura
1,45.23,56.4,41,Femenino,11,44.0,1,45,80.4,0,Comercio & Retail
0,12.82,49.7,29,Femenino,8,65.3,0,1,46.2,0,Tecnología
0,11.77,52.6,60,Masculino,11,44.7,0,8,17.4,0,Tecnología
0,17.44,100.0,40,Masculino,15,47.1,0,4,28.6,0,Agroindustria
0,12.69,57.7,44,Masculino,14,62.6,0,1,6.9,0,Manufactura
0,12.01,41.5,62,Femenino,13,60.4,1,1,40.4,0,Servicios Personales
0,15.06,57.9,54,Masculino,10,49.6,0,4,29.1,0,Logística
1,40.75,67.9,23,Masculino,13,43.5,0,120,54.5,1,Tecnología
0,13.39,52.3,18,Femenino,8,66.6,0,2,20.3,0,Comercio & Retail
0,5.35,5.0,23,Masculino,4,34.1,0,1,3.2,0,Manufactura
0,12.99,40.7,39,Masculino,11,63.7,0,1,24.3,0,Manufactura
0,11.31,46.5,58,Femenino,9,37.8,0,1,31.5,1,Agroindustria
1,56.68,91.8,41,Femenino,17,43.2,1,45,37.4,1,Comercio & Retail
0,13.41,60.8,42,Femenino,16,40.5,0,4,8.9,0,Tecnología
0,10.73,47.5,32,Femenino,7,60.8,0,2,38.6,0,Servicios Personales
1,45.1,64.5,43,Masculino,13,45.9,1,12,35.6,1,Logística
0,7.82,24.6,25,Femenino,2,44.5,1,4,42.6,1,Comercio & Retail
1,41.67,58.7,41,Masculino,11,47.1,1,45,36.5,0,Comercio & Retail
1,45.78,58.8,55,Masculino,11,42.9,0,120,65.5,1,Manufactura
0,12.96,38.8,23,Masculino,6,27.5,0,1,19.8,1,Manufactura
1,43.73,70.0,52,Femenino,11,42.1,1,120,15.3,1,Comercio & Retail
0,11.0,39.3,59,Femenino,6,46.3,0,1,10.2,0,Logística
1,49.1,77.2,18,Femenino,13,46.2,1,45,24.5,1,Comercio & Retail
0,15.23,54.6,63,Femenino,11,40.2,0,2,30.8,0,Logística
1,57.53,90.2,53,Femenino,16,36.7,1,450,19.2,1,Comercio & Retail
0,9.75,28.6,29,Masculino,4,26.8,0,1,25.6,0,Servicios Personales
0,9.5,40.8,55,Femenino,7,53.8,0,4,26.5,0,Tecnología
0,8.6,29.2,28,Masculino,8,44.1,0,2,17.2,0,Servicios Personales
0,12.42,54.0,29,Femenino,12,54.2,1,1,52.0,0,Manufactura
1,39.5,52.0,59,Masculino,11,45.8,1,450,10.8,1,Servicios Personales
0,11.26,44.9,56,Masculino,12,52.1,0,1,41.5,0,Comercio & Retail
0,9.28,38.4,24,Femenino,8,62.7,0,1,19.8,0,Manufactura
0,9.48,33.9,28,Masculino,3,56.7,0,1,8.3,0,Comercio & Retail
0,12.64,51.0,53,Masculino,7,27.8,0,1,31.4,0,Tecnología
0,12.48,58.1,48,Masculino,15,67.1,0,4,26.7,0,Logística
0,12.89,63.6,50,Masculino,8,50.8,0,1,8.9,0,Tecnología
1,42.24,67.4,30,Femenino,11,49.0,1,12,76.0,1,Servicios Personales
1,51.14,75.8,35,Femenino,10,40.7,1,12,8.6,1,Tecnología
1,47.24,70.1,58,Femenino,11,43.3,1,45,10.5,0,Manufactura
0,16.02,53.9,41,Masculino,5,38.4,0,4,25.2,0,Manufactura
0,13.61,71.2,26,Masculino,13,47.6,0,2,7.8,0,Agroindustria
0,12.21,47.2,48,Masculino,10,69.4,0,2,47.8,0,Manufactura
1,60.36,93.6,58,Femenino,19,34.2,1,45,7.7,1,Tecnología
0,6.74,28.6,27,Masculino,9,53.3,0,1,31.9,1,Logística
1,48.4,69.4,19,Masculino,14,45.4,1,45,20.9,1,Comercio & Retail
0,11.96,50.5,55,Femenino,9,46.2,0,1,10.5,0,Manufactura
1,53.1,92.7,32,Femenino,17,43.0,1,120,27.2,0,Servicios Personales
1,43.68,69.1,20,Femenino,13,41.3,1,45,29.9,1,Servicios Personales
0,9.0,30.6,60,Masculino,5,55.7,0,2,68.0,0,Comercio & Retail
1,37.82,61.0,48,Masculino,15,35.0,1,45,49.8,1,Manufactura
0,14.19,59.5,23,Femenino,13,58.9,0,1,44.0,1,Manufactura
0,11.24,44.8,20,Femenino,8,56.4,0,1,29.0,0,Logística
0,7.67,24.0,28,Masculino,4,57.9,0,1,24.5,0,Comercio & Retail
0,13.55,48.8,32,Masculino,15,50.0,0,2,25.9,0,Manufactura
1,56.34,82.9,62,Masculino,17,40.5,1,45,40.0,1,Agroindustria
1,46.09,66.3,45,Masculino,14,43.8,1,45,28.2,1,Servicios Personales
1,42.77,62.2,27,Femenino,13,40.7,1,45,17.9,1,Comercio & Retail
0,14.83,64.6,55,Masculino,12,44.4,0,1,25.3,0,Logística
0,16.87,66.4,64,Femenino,14,43.4,0,1,16.5,1,Agroindustria
0,13.62,61.8,24,Masculino,9,49.8,0,1,22.5,0,Agroindustria
0,9.68,19.6,32,Femenino,3,39.9,0,1,14.7,0,Manufactura
1,43.81,58.8,35,Masculino,13,38.8,1,12,53.5,1,Logística
0,12.26,51.4,35,Femenino,11,60.2,0,2,2.3,1,Tecnología
0,11.5,36.8,58,Masculino,5,44.6,0,1,31.9,1,Comercio & Retail
0,9.1,24.6,41,Femenino,2,41.5,0,1,38.4,0,Manufactura
0,10.94,49.4,19,Femenino,10,46.9,0,1,25.1,0,Tecnología
0,10.01,50.9,57,Masculino,9,62.3,0,2,47.7,1,Servicios Personales
1,39.54,54.8,37,Femenino,9,38.5,1,120,43.4,1,Comercio & Retail
0,16.61,69.0,51,Masculino,12,68.3,0,1,58.4,0,Manufactura
0,10.79,41.8,60,Masculino,7,46.2,0,4,36.3,0,Comercio & Retail
0,11.85,59.1,43,Masculino,13,57.2,0,1,31.9,0,Agroindustria
1,41.27,59.1,24,Masculino,13,43.2,1,12,9.1,1,Manufactura
0,8.73,17.6,55,Masculino,0,55.3,0,1,3.7,0,Comercio & Retail
1,44.84,62.2,47,Masculino,10,46.3,1,12,11.9,1,Logística
0,15.4,60.5,59,Masculino,11,38.4,1,1,38.4,1,Manufactura
1,49.21,63.1,22,Femenino,13,37.6,1,12,33.4,1,Comercio & Retail
1,45.16,57.3,28,Femenino,12,38.6,1,120,11.2,1,Agroindustria
0,9.18,35.1,18,Masculino,3,44.3,0,2,13.6,0,Agroindustria
0,9.6,42.7,51,Femenino,10,49.5,0,1,15.0,0,Servicios Personales
0,8.63,46.2,18,Femenino,9,63.0,0,1,19.3,0,Manufactura
1,49.48,85.4,36,Femenino,14,32.2,1,12,23.2,1,Manufactura
0,9.89,46.7,19,Femenino,5,58.5,0,1,33.3,0,Agroindustria
0,13.8,57.0,38,Masculino,10,47.2,0,1,7.7,1,Servicios Personales
0,13.43,62.1,37,Masculino,13,44.9,0,1,42.8,0,Comercio & Retail
0,13.55,64.5,40,Masculino,13,44.7,0,1,4.6,0,Comercio & Retail
0,11.81,51.9,38,Masculino,9,38.6,0,2,1.3,0,Logística
1,52.85,92.1,41,Femenino,14,40.9,1,45,70.6,1,Logística
0,12.55,53.2,21,Femenino,7,22.2,0,1,43.2,1,Logística
0,17.08,75.9,29,Femenino,13,41.4,0,2,50.2,1,Comercio & Retail
1,44.47,65.4,39,Masculino,13,38.3,1,120,9.1,1,Tecnología
0,12.65,30.0,37,Femenino,5,35.8,0,4,26.3,1,Comercio & Retail
0,17.12,73.0,35,Femenino,15,49.4,0,1,15.5,1,Logística
0,12.66,41.0,18,Masculino,4,51.5,0,1,29.3,0,Tecnología
0,14.68,75.3,47,Masculino,11,49.6,0,2,18.8,0,Comercio & Retail
0,11.95,38.5,50,Femenino,8,47.9,0,1,16.3,0,Comercio & Retail
0,12.61,48.0,41,Femenino,14,48.7,0,2,27.2,0,Logística
0,11.7,56.5,31,Masculino,11,53.9,0,2,24.7,0,Manufactura
1,57.45,93.6,53,Masculino,17,41.7,1,45,27.4,1,Manufactura
0,13.61,65.3,22,Femenino,14,46.7,0,4,33.4,0,Servicios Personales
0,11.15,63.5,28,Femenino,11,32.2,0,1,26.0,0,Comercio & Retail
0,12.58,63.8,41,Masculino,15,48.3,0,2,5.0,1,Servicios Personales
0,11.61,52.1,48,Masculino,10,56.3,0,2,43.2,0,Comercio & Retail
0,10.3,31.1,30,Masculino,6,52.3,0,2,60.7,0,Manufactura
0,11.98,45.5,33,Masculino,8,63.8,0,1,31.7,0,Tecnología
0,10.28,57.0,41,Masculino,10,38.7,0,1,16.8,0,Manufactura
0,10.86,21.9,30,Femenino,0,47.8,0,4,33.3,0,Servicios Personales
1,50.67,70.8,41,Femenino,15,47.6,0,120,13.6,1,Manufactura
0,8.77,43.6,43,Masculino,10,60.7,0,1,6.7,0,Manufactura
1,39.89,55.8,19,Masculino,14,40.6,1,450,6.5,1,Manufactura
1,44.63,69.8,33,Masculino,11,39.6,1,45,26.7,1,Comercio & Retail
0,8.89,22.9,55,Femenino,4,37.7,0,1,19.5,1,Comercio & Retail
1,43.84,60.2,63,Masculino,10,41.7,1,12,4.1,0,Manufactura
0,11.77,39.1,18,Femenino,10,24.9,0,1,44.6,1,Comercio & Retail
0,13.09,58.7,28,Masculino,7,33.4,0,2,32.3,1,Manufactura
1,53.0,78.8,52,Femenino,9,41.8,1,45,56.7,0,Comercio & Retail
1,44.01,58.3,60,Masculino,10,48.1,1,120,32.5,1,Manufactura
0,7.6,16.1,46,Masculino,1,52.2,0,2,34.0,1,Manufactura
0,15.9,73.4,54,Femenino,11,36.6,1,1,26.4,1,Agroindustria
0,14.82,58.0,34,Femenino,12,44.2,0,1,22.6,1,Manufactura
1,43.74,63.5,56,Masculino,12,40.9,1,45,51.5,0,Comercio & Retail
0,7.5,23.3,59,Masculino,9,39.1,0,2,37.3,0,Comercio & Retail
0,19.87,82.2,45,Femenino,17,30.3,0,1,20.0,1,Comercio & Retail
1,49.8,74.6,46,Femenino,12,39.5,1,120,24.6,1,Servicios Personales
0,8.47,42.4,60,Femenino,8,52.8,0,1,21.6,0,Logística
0,8.87,30.6,20,Masculino,5,55.7,0,2,13.6,1,Agroindustria
0,6.26,30.6,27,Femenino,5,61.7,0,1,23.7,1,Servicios Personales
0,16.18,82.6,59,Femenino,12,24.7,0,2,30.9,0,Manufactura
0,14.58,69.3,31,Masculino,13,55.9,0,1,20.3,0,Manufactura
0,12.7,55.4,29,Masculino,10,35.2,0,1,39.0,1,Logística
0,11.53,51.0,64,Femenino,10,60.1,0,2,45.1,0,Manufactura
1,41.4,61.3,59,Masculino,9,41.4,1,12,45.4,1,Comercio & Retail
0,13.52,54.9,47,Masculino,12,44.1,1,1,58.8,1,Servicios Personales
0,14.14,55.6,49,Masculino,7,39.0,0,1,13.7,1,Agroindustria
0,12.1,53.8,49,Femenino,10,22.1,0,1,72.3,1,Comercio & Retail
1,40.53,66.7,59,Masculino,10,42.6,1,120,13.9,1,Logística
1,45.62,59.3,49,Femenino,12,45.2,1,45,19.7,1,Comercio & Retail
0,13.97,51.2,43,Femenino,7,58.8,0,2,65.9,0,Agroindustria
0,10.52,44.4,18,Femenino,6,50.2,0,2,30.6,0,Comercio & Retail
0,15.16,54.4,59,Masculino,10,46.0,1,2,61.6,1,Comercio & Retail
1,46.85,72.7,19,Masculino,11,47.8,1,12,47.4,0,Servicios Personales
0,14.13,68.0,34,Masculino,10,38.1,0,1,20.0,0,Manufactura
0,6.94,8.6,47,Femenino,0,55.6,0,1,36.7,0,Manufactura
0,12.52,51.8,56,Masculino,11,74.4,0,1,30.3,0,Tecnología
1,49.39,92.6,24,Masculino,20,42.5,0,45,29.6,1,Comercio & Retail
1,45.82,64.0,44,Femenino,13,38.5,1,45,28.9,1,Comercio & Retail
0,8.68,37.4,26,Masculino,3,50.5,0,1,42.3,1,Logística
0,12.9,50.6,39,Femenino,8,50.0,0,1,8.0,0,Servicios Personales
0,10.74,42.0,51,Masculino,9,38.5,0,2,37.0,0,Agroindustria
0,11.66,42.5,63,Femenino,9,65.9,0,1,18.8,0,Comercio & Retail
0,11.71,36.1,18,Masculino,5,58.8,0,1,36.4,0,Servicios Personales
0,13.61,51.7,26,Masculino,7,45.0,0,1,44.4,1,Tecnología
1,53.5,86.6,37,Masculino,14,46.3,1,12,49.6,1,Comercio & Retail
1,46.75,68.7,36,Femenino,13,47.9,1,120,32.8,1,Tecnología
0,10.43,53.8,53,Femenino,10,54.7,1,2,32.0,0,Agroindustria
0,13.3,68.8,57,Femenino,14,59.4,0,4,49.2,0,Agroindustria
0,7.58,39.7,62,Masculino,8,43.2,0,1,49.4,0,Comercio & Retail
0,13.35,50.2,21,Masculino,9,36.1,0,1,8.6,0,Comercio & Retail
0,8.93,46.1,26,Femenino,9,48.8,0,1,8.1,0,Agroindustria
0,7.69,26.9,58,Femenino,4,55.3,0,4,44.9,1,Tecnología
0,11.47,56.9,39,Masculino,9,53.6,0,2,14.4,0,Comercio & Retail
0,15.2,64.6,35,Masculino,16,41.8,0,1,21.9,1,Comercio & Retail
1,42.6,59.8,29,Femenino,16,44.8,1,450,40.8,1,Manufactura
0,10.52,45.5,59,Femenino,10,41.7,0,2,10.9,1,Logística
1,43.14,58.9,60,Femenino,9,44.2,1,45,17.5,1,Tecnología
1,51.6,86.5,56,Masculino,17,38.8,1,12,44.5,1,Servicios Personales
1,45.76,60.4,26,Masculino,9,38.0,1,45,43.4,1,Comercio & Retail
0,8.36,30.5,23,Masculino,8,41.7,0,1,21.0,0,Agroindustria
1,47.87,76.1,36,Femenino,14,44.3,1,12,32.1,1,Manufactura
0,9.0,12.6,64,Masculino,3,50.7,0,1,44.7,0,Comercio & Retail
0,9.14,44.2,24,Femenino,10,46.5,0,4,34.9,0,Servicios Personales
0,12.99,42.0,33,Femenino,10,27.3,0,1,7.8,0,Comercio & Retail
0,12.19,51.7,22,Masculino,12,43.0,0,1,33.6,1,Servicios Personales
0,15.96,73.4,33,Femenino,8,63.0,0,2,19.0,0,Agroindustria
0,13.36,56.3,18,Femenino,9,39.6,0,1,7.5,0,Servicios Personales
0,10.1,36.5,54,Masculino,10,49.5,0,1,44.4,0,Servicios Personales
0,10.51,35.3,56,Femenino,9,70.3,0,1,8.8,0,Comercio & Retail
0,14.04,51.8,36,Masculino,9,57.1,0,1,48.0,0,Servicios Personales
1,44.75,68.7,54,Masculino,13,45.1,1,45,18.1,1,Manufactura
0,13.21,56.6,34,Masculino,12,53.2,1,4,22.4,0,Manufactura
1,48.8,79.9,43,Femenino,12,37.3,1,120,53.0,1,Comercio & Retail
0,8.59,22.1,39,Femenino,4,48.8,0,8,20.1,0,Agroindustria
0,17.89,72.3,25,Femenino,12,52.4,0,1,39.6,1,Servicios Personales
0,13.24,51.1,50,Femenino,7,41.4,1,1,34.7,0,Comercio & Retail
0,19.18,100.0,19,Masculino,18,41.9,0,1,59.3,0,Manufactura
1,55.69,79.5,47,Femenino,10,37.4,1,45,36.6,1,Manufactura
0,14.15,57.9,64,Femenino,9,37.1,0,1,30.7,1,Comercio & Retail
0,15.07,79.4,37,Masculino,16,43.3,0,1,8.8,1,Logística
0,16.01,78.6,35,Masculino,15,52.3,0,2,28.9,1,Servicios Personales
0,11.46,57.1,60,Masculino,9,30.3,0,1,50.9,0,Servicios Personales
0,6.51,20.4,27,Femenino,6,37.0,0,1,4.5,0,Comercio & Retail
0,5.98,12.0,41,Masculino,3,49.9,0,1,21.0,1,Servicios Personales
0,13.73,48.7,21,Masculino,6,67.9,0,4,47.9,0,Manufactura
0,12.84,72.7,54,Femenino,11,37.8,0,2,2.8,1,Comercio & Retail
0,17.0,65.9,21,Femenino,9,44.1,0,1,28.1,0,Agroindustria
0,11.8,36.9,30,Femenino,6,44.5,0,1,14.2,1,Comercio & Retail
0,14.0,54.3,42,Masculino,9,77.3,0,1,30.0,0,Servicios Personales
1,53.68,78.4,30,Femenino,17,37.9,1,12,30.0,1,Comercio & Retail
1,55.96,89.4,35,Masculino,14,42.1,1,12,30.8,1,Logística
1,58.07,79.1,41,Masculino,17,47.9,0,45,11.6,1,Comercio & Retail
0,10.3,35.2,19,Masculino,7,41.6,0,8,28.7,0,Manufactura
1,44.54,65.4,50,Femenino,13,44.9,1,45,19.5,1,Servicios Personales
1,46.03,63.1,36,Femenino,13,50.7,1,12,18.7,1,Agroindustria
0,16.82,78.3,26,Femenino,16,64.1,0,1,26.5,1,Manufactura
0,15.26,64.0,45,Femenino,10,48.8,0,1,29.9,0,Servicios Personales
0,11.64,44.3,52,Masculino,7,79.8,0,1,5.1,0,Comercio & Retail
0,10.37,37.1,56,Femenino,7,46.3,0,4,7.0,1,Agroindustria
0,9.58,48.5,27,Femenino,10,48.1,0,1,21.3,1,Agroindustria
0,12.36,49.6,18,Femenino,10,45.0,0,1,25.4,0,Comercio & Retail
0,12.08,39.6,59,Femenino,11,37.7,0,1,9.8,1,Comercio & Retail
0,10.27,44.0,38,Masculino,5,47.4,0,4,19.0,1,Manufactura
0,13.92,81.2,26,Masculino,15,57.1,0,1,37.0,1,Comercio & Retail
0,11.18,50.6,64,Masculino,5,37.1,0,1,50.0,1,Agroindustria
1,48.81,78.8,32,Femenino,15,48.4,1,45,23.9,0,Logística
0,11.22,35.9,52,Masculino,9,62.3,0,4,55.1,1,Comercio & Retail
1,53.39,84.5,22,Masculino,17,40.7,1,120,3.5,1,Servicios Personales
0,8.26,28.8,58,Femenino,3,57.2,0,4,25.1,1,Comercio & Retail
1,52.59,78.4,39,Femenino,14,38.8,1,45,26.4,1,Servicios Personales
1,46.22,57.0,58,Masculino,6,37.6,1,120,14.2,1,Tecnología
0,6.99,26.6,40,Masculino,6,63.2,0,2,42.5,0,Servicios Personales
1,49.95,84.7,24,Masculino,16,40.9,1,450,7.7,1,Comercio & Retail
0,13.65,65.3,40,Femenino,13,34.1,0,4,16.2,0,Servicios Personales
0,9.97,56.7,61,Femenino,4,51.1,0,2,5.8,0,Agroindustria
1,43.78,67.8,42,Masculino,11,38.7,1,12,18.4,1,Comercio & Retail
1,51.33,72.4,44,Masculino,15,46.2,1,450,31.7,1,Logística
0,16.49,76.6,58,Masculino,12,54.9,0,1,50.8,0,Servicios Personales
0,11.83,52.5,23,Masculino,10,49.2,0,1,8.8,1,Comercio & Retail
1,49.9,77.8,51,Femenino,14,41.1,1,12,37.6,1,Servicios Personales
0,12.59,55.1,26,Masculino,11,28.7,0,1,49.2,0,Logística
0,7.14,31.7,50,Masculino,4,62.0,0,4,23.1,1,Manufactura
0,11.3,67.7,23,Masculino,10,37.5,0,1,9.6,0,Servicios Personales
0,13.48,59.3,54,Femenino,12,76.3,1,2,15.9,0,Servicios Personales
0,8.98,28.6,48,Femenino,11,58.3,0,1,15.7,1,Comercio & Retail
0,7.96,39.4,51,Masculino,8,64.3,0,2,8.8,1,Tecnología
1,50.43,77.8,58,Masculino,12,42.2,1,45,21.8,0,Manufactura
0,15.3,74.9,46,Masculino,11,52.1,0,1,36.6,0,Manufactura
0,8.83,15.8,31,Masculino,2,44.3,0,2,53.6,0,Servicios Personales
0,8.9,19.1,53,Masculino,5,51.1,0,1,19.0,0,Comercio & Retail
1,42.73,54.3,53,Masculino,11,41.1,1,45,22.8,0,Servicios Personales
0,14.94,76.7,32,Femenino,13,18.6,0,1,17.1,1,Manufactura
0,12.26,40.8,25,Femenino,7,46.8,0,1,65.9,0,Comercio & Retail
0,12.67,47.1,43,Femenino,13,27.7,0,1,35.5,1,Logística
1,44.62,68.7,53,Masculino,12,47.3,1,120,30.2,1,Tecnología
1,40.65,61.3,38,Femenino,9,41.3,1,120,43.4,1,Agroindustria
0,14.41,78.8,45,Femenino,12,46.9,0,1,14.1,0,Servicios Personales
0,9.32,42.4,21,Masculino,12,42.4,0,4,5.9,0,Servicios Personales
1,58.6,78.4,33,Masculino,13,49.2,1,12,17.1,1,Manufactura
1,42.43,72.9,39,Masculino,14,37.9,1,120,22.1,0,Servicios Personales
0,11.28,32.4,29,Femenino,6,63.0,0,1,6.9,1,Logística
0,6.77,26.5,33,Masculino,7,50.2,0,1,12.1,0,Comercio & Retail
0,10.85,60.4,57,Femenino,16,33.0,0,2,22.0,0,Comercio & Retail
0,14.66,59.3,55,Femenino,13,41.4,1,1,7.2,1,Manufactura
0,11.65,54.8,59,Femenino,12,29.8,0,2,15.2,0,Comercio & Retail
1,45.5,65.9,54,Femenino,13,38.8,0,120,66.9,1,Servicios Personales
1,49.3,85.8,46,Femenino,14,45.3,1,120,15.9,0,Comercio & Retail
0,12.33,58.3,35,Masculino,11,53.4,0,1,3.9,1,Comercio & Retail
0,8.01,35.6,27,Femenino,9,70.1,0,1,38.6,0,Manufactura
1,39.71,52.8,59,Masculino,12,36.7,0,45,38.2,1,Servicios Personales
1,45.5,58.4,56,Femenino,10,43.0,1,45,42.0,1,Manufactura
0,16.18,71.5,35,Femenino,16,39.8,0,1,34.4,0,Comercio & Retail
1,51.33,77.8,18,Masculino,16,34.7,1,12,18.7,1,Logística
0,14.55,78.5,56,Masculino,13,38.9,0,1,20.2,0,Servicios Personales
0,11.74,41.5,38,Masculino,5,47.3,0,1,56.6,0,Manufactura
0,9.03,33.5,18,Masculino,6,55.6,0,1,22.0,1,Comercio & Retail
0,10.58,25.2,32,Masculino,5,57.5,0,1,61.5,1,Agroindustria
1,50.19,78.7,21,Masculino,11,46.2,1,12,2.5,1,Comercio & Retail
0,14.97,64.0,37,Masculino,14,57.4,0,1,38.0,0,Comercio & Retail
0,15.48,74.9,27,Masculino,9,73.9,0,1,38.8,0,Comercio & Retail
1,40.49,63.2,40,Femenino,8,40.3,1,45,10.4,1,Agroindustria
0,10.46,54.1,58,Masculino,10,68.9,0,2,28.7,0,Manufactura
0,9.42,30.8,51,Femenino,7,42.5,0,2,28.4,1,Manufactura
1,46.84,59.4,63,Femenino,11,50.0,1,120,16.4,0,Servicios Personales
1,45.08,64.2,50,Masculino,9,46.3,1,450,27.0,1,Comercio & Retail
0,8.58,43.2,51,Femenino,8,54.2,0,2,39.1,0,Comercio & Retail
0,9.02,41.8,56,Femenino,10,74.0,0,1,37.3,0,Comercio & Retail
0,14.27,61.4,27,Femenino,13,45.4,0,1,14.6,0,Manufactura
0,9.97,34.9,37,Masculino,4,42.9,0,1,55.3,1,Tecnología
0,12.11,63.7,18,Femenino,11,68.1,0,1,51.3,0,Comercio & Retail
0,8.03,23.8,30,Femenino,2,53.4,0,2,45.8,0,Comercio & Retail
0,12.91,46.3,18,Masculino,9,54.0,0,2,36.3,1,Tecnología
0,16.08,65.8,22,Femenino,13,48.9,0,1,54.8,0,Servicios Personales
0,11.72,66.4,33,Femenino,14,56.6,0,1,1.1,0,Comercio & Retail
0,10.78,48.4,32,Femenino,8,41.8,0,1,39.3,1,Tecnología
0,12.55,49.6,45,Femenino,8,44.8,0,2,12.6,0,Servicios Personales
0,11.27,48.6,48,Femenino,9,49.6,1,1,8.8,1,Tecnología
0,11.47,30.6,40,Femenino,6,65.7,0,8,30.2,1,Comercio & Retail
1,51.85,71.5,62,Femenino,11,40.7,1,12,17.7,1,Logística
0,10.27,42.0,60,Masculino,6,71.3,0,1,41.2,0,Comercio & Retail
0,14.68,70.2,34,Masculino,12,43.0,0,2,33.8,1,Comercio & Retail
0,10.2,35.6,51,Masculino,7,51.6,0,1,4.5,0,Servicios Personales
0,11.42,50.1,30,Femenino,9,24.0,0,1,44.2,1,Agroindustria
1,45.09,55.4,31,Femenino,12,39.9,1,45,11.3,1,Tecnología
0,16.2,77.1,28,Masculino,12,17.7,0,8,61.4,1,Manufactura
0,11.4,52.2,45,Femenino,12,62.2,0,1,24.6,1,Comercio & Retail
0,11.63,48.9,59,Masculino,11,60.9,1,2,64.2,0,Servicios Personales
0,8.85,39.7,49,Femenino,6,42.1,0,1,22.2,0,Comercio & Retail
0,9.79,43.3,52,Masculino,10,33.6,1,1,60.5,0,Servicios Personales
1,44.53,65.1,48,Femenino,9,47.2,1,120,16.1,1,Logística
0,9.98,32.9,34,Femenino,8,32.0,0,8,10.7,1,Comercio & Retail
0,12.1,52.6,64,Masculino,10,43.6,0,2,60.1,0,Comercio & Retail
0,12.3,38.8,26,Masculino,7,46.6,0,2,45.5,1,Manufactura
0,11.6,58.0,27,Femenino,10,44.3,0,1,8.1,1,Servicios Personales
0,10.2,43.0,25,Masculino,9,62.5,0,2,11.8,1,Servicios Personales
0,10.95,49.6,38,Femenino,8,51.4,0,1,54.8,0,Servicios Personales
0,13.79,30.4,30,Femenino,6,56.7,0,1,7.9,1,Logística
0,10.88,28.9,22,Masculino,6,47.4,0,1,34.7,0,Manufactura
0,13.38,72.7,23,Masculino,15,42.1,0,1,12.3,1,Manufactura
1,48.12,54.0,47,Masculino,10,39.7,1,450,34.9,1,Manufactura
0,13.68,80.2,48,Femenino,17,34.2,0,2,27.4,1,Logística
1,48.84,79.1,34,Femenino,17,43.0,1,12,5.6,1,Tecnología
1,49.44,88.6,28,Masculino,15,38.6,1,12,37.2,1,Manufactura
0,11.2,38.0,37,Femenino,5,49.0,0,4,38.0,1,Servicios Personales
0,14.97,77.4,26,Femenino,15,57.9,0,1,8.2,0,Manufactura
0,12.43,65.7,19,Femenino,10,46.0,0,1,43.6,0,Manufactura
0,12.1,37.4,54,Femenino,9,36.3,0,2,10.2,0,Manufactura
0,13.51,67.8,18,Femenino,8,43.0,0,2,12.3,0,Manufactura
0,11.31,34.2,21,Femenino,9,69.6,0,8,5.7,1,Servicios Personales
1,43.17,75.3,53,Masculino,12,32.3,1,45,20.1,1,Logística
1,49.61,74.2,42,Masculino,19,49.1,1,45,40.7,1,Manufactura
0,11.64,30.4,20,Femenino,4,55.7,0,1,43.3,1,Servicios Personales
1,49.31,76.8,26,Femenino,17,42.4,1,45,31.6,1,Manufactura
1,59.24,94.3,39,Femenino,16,48.1,1,120,21.6,1,Tecnología
0,14.49,58.7,40,Femenino,9,58.9,0,1,59.4,1,Comercio & Retail
0,8.35,44.1,29,Masculino,8,54.9,0,2,20.9,1,Servicios Personales
0,11.86,40.3,27,Masculino,5,50.8,0,1,14.5,0,Tecnología
0,11.83,45.8,51,Masculino,7,50.8,0,1,14.3,0,Comercio & Retail
0,13.74,54.0,60,Masculino,8,33.9,0,8,52.5,0,Comercio & Retail
0,12.66,53.0,27,Femenino,10,29.5,0,2,10.1,1,Servicios Personales
0,11.0,48.1,47,Femenino,10,47.6,0,1,16.9,1,Servicios Personales
0,10.75,45.3,39,Masculino,13,58.7,0,1,61.7,1,Agroindustria
0,12.6,59.6,23,Masculino,12,40.1,0,8,44.2,0,Manufactura
0,14.15,60.3,19,Masculino,11,38.0,0,1,19.3,0,Manufactura
0,13.77,45.0,47,Femenino,10,36.5,1,2,20.6,1,Manufactura
1,45.59,70.2,19,Masculino,14,45.3,1,12,43.5,1,Comercio & Retail
0,13.92,78.1,49,Femenino,13,36.2,0,8,31.3,0,Agroindustria
0,12.8,63.9,59,Masculino,12,76.0,0,1,52.0,1,Comercio & Retail
0,7.76,39.6,33,Masculino,8,38.2,0,1,24.4,0,Logística
1,52.96,80.2,29,Femenino,14,35.8,1,45,20.4,0,Servicios Personales
1,48.31,69.2,18,Masculino,13,43.7,1,450,28.7,1,Tecnología
0,12.61,52.9,25,Masculino,9,44.5,0,1,24.1,0,Servicios Personales
0,9.14,22.7,30,Masculino,3,46.5,0,1,50.4,0,Manufactura
0,9.86,42.4,32,Masculino,10,63.4,0,1,64.9,0,Servicios Personales
0,14.48,45.4,61,Femenino,7,36.8,0,1,29.9,0,Comercio & Retail
1,51.26,70.7,25,Masculino,13,31.2,1,450,18.5,1,Comercio & Retail
0,12.83,51.8,27,Femenino,11,20.4,0,2,9.9,0,Comercio & Retail
0,10.16,32.6,63,Femenino,4,45.6,0,1,33.7,0,Comercio & Retail
1,48.48,68.3,22,Femenino,11,33.7,1,120,39.4,0,Manufactura
1,50.65,72.8,36,Masculino,17,39.1,1,45,70.5,1,Manufactura
0,12.5,55.2,64,Femenino,9,51.5,0,1,35.5,1,Comercio & Retail
0,13.76,54.0,55,Femenino,10,30.3,0,1,29.8,0,Tecnología
0,14.42,60.6,28,Femenino,9,42.5,0,2,44.9,0,Manufactura
1,43.9,65.8,60,Masculino,10,38.2,1,45,43.4,1,Manufactura
0,15.89,79.6,37,Masculino,16,61.8,0,1,40.5,0,Comercio & Retail
0,12.85,71.0,37,Femenino,14,50.8,0,8,27.7,0,Manufactura
0,10.02,44.8,38,Masculino,8,45.5,0,2,43.2,0,Logística
0,8.67,44.4,35,Femenino,10,44.4,1,2,5.7,0,Comercio & Retail
0,14.64,58.9,27,Masculino,10,31.7,0,1,49.1,0,Comercio & Retail
0,13.71,63.6,51,Masculino,12,43.3,0,1,21.7,0,Comercio & Retail
1,38.31,55.4,43,Masculino,12,42.1,1,12,34.4,1,Comercio & Retail
0,8.33,35.3,47,Femenino,10,77.5,0,2,9.5,0,Servicios Personales
0,10.89,40.5,26,Masculino,5,44.8,0,1,17.2,0,Manufactura
1,44.11,51.4,63,Masculino,10,40.9,1,12,34.2,1,Logística
0,11.63,57.8,48,Masculino,9,45.2,0,1,42.3,0,Manufactura
0,8.24,29.4,59,Femenino,7,55.3,0,1,48.0,0,Tecnología
0,18.32,67.7,21,Femenino,13,51.5,0,1,26.1,0,Servicios Personales
0,13.84,54.7,23,Masculino,10,56.6,0,2,53.6,1,Manufactura
0,9.5,36.9,31,Femenino,6,67.3,0,4,8.7,0,Manufactura
1,61.77,100.0,21,Masculino,18,36.6,1,45,23.6,1,Manufactura
1,41.44,64.6,43,Femenino,12,42.7,1,120,57.3,1,Comercio & Retail
1,43.43,49.7,64,Masculino,13,42.6,1,45,48.3,1,Servicios Personales
0,13.0,67.0,56,Femenino,14,35.3,0,4,21.0,1,Servicios Personales
0,7.93,30.9,34,Femenino,8,41.0,0,1,11.3,0,Comercio & Retail
0,13.53,77.2,36,Femenino,12,65.3,0,2,14.6,0,Tecnología
0,11.09,29.5,23,Femenino,3,56.4,0,1,20.3,0,Logística
1,41.83,69.4,46,Masculino,14,46.1,1,12,44.6,1,Logística
0,12.85,40.9,28,Masculino,10,46.8,0,1,24.0,0,Logística
0,13.99,64.7,33,Masculino,12,56.8,0,2,19.5,0,Servicios Personales
0,15.16,65.5,47,Masculino,10,66.8,0,4,18.0,0,Comercio & Retail
1,57.88,88.9,42,Masculino,17,52.1,1,45,32.9,1,Servicios Personales
1,55.09,80.5,57,Femenino,15,38.8,1,120,11.1,0,Comercio & Retail
0,10.67,29.3,28,Femenino,0,51.0,0,2,34.6,0,Manufactura
0,15.35,78.3,24,Femenino,12,50.1,0,2,6.9,0,Servicios Personales
0,12.71,52.1,43,Masculino,9,53.0,0,1,24.0,0,Manufactura
0,17.85,68.9,39,Femenino,12,44.7,0,1,6.8,0,Servicios Personales
1,55.97,80.1,42,Femenino,12,45.3,1,120,20.7,1,Tecnología
0,11.41,33.0,36,Masculino,7,41.1,1,1,11.1,1,Agroindustria
0,15.87,59.8,48,Masculino,10,68.0,0,1,6.9,0,Manufactura
0,8.57,28.8,43,Masculino,6,34.0,0,4,13.2,0,Agroindustria
1,45.62,75.3,59,Masculino,16,39.2,1,45,24.4,0,Comercio & Retail
1,47.9,72.4,58,Masculino,11,40.7,1,12,36.7,1,Manufactura
1,41.96,54.6,53,Masculino,12,49.0,1,45,63.6,1,Comercio & Retail
1,45.82,69.9,40,Masculino,11,39.0,1,45,47.0,1,Agroindustria
0,9.29,32.9,64,Masculino,6,55.9,1,1,25.2,1,Tecnología
0,14.59,74.0,30,Femenino,12,54.1,0,1,8.9,0,Comercio & Retail
1,59.76,97.6,42,Femenino,17,36.3,1,12,40.5,1,Comercio & Retail
0,9.01,21.9,19,Femenino,4,49.4,0,1,13.2,0,Servicios Personales
0,12.69,61.4,19,Femenino,10,43.5,0,2,19.7,0,Tecnología
0,14.92,78.1,33,Masculino,13,60.1,1,2,22.4,1,Manufactura
0,11.6,38.7,26,Femenino,7,65.6,0,1,12.6,1,Logística
1,49.2,72.7,45,Femenino,13,43.3,1,120,22.3,1,Logística
0,12.89,43.0,30,Masculino,10,58.9,0,1,25.0,0,Tecnología
0,15.67,64.9,52,Masculino,7,52.0,1,2,18.3,1,Logística
0,6.34,7.6,58,Masculino,0,67.1,0,2,21.1,0,Comercio & Retail
0,12.48,52.1,30,Masculino,10,41.6,0,1,17.9,1,Manufactura
0,12.95,53.7,48,Masculino,10,43.4,0,2,23.0,1,Comercio & Retail
0,14.21,75.8,38,Masculino,15,52.2,0,8,27.1,0,Servicios Personales
0,12.2,63.5,49,Femenino,11,45.5,0,4,25.4,1,Logística
0,13.3,51.3,51,Femenino,8,47.5,0,8,19.7,1,Comercio & Retail
0,10.12,19.9,25,Femenino,4,58.7,0,1,21.8,1,Agroindustria
1,35.41,54.5,58,Masculino,13,42.5,1,12,49.1,1,Manufactura
1,47.63,72.0,19,Masculino,10,42.9,1,120,33.2,1,Comercio & Retail
1,50.0,62.6,55,Masculino,9,43.9,1,120,37.6,1,Servicios Personales
0,9.22,34.0,49,Masculino,8,47.8,0,1,34.3,0,Servicios Personales
1,46.23,79.0,57,Femenino,15,48.9,1,45,16.3,1,Comercio & Retail
1,52.02,83.1,45,Masculino,15,41.3,1,450,11.7,1,Comercio & Retail
0,14.79,67.6,54,Masculino,8,54.9,0,1,17.5,1,Comercio & Retail
0,9.08,14.3,58,Femenino,1,70.0,0,1,35.8,0,Comercio & Retail
0,13.48,61.2,18,Masculino,9,47.8,0,1,12.6,0,Comercio & Retail
0,11.89,66.3,58,Femenino,11,62.7,0,1,55.4,0,Comercio & Retail
0,13.66,48.1,27,Femenino,10,18.1,0,1,26.9,0,Agroindustria
0,10.67,27.6,21,Masculino,4,55.4,0,1,29.9,0,Logística
1,50.21,71.5,52,Masculino,16,51.1,1,120,20.5,1,Logística
0,9.26,30.6,27,Femenino,3,63.6,0,2,37.4,1,Agroindustria
0,9.14,27.5,64,Masculino,7,45.5,0,1,45.2,0,Comercio & Retail
0,11.31,36.8,28,Masculino,6,63.5,0,1,47.0,0,Comercio & Retail
0,11.56,35.4,31,Masculino,6,42.8,0,1,21.4,1,Agroindustria
0,7.35,5.0,55,Femenino,2,31.0,0,1,25.1,0,Manufactura
0,12.87,58.1,29,Femenino,10,52.1,0,2,33.8,0,Manufactura
1,54.55,81.8,62,Femenino,15,49.2,1,12,3.7,0,Comercio & Retail
0,13.56,36.5,34,Masculino,9,54.2,0,4,17.5,1,Servicios Personales
0,13.05,39.0,33,Femenino,6,61.1,0,4,35.2,1,Manufactura
1,43.71,61.2,52,Femenino,15,40.8,1,45,33.2,1,Manufactura
0,16.47,68.2,19,Masculino,13,64.3,0,2,37.2,0,Comercio & Retail
0,11.06,54.7,28,Masculino,7,48.5,0,2,12.5,1,Comercio & Retail
0,13.55,53.9,58,Masculino,11,36.7,0,2,26.9,0,Agroindustria
0,15.38,68.1,20,Masculino,14,45.0,0,1,30.1,1,Servicios Personales
0,10.89,64.1,46,Femenino,7,57.2,0,1,18.4,0,Servicios Personales
0,12.48,47.6,35,Femenino,10,48.9,0,8,24.6,0,Manufactura
0,9.83,41.6,37,Masculino,9,37.4,0,2,33.3,0,Servicios Personales
0,10.96,34.9,64,Masculino,5,48.6,1,1,23.1,0,Servicios Personales
0,17.19,83.2,31,Masculino,11,55.0,0,2,8.0,1,Comercio & Retail
0,13.87,65.5,51,Masculino,12,44.0,0,1,48.8,0,Servicios Personales
0,13.33,48.4,48,Masculino,10,47.4,0,2,14.2,0,Tecnología
0,13.41,49.0,57,Masculino,7,41.1,0,1,28.3,0,Manufactura
1,58.33,94.5,59,Masculino,18,33.1,1,12,19.9,1,Comercio & Retail
0,9.77,53.1,35,Masculino,8,42.2,0,2,50.2,1,Comercio & Retail
1,48.43,70.8,47,Femenino,12,40.2,1,120,13.7,1,Tecnología
1,48.19,76.4,42,Femenino,13,44.8,1,12,9.6,1,Servicios Personales
0,6.42,17.7,36,Masculino,1,66.5,0,1,34.7,0,Comercio & Retail
0,13.46,65.7,25,Femenino,13,50.4,0,2,29.0,0,Comercio & Retail
0,13.75,63.4,45,Masculino,10,37.6,1,4,18.1,0,Comercio & Retail
0,7.67,26.6,25,Femenino,9,44.2,0,4,2.3,0,Manufactura
0,9.11,29.1,48,Femenino,10,65.7,0,2,68.0,0,Tecnología
0,9.71,57.0,20,Femenino,12,53.2,0,4,32.2,0,Tecnología
0,9.61,15.6,20,Femenino,1,43.4,1,8,47.3,1,Manufactura
1,43.92,61.9,61,Femenino,10,48.5,1,120,35.0,1,Servicios Personales
0,15.23,58.2,39,Femenino,12,30.4,1,1,34.0,0,Tecnología
1,58.27,98.7,34,Masculino,18,43.4,1,45,56.8,1,Agroindustria
0,9.87,36.4,53,Femenino,5,35.1,1,2,9.0,0,Comercio & Retail
0,13.03,55.2,34,Femenino,12,53.8,0,2,50.5,1,Comercio & Retail
0,12.49,59.6,31,Femenino,8,34.5,0,1,38.7,0,Manufactura
0,12.87,65.8,26,Masculino,12,59.5,0,1,17.8,1,Manufactura
1,38.39,54.0,47,Masculino,13,45.7,0,12,34.9,1,Servicios Personales
0,14.88,50.6,38,Masculino,7,38.4,0,1,15.8,1,Manufactura
1,50.88,90.6,29,Femenino,17,49.0,1,450,16.4,1,Servicios Personales
1,42.49,62.2,54,Femenino,15,52.8,1,120,21.5,1,Agroindustria
1,50.3,68.1,49,Masculino,13,44.0,1,12,9.7,1,Logística
0,12.62,57.0,28,Masculino,9,61.6,0,1,31.2,1,Comercio & Retail
0,8.46,30.3,37,Femenino,8,53.3,0,1,27.8,0,Comercio & Retail
1,46.2,73.6,52,Femenino,12,39.6,1,45,3.6,1,Manufactura
0,14.13,44.1,64,Femenino,9,49.2,0,1,21.4,1,Manufactura
0,11.71,38.3,63,Femenino,8,51.2,0,1,33.8,0,Comercio & Retail
1,54.33,80.2,28,Masculino,17,42.6,1,45,29.3,1,Logística
0,13.65,70.0,25,Masculino,12,46.7,0,1,41.3,0,Manufactura
1,48.86,77.0,21,Femenino,13,49.8,1,45,2.3,1,Logística
1,50.05,99.7,44,Femenino,17,43.9,1,12,34.3,1,Manufactura
0,12.97,46.1,61,Masculino,10,41.3,0,2,21.6,1,Servicios Personales
0,11.79,50.7,57,Masculino,8,50.6,0,1,43.6,0,Servicios Personales
0,13.48,45.8,55,Masculino,6,48.3,0,1,16.7,0,Manufactura
0,14.26,79.8,64,Femenino,15,44.5,0,2,54.2,0,Agroindustria
0,12.61,41.2,47,Masculino,9,52.8,1,2,19.7,0,Comercio & Retail
0,8.14,17.6,61,Femenino,0,60.4,0,2,38.8,0,Servicios Personales
0,8.12,18.2,44,Femenino,0,64.6,0,1,21.1,1,Logística
0,10.48,24.7,38,Femenino,4,68.6,0,2,28.0,0,Manufactura
0,13.12,55.8,37,Masculino,9,50.9,0,8,16.2,1,Comercio & Retail
0,12.74,53.1,21,Femenino,9,78.6,0,1,74.8,1,Servicios Personales
0,12.94,49.5,28,Masculino,12,77.0,1,1,64.9,0,Comercio & Retail
0,7.8,45.3,30,Femenino,6,62.5,0,1,17.0,0,Tecnología
0,14.14,60.1,26,Femenino,11,42.8,0,2,54.2,1,Manufactura
0,10.97,48.1,21,Femenino,13,61.8,0,1,34.9,0,Manufactura
0,10.05,48.0,29,Femenino,9,67.8,1,2,42.0,1,Agroindustria
0,10.91,48.2,26,Femenino,8,50.7,0,4,11.0,0,Comercio & Retail
0,9.14,35.8,30,Femenino,7,55.6,0,1,26.3,1,Comercio & Retail
1,53.49,74.1,43,Femenino,14,50.3,1,12,11.2,1,Servicios Personales
0,8.57,32.1,55,Femenino,5,41.6,0,4,12.6,0,Servicios Personales
1,53.46,89.3,59,Masculino,16,41.3,1,12,46.8,1,Comercio & Retail
0,13.78,57.7,30,Femenino,10,53.4,0,1,18.4,0,Manufactura
0,12.35,58.0,56,Masculino,6,58.5,0,2,42.9,0,Comercio & Retail
0,11.31,52.6,45,Masculino,13,33.6,0,2,6.5,0,Agroindustria
0,13.9,66.2,36,Femenino,12,46.1,0,4,15.5,0,Agroindustria
0,12.3,63.2,41,Masculino,12,52.1,0,4,33.5,0,Comercio & Retail
0,13.37,71.2,36,Masculino,13,41.2,0,1,41.6,1,Comercio & Retail
0,16.19,72.1,30,Femenino,11,45.5,0,4,21.0,0,Comercio & Retail
0,14.46,48.7,30,Masculino,12,57.0,0,1,11.2,0,Servicios Personales
1,50.19,81.1,45,Masculino,15,38.9,1,45,29.6,1,Comercio & Retail
0,11.46,62.4,19,Masculino,11,53.0,0,4,27.9,0,Manufactura
1,46.08,57.9,27,Masculino,13,41.0,1,12,35.0,1,Comercio & Retail
0,10.95,34.9,39,Femenino,2,27.2,0,1,24.6,0,Manufactura
1,44.88,59.6,30,Femenino,11,48.4,1,12,25.8,1,Logística
1,50.59,87.6,26,Masculino,20,41.6,1,45,46.7,1,Comercio & Retail
0,11.3,31.3,50,Masculino,3,70.1,0,1,40.4,0,Comercio & Retail
0,17.15,96.6,31,Masculino,18,62.5,0,2,34.5,0,Logística
0,13.1,70.2,37,Masculino,13,32.4,0,1,40.5,0,Manufactura
0,7.46,26.7,32,Femenino,4,56.0,0,2,16.7,0,Comercio & Retail
0,11.62,47.1,49,Femenino,10,58.9,0,1,35.1,0,Comercio & Retail
1,41.77,54.9,50,Masculino,12,42.1,1,12,60.3,1,Comercio & Retail
0,16.1,74.9,34,Masculino,13,42.5,0,2,38.8,1,Comercio & Retail
1,45.19,56.4,41,Masculino,8,46.4,1,450,36.0,1,Servicios Personales
0,13.39,64.5,47,Masculino,13,59.4,0,2,31.8,0,Manufactura
1,61.99,98.3,30,Femenino,15,44.7,1,120,13.3,1,Logística
1,41.79,64.6,64,Masculino,13,41.9,1,12,51.1,1,Manufactura
0,15.62,74.3,33,Masculino,15,51.4,0,4,36.3,1,Manufactura
0,10.88,43.0,19,Masculino,8,72.1,0,1,10.2,0,Comercio & Retail
0,12.64,65.8,34,Femenino,13,46.8,0,4,44.7,0,Servicios Personales
1,53.73,90.6,49,Femenino,19,44.9,1,45,29.8,1,Servicios Personales
0,10.54,44.8,60,Masculino,6,36.4,1,1,50.4,1,Tecnología
0,15.42,61.1,25,Femenino,12,36.5,1,4,28.6,0,Logística
0,11.33,45.1,20,Masculino,6,73.3,0,1,61.4,0,Comercio & Retail
0,10.9,59.0,29,Femenino,15,47.0,1,2,19.2,0,Agroindustria
0,8.72,16.8,37,Femenino,2,47.6,1,4,24.5,0,Comercio & Retail
0,13.89,43.8,33,Masculino,8,48.6,0,1,40.8,0,Servicios Personales
1,53.51,88.5,31,Femenino,19,41.0,1,120,33.8,1,Logística
0,8.73,28.7,33,Masculino,8,49.0,1,1,12.0,0,Agroindustria
0,13.78,63.9,60,Femenino,10,30.6,0,8,13.1,0,Manufactura
0,11.4,60.3,50,Masculino,15,56.8,1,2,40.3,0,Manufactura
0,10.5,44.7,47,Femenino,9,41.5,0,4,14.3,0,Servicios Personales
0,10.87,22.7,29,Femenino,2,58.3,0,1,4.7,0,Logística
0,12.66,59.4,32,Masculino,6,27.1,0,1,52.2,0,Servicios Personales
1,50.15,74.5,35,Masculino,15,45.9,1,12,20.9,1,Servicios Personales
0,15.55,83.5,45,Femenino,16,44.5,0,1,25.8,0,Agroindustria
0,6.8,8.2,40,Masculino,2,43.7,0,4,28.0,0,Logística
0,9.59,30.6,31,Masculino,6,40.8,0,2,13.8,0,Manufactura
0,12.63,36.0,47,Masculino,7,59.9,0,4,14.8,0,Logística
0,15.07,45.7,50,Masculino,9,51.2,0,4,35.8,1,Manufactura
0,12.25,49.2,62,Femenino,6,35.7,0,1,54.4,0,Comercio & Retail
0,13.87,49.5,32,Femenino,10,24.8,0,2,7.2,0,Logística
0,12.67,53.1,24,Femenino,8,64.6,0,2,63.8,0,Manufactura
0,8.13,39.3,32,Masculino,8,27.6,0,2,25.5,1,Comercio & Retail
0,7.48,36.2,59,Femenino,6,48.7,0,2,25.7,0,Logística
0,10.49,43.0,63,Femenino,13,35.8,0,1,33.7,1,Comercio & Retail
0,8.53,34.3,55,Femenino,5,56.6,0,1,8.3,1,Manufactura
0,11.61,58.9,63,Femenino,11,40.4,0,2,79.5,0,Manufactura
0,11.8,69.1,61,Masculino,14,78.9,0,2,37.0,1,Comercio & Retail
0,20.72,100.0,28,Masculino,18,44.5,0,1,12.8,1,Manufactura
0,16.09,62.3,46,Masculino,12,35.6,0,1,12.4,0,Servicios Personales
0,10.46,31.8,48,Masculino,11,41.8,0,2,9.7,0,Tecnología
0,6.97,18.8,42,Masculino,4,48.2,0,1,38.8,0,Logística
0,16.38,78.6,41,Masculino,16,55.7,0,2,20.6,0,Servicios Personales
0,13.41,58.2,36,Femenino,11,58.3,0,2,38.1,0,Comercio & Retail
0,13.12,50.9,19,Femenino,11,37.7,0,1,23.3,0,Comercio & Retail
0,11.74,52.8,39,Femenino,12,38.1,1,4,18.2,1,Servicios Personales
1,49.44,68.9,37,Femenino,10,42.9,1,120,33.7,1,Servicios Personales
0,13.33,64.9,50,Masculino,10,40.6,0,2,31.9,1,Agroindustria
1,49.63,62.3,25,Masculino,9,41.6,1,120,36.7,1,Manufactura
1,47.35,60.7,42,Femenino,13,40.5,1,12,23.7,1,Comercio & Retail
0,8.98,38.0,63,Masculino,4,30.4,0,1,26.3,0,Logística
0,6.19,5.3,26,Masculino,4,41.5,0,4,41.8,1,Tecnología
0,11.54,38.8,51,Femenino,7,42.0,0,1,45.8,0,Servicios Personales
1,48.48,69.5,40,Masculino,15,38.2,1,12,16.1,1,Manufactura
0,14.38,60.5,22,Masculino,12,51.3,0,1,11.5,1,Servicios Personales
0,9.49,48.2,42,Masculino,8,42.0,0,1,9.4,0,Tecnología
0,12.47,41.3,25,Masculino,7,38.4,0,1,49.7,0,Servicios Personales
0,9.78,43.7,33,Femenino,10,55.8,0,2,27.0,0,Comercio & Retail
1,39.28,55.6,62,Femenino,12,47.2,1,45,21.2,1,Servicios Personales
0,15.8,80.2,32,Femenino,15,31.2,0,1,25.1,0,Agroindustria
1,50.41,90.5,18,Masculino,18,52.6,1,45,26.6,1,Logística
1,45.77,70.9,39,Femenino,10,43.9,1,120,9.2,1,Comercio & Retail
0,15.99,90.1,20,Femenino,18,46.2,0,1,22.9,1,Comercio & Retail
1,44.86,69.9,55,Masculino,10,42.9,0,45,14.2,1,Comercio & Retail
0,12.69,44.5,31,Masculino,11,45.7,0,2,12.9,1,Comercio & Retail
1,49.23,76.9,53,Masculino,14,42.9,1,120,39.8,1,Servicios Personales
0,16.07,78.6,35,Femenino,14,42.6,0,4,24.7,1,Comercio & Retail
0,17.27,83.8,64,Femenino,16,61.7,0,2,43.1,0,Manufactura
0,8.04,23.0,58,Femenino,5,53.2,0,4,9.3,0,Agroindustria
0,11.51,58.2,35,Masculino,10,50.0,0,2,46.7,0,Manufactura
0,14.79,71.4,20,Femenino,15,41.0,1,4,7.6,0,Agroindustria
0,14.3,44.8,27,Masculino,6,55.3,0,4,53.2,0,Manufactura
0,8.88,26.1,56,Masculino,3,36.9,0,1,43.9,0,Servicios Personales
0,9.24,25.3,64,Femenino,4,64.2,0,4,26.6,0,Manufactura
1,54.71,77.8,18,Femenino,10,39.3,1,120,24.4,1,Logística
0,15.42,79.6,44,Masculino,18,51.0,0,1,63.8,1,Comercio & Retail
0,11.61,33.8,44,Masculino,4,49.3,0,1,26.6,0,Manufactura
0,10.29,44.5,28,Masculino,6,56.1,0,2,41.8,1,Comercio & Retail
0,14.98,44.1,22,Femenino,8,67.5,0,2,26.3,1,Servicios Personales
0,11.5,50.4,24,Femenino,6,53.8,0,4,42.1,0,Comercio & Retail
0,13.79,47.6,36,Masculino,6,38.7,0,4,20.8,1,Comercio & Retail
0,9.65,6.1,46,Masculino,2,57.3,0,1,49.6,0,Comercio & Retail
0,10.31,53.2,32,Femenino,8,54.1,0,2,15.0,0,Comercio & Retail
0,17.89,100.0,52,Masculino,17,53.9,1,1,42.5,1,Servicios Personales
1,43.58,55.4,64,Masculino,12,35.1,1,45,22.0,1,Logística
1,41.44,57.2,54,Femenino,14,36.5,1,12,35.5,1,Comercio & Retail
0,10.87,44.0,29,Masculino,8,54.5,0,1,23.2,1,Servicios Personales
0,11.72,42.7,47,Femenino,7,66.4,0,1,12.2,1,Logística
0,11.1,63.3,37,Masculino,12,34.8,0,2,4.7,0,Logística
0,14.29,65.5,54,Masculino,10,36.3,0,2,42.8,1,Comercio & Retail
0,12.0,48.1,20,Femenino,10,57.4,0,2,54.8,1,Manufactura
1,54.01,84.3,26,Masculino,16,38.3,1,120,11.1,1,Servicios Personales
0,11.26,50.7,58,Masculino,7,51.4,0,2,6.1,0,Comercio & Retail
0,10.75,40.0,56,Masculino,6,46.5,0,1,23.7,1,Manufactura
0,11.72,60.8,43,Femenino,13,54.3,0,2,14.8,0,Tecnología
0,13.57,55.4,19,Masculino,13,54.2,0,2,26.1,0,Logística
0,9.44,23.6,40,Masculino,6,45.5,0,1,42.1,0,Agroindustria
0,10.77,40.3,40,Masculino,10,64.0,0,2,76.7,0,Comercio & Retail
0,5.81,10.9,38,Masculino,3,50.1,0,1,13.9,1,Comercio & Retail
0,16.43,74.2,33,Femenino,11,52.9,0,1,13.7,0,Comercio & Retail
0,9.7,45.2,26,Femenino,8,33.4,0,2,27.6,1,Comercio & Retail
0,13.06,71.4,30,Masculino,9,37.8,0,1,16.5,0,Logística
0,15.84,42.7,45,Femenino,6,24.8,0,1,26.5,1,Comercio & Retail
0,13.43,59.6,44,Masculino,15,55.5,0,2,21.1,0,Comercio & Retail
0,10.73,57.0,34,Masculino,11,39.6,0,1,18.5,0,Servicios Personales
0,15.86,77.3,55,Femenino,14,49.0,0,2,12.2,1,Servicios Personales
1,46.1,58.1,53,Masculino,10,44.3,1,120,26.3,1,Logística
1,45.15,70.6,18,Femenino,15,40.7,1,120,37.0,1,Tecnología
0,11.03,35.9,35,Masculino,3,22.9,0,2,18.9,0,Logística
0,11.5,44.5,26,Femenino,10,31.9,0,2,41.1,0,Manufactura
0,13.4,76.7,30,Femenino,15,40.7,0,1,7.3,0,Logística
0,9.94,30.9,57,Femenino,2,44.4,0,1,12.5,1,Comercio & Retail
0,11.71,51.2,62,Masculino,10,41.7,0,4,12.9,1,Manufactura
0,13.96,67.9,32,Femenino,12,56.5,0,4,61.0,0,Servicios Personales
0,11.94,49.7,60,Femenino,9,30.1,0,1,22.2,0,Comercio & Retail
1,47.91,73.0,61,Femenino,14,39.3,1,120,44.9,1,Servicios Personales
1,49.59,75.1,63,Femenino,14,40.2,1,12,25.7,1,Comercio & Retail
0,11.49,44.0,21,Masculino,8,43.9,0,1,18.2,0,Logística
0,12.1,64.9,50,Femenino,9,41.5,0,2,41.9,0,Manufactura
0,11.69,41.5,41,Masculino,6,35.2,0,4,23.7,0,Manufactura
1,46.16,64.5,53,Masculino,11,39.5,1,45,12.7,1,Comercio & Retail
1,49.28,70.3,58,Masculino,11,39.6,1,450,28.9,1,Servicios Personales
0,8.93,60.9,27,Femenino,10,48.6,0,1,30.5,0,Logística
0,11.41,45.5,53,Masculino,10,34.9,0,1,34.6,0,Comercio & Retail
0,11.62,50.2,37,Femenino,7,55.0,0,8,30.0,0,Logística
0,11.49,37.5,58,Masculino,5,42.9,0,2,25.0,1,Logística
1,45.7,56.0,62,Masculino,12,39.3,1,120,43.0,1,Manufactura
1,45.45,62.4,61,Masculino,9,36.4,1,45,24.7,1,Manufactura
0,10.45,28.7,28,Masculino,6,23.5,0,2,41.1,0,Manufactura
0,11.21,37.5,29,Masculino,7,69.5,0,8,43.9,0,Manufactura
1,43.53,62.8,35,Masculino,13,37.7,1,120,22.2,0,Comercio & Retail
1,40.19,54.2,47,Femenino,13,42.2,0,12,29.3,1,Servicios Personales
1,47.39,66.8,61,Femenino,13,34.8,1,450,44.8,1,Logística
0,11.98,48.4,54,Femenino,10,60.5,0,1,36.0,1,Servicios Personales
0,11.94,45.3,37,Femenino,7,45.6,0,1,52.1,0,Comercio & Retail
1,53.3,92.3,42,Masculino,15,44.3,1,120,59.0,1,Manufactura
0,11.61,50.6,29,Masculino,9,49.0,0,4,14.5,0,Servicios Personales
1,40.72,63.8,38,Femenino,11,38.7,1,45,30.3,1,Manufactura
0,12.58,42.8,42,Masculino,7,60.1,0,4,38.4,0,Manufactura
0,11.57,47.8,28,Femenino,9,43.7,1,2,29.0,0,Comercio & Retail
0,7.67,22.3,26,Masculino,0,70.4,0,1,46.0,0,Servicios Personales
0,10.39,37.6,42,Masculino,8,57.6,0,2,8.4,0,Comercio & Retail
0,12.0,41.0,52,Masculino,4,53.0,0,4,28.0,1,Comercio & Retail
0,12.27,51.3,49,Masculino,11,42.8,0,1,23.0,0,Servicios Personales
0,11.56,60.5,31,Femenino,8,50.0,0,4,20.8,0,Tecnología
0,11.84,47.3,18,Masculino,9,51.5,0,1,8.1,0,Comercio & Retail
1,47.76,78.8,34,Femenino,18,44.5,1,45,25.4,1,Comercio & Retail
0,10.59,40.0,42,Femenino,6,55.3,0,4,41.0,0,Comercio & Retail
0,13.42,39.3,25,Masculino,10,50.6,0,1,8.0,0,Comercio & Retail
0,13.64,48.3,22,Femenino,11,45.8,0,1,55.2,0,Comercio & Retail
0,10.63,43.7,22,Masculino,6,44.4,0,4,24.7,1,Manufactura
1,55.53,82.8,58,Masculino,14,49.5,1,45,41.6,1,Comercio & Retail
0,16.18,73.1,52,Femenino,16,74.0,0,2,42.5,0,Manufactura
1,59.37,87.8,36,Masculino,15,44.4,1,450,34.1,1,Comercio & Retail
0,14.49,34.9,40,Femenino,6,47.6,0,1,48.0,1,Logística
0,9.08,44.8,26,Masculino,7,42.2,0,1,11.7,1,Comercio & Retail
0,9.6,24.9,47,Masculino,2,57.4,0,2,11.5,1,Manufactura
0,13.56,66.3,33,Femenino,9,40.9,0,1,45.9,0,Logística
1,47.95,63.8,50,Femenino,10,47.2,1,120,36.5,0,Servicios Personales
0,14.31,65.0,19,Femenino,13,60.9,0,2,40.7,0,Servicios Personales
0,18.18,100.0,31,Masculino,17,33.2,1,2,13.2,0,Manufactura
0,8.35,34.4,63,Femenino,5,56.1,0,2,59.1,0,Servicios Personales
0,12.41,59.2,18,Femenino,11,69.2,0,1,43.1,1,Comercio & Retail
0,9.76,54.3,43,Masculino,9,57.1,1,8,20.5,0,Servicios Personales
0,10.85,46.8,42,Masculino,9,64.4,0,4,40.4,0,Comercio & Retail
1,55.87,92.8,33,Masculino,16,45.8,1,12,61.0,1,Comercio & Retail
1,43.5,54.0,32,Masculino,10,39.5,1,45,33.0,1,Servicios Personales
1,45.16,69.5,43,Masculino,12,40.0,0,120,39.6,1,Tecnología
0,10.42,35.6,64,Masculino,12,75.0,0,1,27.8,0,Comercio & Retail
0,12.55,60.3,61,Femenino,11,36.4,0,2,34.3,0,Agroindustria
0,11.46,39.6,33,Masculino,7,37.6,0,2,35.4,0,Logística
1,47.99,83.7,31,Femenino,17,45.1,1,450,40.2,1,Comercio & Retail
0,11.91,43.4,46,Femenino,10,55.5,0,4,23.3,0,Comercio & Retail
1,42.13,61.2,41,Masculino,12,43.6,1,120,22.5,1,Comercio & Retail
1,46.45,60.8,64,Femenino,11,44.1,1,45,13.9,1,Tecnología
0,10.19,19.4,32,Masculino,2,40.1,0,1,19.3,1,Comercio & Retail
0,8.92,45.0,36,Femenino,6,50.9,0,1,41.8,0,Comercio & Retail
0,12.65,55.6,25,Femenino,10,41.2,0,2,17.0,0,Comercio & Retail
0,11.08,49.4,51,Masculino,7,53.7,1,1,16.7,0,Comercio & Retail
1,51.41,72.8,19,Masculino,12,37.5,1,12,60.8,1,Manufactura
0,10.58,53.6,44,Masculino,7,31.3,0,1,41.1,0,Comercio & Retail
0,11.3,51.2,27,Masculino,10,63.3,0,4,33.5,0,Manufactura
0,9.99,27.0,52,Femenino,4,52.4,0,1,12.0,0,Comercio & Retail
1,50.07,83.0,40,Masculino,13,40.8,1,45,17.4,1,Comercio & Retail
0,12.17,53.8,25,Femenino,12,52.9,0,1,30.6,1,Tecnología
0,11.7,58.8,45,Masculino,12,37.6,0,2,49.7,0,Logística
1,43.54,53.4,40,Femenino,10,43.1,0,12,15.9,1,Servicios Personales
0,11.43,34.4,21,Masculino,7,55.8,0,2,5.3,1,Manufactura
0,15.08,80.1,31,Masculino,16,52.4,0,1,76.9,1,Comercio & Retail
1,47.08,91.2,59,Femenino,16,44.2,1,120,3.8,1,Servicios Personales
0,9.84,35.9,46,Masculino,10,12.7,0,1,9.5,0,Agroindustria
0,9.78,41.8,18,Femenino,8,55.1,0,1,40.2,1,Comercio & Retail
0,7.98,28.2,21,Femenino,3,53.9,1,2,39.0,0,Tecnología
1,46.99,74.6,49,Masculino,11,46.3,1,12,4.5,1,Comercio & Retail
0,10.67,28.1,50,Femenino,7,54.2,0,1,9.0,1,Servicios Personales
0,10.5,55.7,43,Femenino,8,43.0,1,1,33.3,1,Logística
1,49.55,69.4,34,Masculino,14,38.1,1,450,18.1,1,Manufactura
0,11.03,40.6,56,Masculino,6,48.4,1,1,29.6,0,Manufactura
1,53.11,95.3,40,Femenino,17,37.0,1,450,29.9,1,Agroindustria
0,10.97,37.7,49,Masculino,6,67.6,0,4,58.1,1,Comercio & Retail
0,8.42,22.7,32,Masculino,2,52.2,0,1,70.7,0,Logística
0,10.13,44.3,30,Masculino,7,38.2,0,1,11.2,1,Tecnología
0,14.84,61.0,19,Masculino,11,37.7,1,1,29.7,1,Manufactura
0,11.75,48.1,36,Masculino,11,47.3,0,1,29.0,0,Comercio & Retail
0,13.15,60.6,41,Masculino,11,35.5,1,4,23.2,0,Comercio & Retail
0,13.62,55.3,62,Femenino,9,70.7,0,4,24.5,1,Servicios Personales
0,9.04,30.9,41,Femenino,8,62.3,0,1,29.6,0,Servicios Personales
0,10.0,43.6,28,Masculino,5,55.6,0,2,40.8,0,Comercio & Retail
1,46.35,64.2,39,Masculino,10,38.1,1,450,24.1,1,Manufactura
1,51.15,73.5,32,Masculino,14,48.6,1,12,18.5,1,Tecnología
0,12.99,41.6,27,Femenino,10,50.0,0,2,20.6,0,Agroindustria
0,12.38,36.5,58,Masculino,7,43.1,0,1,53.2,1,Servicios Personales
0,8.0,35.7,44,Masculino,11,52.0,0,1,43.8,0,Logística
0,15.42,75.4,26,Masculino,16,40.4,0,4,38.9,0,Comercio & Retail
0,9.32,41.9,45,Masculino,9,45.1,0,1,17.9,1,Manufactura
0,7.43,34.3,18,Masculino,5,50.2,0,2,36.2,1,Comercio & Retail
0,12.95,69.0,34,Femenino,11,52.1,0,4,45.5,0,Comercio & Retail
0,13.57,58.0,48,Masculino,12,54.4,0,2,18.1,1,Servicios Personales
0,13.32,71.1,61,Masculino,13,47.0,0,1,2.6,1,Comercio & Retail
0,12.49,66.1,27,Femenino,13,47.7,0,2,15.4,0,Servicios Personales
0,14.43,50.0,54,Femenino,11,44.3,0,1,18.7,1,Servicios Personales
0,13.02,57.1,46,Masculino,7,35.7,1,2,49.5,0,Tecnología
0,12.39,47.3,35,Masculino,6,67.5,0,1,49.2,0,Comercio & Retail
0,11.81,39.9,64,Femenino,9,49.6,0,1,9.9,0,Comercio & Retail
1,48.66,67.5,55,Femenino,12,41.9,1,45,20.3,1,Comercio & Retail
0,12.59,44.9,56,Femenino,8,49.9,0,2,56.7,0,Tecnología
0,10.95,52.1,23,Femenino,8,39.9,0,1,32.6,0,Manufactura
0,9.68,29.6,57,Masculino,7,76.0,1,2,16.8,1,Agroindustria
1,49.92,75.5,29,Masculino,16,37.6,1,12,18.8,1,Comercio & Retail
0,12.72,54.5,31,Masculino,9,49.2,1,1,42.9,0,Servicios Personales
0,12.27,56.1,61,Masculino,13,39.1,0,1,35.1,1,Manufactura
1,52.31,81.6,27,Femenino,16,35.8,1,12,44.7,1,Tecnología
0,11.03,35.7,37,Femenino,6,42.1,0,1,21.0,0,Logística
1,52.78,67.4,32,Femenino,13,45.0,1,120,16.6,1,Agroindustria
0,14.85,65.2,48,Femenino,10,28.7,0,2,65.7,1,Comercio & Retail
1,59.19,100.0,24,Femenino,15,38.4,1,12,30.4,1,Servicios Personales
0,11.36,43.8,58,Masculino,7,60.2,0,4,23.8,0,Comercio & Retail
0,11.47,57.1,27,Masculino,11,54.2,0,2,39.5,0,Manufactura
0,15.65,82.3,27,Masculino,12,26.9,0,1,76.6,0,Manufactura
0,13.62,54.3,56,Masculino,7,36.9,1,4,19.7,0,Agroindustria
0,14.48,68.8,45,Masculino,9,47.0,0,1,52.4,0,Manufactura
0,12.32,53.4,47,Masculino,9,59.1,1,2,38.7,0,Comercio & Retail
1,49.45,79.2,54,Femenino,14,44.1,1,45,26.2,0,Comercio & Retail
1,57.17,87.5,20,Masculino,18,44.5,1,12,27.5,1,Tecnología
1,51.79,79.6,60,Femenino,16,42.4,1,45,41.9,1,Tecnología
1,50.27,76.1,32,Femenino,15,38.7,1,450,19.4,1,Manufactura
0,10.96,19.2,38,Femenino,0,52.7,0,1,4.4,1,Manufactura
0,11.92,59.7,54,Masculino,11,39.0,0,2,20.5,0,Tecnología
1,52.87,68.9,29,Masculino,10,44.0,0,45,61.6,1,Comercio & Retail
0,16.22,72.8,21,Masculino,13,45.0,0,2,4.3,0,Comercio & Retail
0,9.53,37.0,64,Masculino,5,38.7,1,2,21.8,0,Comercio & Retail
1,48.51,68.6,26,Masculino,13,35.8,1,45,13.5,1,Tecnología
0,11.74,18.7,56,Masculino,2,21.8,0,2,41.9,0,Manufactura
1,41.42,60.2,59,Masculino,14,41.0,1,12,37.9,1,Manufactura
0,10.87,41.0,45,Masculino,4,57.7,0,1,45.1,0,Comercio & Retail
1,51.28,85.0,40,Femenino,15,46.5,1,45,12.5,1,Comercio & Retail
1,42.28,59.9,62,Femenino,14,49.1,1,450,31.8,1,Comercio & Retail
0,9.88,40.1,57,Masculino,9,25.7,1,1,5.6,0,Manufactura
0,14.01,70.0,61,Femenino,12,42.9,0,1,10.2,0,Comercio & Retail
0,14.11,51.8,39,Masculino,10,31.6,0,1,15.3,0,Comercio & Retail
0,7.37,21.1,41,Masculino,4,44.1,0,2,49.8,1,Agroindustria
0,11.46,47.0,43,Masculino,12,39.4,0,1,33.2,0,Comercio & Retail
1,48.96,70.4,47,Femenino,15,40.7,1,45,52.6,1,Manufactura
1,39.16,52.3,50,Masculino,9,40.7,1,45,7.0,1,Servicios Personales
0,10.45,60.2,33,Femenino,12,33.7,0,1,39.4,0,Comercio & Retail
0,6.43,29.7,39,Masculino,7,45.7,0,1,54.6,0,Servicios Personales
1,43.36,61.1,60,Masculino,13,42.3,1,45,45.0,1,Manufactura
0,11.64,60.6,35,Masculino,10,56.2,0,1,34.2,0,Tecnología
0,15.08,70.8,24,Masculino,10,70.3,0,1,46.7,0,Comercio & Retail
0,12.22,63.5,43,Femenino,12,76.7,0,1,51.9,1,Servicios Personales
1,61.08,89.3,25,Masculino,16,42.5,1,45,22.6,1,Tecnología
0,14.72,70.2,23,Femenino,12,44.1,0,2,24.5,0,Comercio & Retail
0,10.68,33.2,47,Femenino,6,39.4,0,1,19.8,1,Comercio & Retail
0,13.13,52.4,56,Femenino,7,18.6,0,1,23.9,0,Comercio & Retail
0,14.46,66.2,40,Masculino,10,56.1,0,1,30.6,0,Servicios Personales
0,14.64,58.2,49,Femenino,12,58.2,0,1,24.4,1,Comercio & Retail
0,11.37,39.2,39,Femenino,6,35.8,0,8,13.4,0,Manufactura
0,11.55,53.3,59,Masculino,11,61.3,0,1,47.7,0,Comercio & Retail
0,15.33,54.4,60,Masculino,13,51.5,0,2,4.5,0,Manufactura
0,15.55,57.2,62,Femenino,8,58.0,0,1,6.0,0,Servicios Personales
1,55.49,99.0,26,Masculino,17,41.1,1,12,22.1,1,Manufactura
0,11.58,42.4,48,Masculino,7,43.9,0,1,39.9,0,Manufactura
0,11.94,53.7,24,Femenino,11,57.8,1,2,9.6,1,Servicios Personales
0,11.37,33.7,26,Masculino,2,52.9,0,2,33.8,1,Manufactura
1,46.05,62.8,30,Masculino,9,44.2,1,45,51.6,1,Manufactura
0,8.08,42.3,20,Masculino,9,58.2,0,1,14.5,1,Manufactura
0,13.62,48.4,52,Masculino,8,46.9,0,1,16.2,1,Comercio & Retail
1,40.28,62.8,50,Masculino,7,47.9,1,120,45.6,1,Servicios Personales
1,45.3,65.2,38,Femenino,8,43.1,1,12,53.2,1,Tecnología
0,14.12,53.8,48,Masculino,12,71.1,0,1,65.7,0,Manufactura
0,7.68,13.1,51,Femenino,3,39.5,0,1,47.3,0,Manufactura
0,10.18,30.5,49,Femenino,3,24.3,0,2,36.3,0,Manufactura
0,12.82,54.1,52,Femenino,8,65.0,0,2,4.0,1,Comercio & Retail
0,13.67,62.2,32,Masculino,10,54.5,0,1,20.3,0,Tecnología
0,10.98,48.5,49,Femenino,7,22.4,0,1,5.6,1,Servicios Personales
0,12.74,57.8,23,Femenino,10,61.7,0,1,41.4,0,Servicios Personales
0,12.59,58.8,62,Femenino,12,55.5,0,2,20.3,0,Comercio & Retail
1,48.48,64.7,38,Masculino,14,37.5,1,12,39.4,1,Servicios Personales
1,52.2,83.0,50,Femenino,15,39.3,1,45,15.8,1,Comercio & Retail
0,9.55,27.9,49,Masculino,5,53.0,0,1,25.0,0,Tecnología
0,9.11,26.3,36,Femenino,7,49.8,0,1,33.7,0,Manufactura
0,12.14,44.4,50,Femenino,7,46.4,0,2,38.5,0,Logística
1,50.72,73.9,45,Masculino,14,42.0,1,120,41.7,1,Servicios Personales
1,48.01,66.2,48,Masculino,8,43.0,1,45,21.6,1,Servicios Personales
0,13.67,59.3,38,Femenino,11,31.1,1,2,7.5,1,Servicios Personales
0,10.08,21.7,51,Femenino,5,36.3,0,1,23.2,1,Manufactura
0,13.08,59.2,32,Femenino,8,45.3,1,1,27.1,1,Agroindustria
0,8.06,42.5,31,Masculino,7,28.4,0,1,12.1,0,Servicios Personales
1,48.09,65.4,36,Femenino,13,43.2,1,120,29.2,1,Comercio & Retail
0,10.08,23.4,60,Masculino,5,49.4,0,1,56.9,0,Agroindustria
1,57.91,88.1,32,Femenino,17,39.9,1,450,25.3,1,Agroindustria
0,14.69,60.6,23,Femenino,11,62.5,0,2,10.9,0,Manufactura
0,12.44,43.8,26,Femenino,7,33.5,0,2,25.7,1,Comercio & Retail
1,44.55,68.4,54,Masculino,11,40.8,1,12,62.2,1,Manufactura
0,13.48,53.6,37,Masculino,7,52.8,0,1,18.0,1,Manufactura
0,12.82,42.2,51,Femenino,6,38.4,0,2,5.2,0,Comercio & Retail
1,51.51,72.4,55,Masculino,13,41.0,1,45,33.7,1,Comercio & Retail
0,17.8,78.5,43,Femenino,15,36.0,1,2,16.2,0,Servicios Personales
1,56.48,75.7,35,Masculino,11,44.4,1,12,16.7,1,Servicios Personales
0,7.08,25.9,45,Masculino,5,38.5,0,1,27.7,1,Comercio & Retail
0,9.25,32.1,26,Femenino,7,32.4,0,1,31.8,0,Servicios Personales
1,43.93,67.1,49,Masculino,16,41.7,1,120,5.3,0,Manufactura
1,49.69,72.2,23,Masculino,13,45.6,1,12,9.6,1,Comercio & Retail
0,12.18,37.9,31,Femenino,6,27.1,0,1,17.5,1,Comercio & Retail
0,9.79,31.9,45,Masculino,7,50.4,0,2,14.9,1,Logística
1,47.86,57.1,41,Femenino,11,42.8,1,120,18.9,1,Manufactura
0,14.21,72.6,30,Masculino,9,74.5,0,2,15.0,0,Comercio & Retail
0,18.94,91.3,60,Femenino,18,50.3,0,2,61.4,0,Comercio & Retail
0,13.28,57.7,29,Masculino,7,28.5,0,1,14.3,0,Comercio & Retail
0,12.32,50.0,36,Femenino,12,77.1,0,1,14.9,0,Logística
0,14.55,61.9,38,Femenino,11,53.4,1,2,40.7,0,Comercio & Retail
0,10.25,36.1,44,Femenino,4,23.1,0,1,26.9,0,Logística
0,7.76,25.9,36,Femenino,1,54.9,0,4,52.2,0,Logística
0,9.63,48.5,41,Masculino,9,49.3,0,2,20.2,0,Manufactura
1,52.07,72.9,43,Femenino,12,42.1,1,120,27.2,1,Tecnología
0,15.84,83.9,62,Masculino,16,56.0,0,2,44.8,0,Manufactura
0,10.12,43.9,45,Femenino,7,55.2,0,1,43.7,0,Servicios Personales
0,12.77,58.7,63,Masculino,12,50.4,1,2,18.7,0,Comercio & Retail
0,8.74,36.1,35,Masculino,9,48.4,0,1,18.6,0,Servicios Personales
0,14.34,63.8,61,Masculino,17,57.1,0,2,51.2,1,Servicios Personales
0,12.21,48.3,53,Masculino,10,23.3,0,1,34.2,1,Comercio & Retail
0,12.22,45.5,59,Masculino,8,39.1,0,4,14.2,0,Comercio & Retail
0,11.83,52.2,46,Masculino,11,51.8,0,1,40.3,1,Servicios Personales
0,15.81,62.4,34,Femenino,11,39.1,0,2,21.5,1,Servicios Personales
0,16.89,83.2,21,Masculino,15,50.0,0,1,53.2,0,Manufactura
0,13.24,42.5,61,Masculino,10,34.6,0,1,46.3,0,Manufactura
0,12.94,68.5,62,Femenino,12,42.7,0,1,11.6,1,Comercio & Retail
0,11.54,30.7,46,Masculino,4,49.9,1,2,20.2,0,Comercio & Retail
0,7.82,21.8,21,Femenino,6,57.2,0,4,57.8,0,Servicios Personales
0,13.27,60.1,27,Masculino,9,66.2,0,8,34.8,0,Manufactura
0,11.77,45.6,42,Femenino,10,59.2,0,2,25.4,0,Comercio & Retail
0,13.97,68.7,48,Masculino,7,55.0,0,2,26.4,1,Agroindustria
0,16.01,70.7,20,Masculino,11,37.8,0,1,25.3,0,Comercio & Retail
0,12.2,45.6,64,Masculino,8,54.4,0,1,46.6,0,Manufactura
0,12.57,79.0,19,Masculino,16,38.4,0,1,22.9,1,Servicios Personales
0,13.07,37.1,42,Masculino,9,40.9,0,4,9.1,0,Tecnología
0,17.06,80.6,23,Femenino,12,39.1,0,1,27.2,1,Tecnología
0,13.47,42.5,43,Femenino,9,67.1,0,2,50.7,0,Logística
0,12.53,55.4,25,Femenino,10,47.7,0,1,14.5,0,Tecnología
1,42.63,56.6,52,Femenino,12,47.1,1,120,38.0,1,Servicios Personales
1,44.58,63.6,44,Femenino,11,41.5,1,45,31.6,1,Logística
0,11.65,46.8,42,Masculino,8,27.5,1,2,10.9,0,Comercio & Retail
0,13.28,52.7,35,Masculino,11,39.1,0,1,55.2,0,Comercio & Retail
0,12.58,55.6,18,Masculino,9,55.8,0,4,15.3,0,Logística
1,51.1,78.0,56,Femenino,12,46.0,1,45,8.6,1,Comercio & Retail
1,47.51,71.5,20,Femenino,14,40.2,1,12,58.9,1,Servicios Personales
0,11.64,49.1,21,Masculino,14,42.1,0,2,48.5,0,Agroindustria
0,11.68,42.8,58,Femenino,6,47.3,0,1,19.7,0,Comercio & Retail
0,4.64,5.0,54,Femenino,0,53.8,0,4,7.6,1,Manufactura
0,13.73,77.3,32,Femenino,19,50.0,0,1,29.8,0,Comercio & Retail
0,10.64,48.3,25,Femenino,12,38.0,1,2,10.5,0,Manufactura
1,47.41,66.1,55,Femenino,11,47.8,1,120,31.8,1,Manufactura
0,8.26,28.5,36,Femenino,7,40.7,0,2,15.8,0,Manufactura
0,9.89,32.9,64,Femenino,2,36.5,0,1,22.1,0,Tecnología
0,8.76,31.1,43,Masculino,2,56.1,1,1,50.4,0,Manufactura
0,14.11,42.4,56,Femenino,9,53.8,0,2,31.1,1,Manufactura
0,14.71,63.8,27,Femenino,11,37.1,0,2,12.2,1,Servicios Personales
0,16.55,90.8,55,Masculino,16,61.2,0,2,19.0,1,Comercio & Retail
0,14.15,53.2,31,Masculino,11,61.4,0,1,54.3,0,Comercio & Retail
0,16.05,79.3,58,Femenino,13,67.8,0,1,50.7,1,Comercio & Retail
0,11.78,48.7,36,Masculino,8,80.0,0,1,7.4,1,Manufactura
0,9.4,40.1,47,Femenino,8,27.9,0,1,34.3,0,Manufactura
0,10.84,39.3,22,Femenino,4,32.0,0,1,8.5,0,Tecnología
0,9.11,27.7,48,Masculino,5,49.3,0,2,12.6,0,Manufactura
0,14.09,48.9,24,Masculino,5,50.5,0,1,8.2,0,Logística
0,8.44,39.5,36,Femenino,9,54.4,0,4,70.2,0,Logística
0,11.11,44.1,48,Masculino,4,44.3,0,2,58.0,1,Comercio & Retail
0,10.31,45.2,56,Masculino,7,55.6,1,1,50.4,0,Agroindustria
0,12.86,62.1,41,Femenino,10,26.9,0,2,22.2,1,Comercio & Retail
0,6.57,15.1,51,Femenino,1,36.2,0,1,12.4,1,Logística
0,15.83,82.9,40,Femenino,16,51.4,0,1,60.4,0,Manufactura
1,48.14,57.7,62,Masculino,17,50.8,1,12,23.4,0,Manufactura
0,14.44,73.2,57,Femenino,14,48.6,0,1,13.8,0,Manufactura
0,12.82,45.9,23,Masculino,11,29.0,0,1,10.4,0,Comercio & Retail
1,43.96,66.5,55,Femenino,11,41.8,1,120,29.2,1,Comercio & Retail
1,40.71,57.7,58,Femenino,12,37.1,1,45,49.1,1,Manufactura
0,13.16,49.6,53,Masculino,10,37.2,0,2,16.2,0,Comercio & Retail
0,12.75,47.4,44,Masculino,11,36.9,0,2,16.2,1,Logística
0,8.56,32.8,28,Femenino,4,39.3,0,2,21.3,0,Servicios Personales
0,12.56,46.5,22,Femenino,10,38.0,0,2,8.2,0,Tecnología
0,12.91,62.5,34,Masculino,12,28.7,0,2,7.4,0,Manufactura
0,14.3,55.7,24,Femenino,11,53.7,0,2,28.4,0,Comercio & Retail
0,14.42,60.8,44,Femenino,14,33.2,0,1,2.2,1,Servicios Personales
0,14.23,75.1,64,Masculino,16,44.6,0,2,18.6,0,Tecnología
0,8.83,41.1,32,Masculino,8,46.5,0,1,15.7,0,Servicios Personales
0,12.84,48.7,63,Femenino,6,42.3,0,4,44.1,1,Manufactura
0,16.51,86.4,30,Masculino,15,55.9,0,2,59.7,0,Agroindustria
0,13.95,53.8,28,Masculino,13,51.4,0,4,8.4,0,Logística
0,11.91,48.9,62,Femenino,8,43.6,0,2,22.7,0,Agroindustria
0,11.13,48.2,43,Masculino,9,35.5,0,4,27.7,0,Servicios Personales
0,9.54,42.2,39,Femenino,9,32.1,0,1,29.9,0,Logística
0,12.14,60.5,45,Femenino,11,58.7,0,4,21.7,0,Tecnología
1,47.87,79.7,41,Femenino,15,49.4,1,12,61.7,1,Agroindustria
0,7.76,16.4,46,Femenino,7,58.5,0,8,69.9,0,Comercio & Retail
0,15.48,69.0,26,Masculino,11,34.2,0,1,28.7,0,Manufactura
0,12.46,66.1,59,Femenino,11,53.4,0,4,16.5,1,Comercio & Retail
0,6.63,22.7,21,Masculino,2,10.2,0,2,12.6,0,Comercio & Retail
1,47.37,86.2,63,Femenino,20,43.3,1,12,32.3,1,Comercio & Retail
0,14.95,63.9,35,Femenino,11,65.3,1,1,22.0,1,Tecnología
0,17.69,64.5,60,Masculino,14,27.7,0,1,43.6,0,Manufactura
0,8.7,43.7,33,Masculino,4,39.3,0,2,18.5,0,Tecnología
1,52.86,92.0,50,Masculino,17,45.4,1,12,6.1,1,Comercio & Retail
0,13.62,51.2,46,Masculino,9,39.5,1,1,13.7,0,Manufactura
0,5.7,10.9,56,Femenino,1,42.1,0,1,14.4,1,Manufactura
0,11.4,40.0,27,Masculino,5,51.2,0,1,61.7,0,Comercio & Retail
0,11.45,42.9,26,Femenino,5,36.4,0,1,47.7,0,Servicios Personales
0,12.51,39.7,48,Masculino,7,30.7,0,4,12.4,0,Comercio & Retail
0,12.61,39.1,45,Masculino,5,67.6,0,1,24.6,0,Servicios Personales
0,14.06,62.2,20,Femenino,13,59.8,0,1,31.2,1,Comercio & Retail
0,12.92,41.6,31,Femenino,11,44.3,0,1,14.7,1,Tecnología
0,12.27,46.4,42,Masculino,12,43.9,1,1,46.1,0,Tecnología
1,43.52,64.6,32,Masculino,12,41.7,1,120,43.2,1,Manufactura
0,11.99,66.2,19,Femenino,9,45.9,0,2,40.7,0,Comercio & Retail
0,7.44,21.3,41,Masculino,4,44.4,0,2,12.9,0,Logística
0,7.6,23.0,31,Masculino,4,38.4,0,2,41.7,1,Comercio & Retail
0,13.96,34.0,24,Femenino,4,37.6,0,1,35.3,0,Comercio & Retail
0,11.45,39.4,53,Femenino,6,39.5,0,1,24.9,0,Tecnología
1,51.04,81.9,41,Masculino,16,42.9,1,450,47.2,1,Tecnología
0,10.22,36.2,44,Femenino,4,55.0,0,4,24.4,0,Tecnología
0,12.5,78.8,54,Femenino,16,57.6,0,1,5.7,0,Logística
0,10.1,40.4,55,Masculino,6,34.9,0,1,22.3,1,Logística
0,6.23,23.7,47,Masculino,5,57.2,0,1,28.6,0,Tecnología
1,43.68,58.8,44,Masculino,12,34.4,1,45,40.8,1,Manufactura
1,48.37,87.6,56,Femenino,15,42.6,1,120,33.5,1,Comercio & Retail
0,9.53,35.7,32,Masculino,4,43.3,0,1,4.2,0,Servicios Personales
1,37.14,57.8,43,Masculino,10,41.0,1,45,43.4,1,Comercio & Retail
0,13.07,66.3,18,Femenino,15,29.3,0,1,5.4,0,Servicios Personales
0,11.26,59.0,21,Masculino,13,53.5,0,2,28.9,0,Tecnología
0,8.4,20.3,46,Masculino,4,54.7,0,2,27.4,0,Manufactura
0,11.85,32.6,18,Masculino,9,67.2,0,2,16.3,0,Logística
0,11.98,28.3,60,Masculino,4,36.1,0,1,23.7,0,Agroindustria
0,9.9,55.1,63,Femenino,11,31.1,0,2,27.5,0,Tecnología
0,12.26,60.8,39,Masculino,11,42.0,0,1,17.4,0,Manufactura
1,53.09,73.4,28,Masculino,12,40.5,1,45,55.3,0,Logística
0,9.01,32.7,27,Masculino,6,32.1,0,4,17.9,0,Manufactura
0,13.78,55.5,34,Masculino,7,80.0,0,1,25.3,0,Manufactura
1,47.11,76.1,53,Femenino,14,39.5,1,12,17.3,1,Tecnología
0,16.64,85.2,64,Femenino,14,36.9,0,1,22.9,0,Servicios Personales
1,47.68,67.6,43,Femenino,16,45.9,1,120,19.4,1,Manufactura
0,18.08,86.7,38,Masculino,15,72.1,0,1,72.4,0,Comercio & Retail
0,10.81,24.3,30,Femenino,4,28.0,0,1,50.6,0,Manufactura
0,13.52,67.0,26,Masculino,15,54.3,0,1,19.6,1,Comercio & Retail
0,12.88,54.4,28,Femenino,10,14.5,0,1,43.0,1,Manufactura
0,12.61,58.5,28,Femenino,13,64.2,0,2,34.4,0,Manufactura
0,12.68,55.3,23,Femenino,9,46.2,0,2,25.8,0,Tecnología
0,13.57,51.4,18,Masculino,7,43.5,0,4,44.1,0,Agroindustria
0,11.58,55.9,23,Masculino,9,57.7,0,2,32.2,0,Manufactura
1,38.87,54.4,30,Masculino,10,41.4,1,450,9.4,1,Comercio & Retail
0,15.61,70.8,39,Masculino,11,51.1,0,2,9.1,0,Comercio & Retail
1,53.61,75.3,48,Femenino,14,46.2,1,45,32.8,1,Manufactura
0,10.52,37.5,39,Femenino,6,55.3,0,2,4.6,0,Agroindustria
0,9.0,37.7,54,Masculino,6,47.9,0,1,23.1,1,Manufactura
0,8.25,22.2,64,Masculino,4,52.9,0,2,21.7,1,Agroindustria
0,11.23,41.4,44,Femenino,9,45.3,0,1,30.8,0,Comercio & Retail
0,12.26,38.5,31,Masculino,7,28.9,0,8,52.9,0,Manufactura
0,11.72,40.5,64,Femenino,9,63.9,0,1,33.2,1,Comercio & Retail
0,9.42,43.5,22,Femenino,10,55.2,0,2,50.5,1,Manufactura
0,5.83,17.8,53,Femenino,3,66.3,0,2,17.1,1,Comercio & Retail
0,11.69,57.7,49,Masculino,8,56.0,0,2,44.0,0,Manufactura
0,11.22,50.9,51,Femenino,11,21.0,0,2,23.2,0,Manufactura
0,12.3,63.2,24,Femenino,10,42.6,0,4,34.5,0,Logística
0,6.99,44.6,59,Femenino,9,51.7,0,2,30.3,1,Manufactura
1,45.83,56.9,27,Femenino,10,40.5,1,12,18.2,1,Comercio & Retail
0,11.28,42.9,34,Masculino,9,30.9,0,2,41.8,0,Manufactura
0,12.74,41.0,47,Femenino,6,53.7,0,1,36.6,0,Logística
0,15.37,61.8,38,Femenino,6,51.3,0,1,41.2,0,Logística
1,52.72,88.0,30,Masculino,20,38.5,1,45,9.5,1,Manufactura
0,13.49,60.1,18,Femenino,12,55.6,0,1,44.1,0,Tecnología
0,15.86,59.1,18,Femenino,14,58.7,1,4,6.3,0,Comercio & Retail
1,49.95,74.0,64,Femenino,12,41.7,1,12,24.8,1,Comercio & Retail
1,54.29,87.6,50,Masculino,15,48.9,1,12,11.0,1,Manufactura
1,40.21,53.7,55,Masculino,12,44.4,1,120,22.5,1,Manufactura
0,8.52,21.4,42,Femenino,2,49.6,0,1,62.7,1,Tecnología
0,12.81,47.2,43,Masculino,7,35.4,0,2,18.5,1,Agroindustria
1,44.73,59.7,30,Masculino,11,46.1,1,45,44.7,1,Servicios Personales
1,41.07,49.7,45,Masculino,11,42.0,1,45,58.9,1,Comercio & Retail
0,10.42,45.3,50,Femenino,10,38.0,0,4,7.2,0,Servicios Personales
0,9.56,26.7,54,Femenino,6,53.9,0,2,25.0,0,Manufactura
0,13.5,57.2,58,Masculino,8,65.9,0,1,5.7,0,Manufactura
0,14.91,65.6,47,Masculino,11,41.2,0,4,37.8,1,Tecnología
0,14.4,71.7,25,Masculino,10,51.1,1,1,11.2,0,Comercio & Retail
1,46.34,56.9,64,Femenino,13,44.9,1,45,40.0,1,Manufactura
0,12.95,42.0,18,Femenino,6,54.5,0,2,27.8,1,Comercio & Retail
1,46.39,64.4,29,Masculino,12,36.9,1,12,16.1,0,Manufactura
0,10.22,50.7,22,Masculino,8,52.3,0,1,18.7,1,Logística
0,16.89,57.1,41,Femenino,9,57.6,0,1,7.9,1,Servicios Personales
1,53.98,87.0,23,Femenino,10,43.0,1,120,53.2,1,Manufactura
0,15.07,58.6,42,Femenino,3,44.0,0,1,13.3,0,Comercio & Retail
0,12.78,58.6,18,Masculino,10,42.8,0,1,6.7,0,Tecnología
0,19.42,91.1,42,Masculino,15,64.2,0,1,19.2,0,Servicios Personales
0,7.4,26.4,18,Masculino,5,48.5,0,1,11.0,0,Manufactura
1,53.77,82.0,49,Masculino,17,37.3,1,12,37.3,1,Manufactura
0,11.41,39.0,59,Femenino,8,57.8,0,1,6.3,0,Manufactura
1,42.13,65.5,59,Masculino,12,36.2,1,45,12.2,1,Agroindustria
0,10.15,40.3,20,Masculino,5,47.4,0,2,29.5,0,Tecnología
1,55.03,100.0,36,Masculino,18,44.8,1,120,66.4,1,Comercio & Retail
0,7.22,29.7,60,Masculino,6,58.3,0,2,54.3,1,Manufactura
0,15.24,72.3,46,Femenino,11,47.7,0,4,19.4,0,Tecnología
0,10.35,42.9,19,Masculino,8,62.5,0,1,29.2,1,Servicios Personales
0,11.82,49.4,26,Masculino,10,30.9,0,2,37.0,1,Logística
1,37.84,52.6,34,Masculino,10,41.9,1,12,17.8,1,Logística
1,51.12,70.8,63,Femenino,9,47.8,1,120,58.0,1,Comercio & Retail
0,7.54,23.4,53,Masculino,7,44.8,0,4,1.0,1,Manufactura
0,12.61,59.5,34,Femenino,10,66.0,0,1,16.9,0,Servicios Personales
0,13.23,66.3,29,Femenino,10,53.5,0,2,39.8,0,Agroindustria
1,37.49,49.3,37,Femenino,11,41.7,1,45,31.7,1,Servicios Personales
0,13.64,68.3,20,Masculino,12,34.2,0,2,29.4,1,Comercio & Retail
0,12.51,59.8,60,Femenino,13,72.8,0,1,34.4,0,Agroindustria
1,52.46,82.6,21,Femenino,12,41.6,1,120,36.4,1,Comercio & Retail
0,9.44,46.1,34,Masculino,11,30.9,0,1,36.0,1,Comercio & Retail
0,13.09,56.8,54,Masculino,9,48.7,0,1,28.7,1,Agroindustria
0,8.27,26.7,63,Masculino,4,59.6,0,2,36.3,1,Comercio & Retail
0,11.57,57.6,59,Femenino,11,27.1,0,1,32.3,0,Manufactura
0,12.94,68.1,32,Masculino,14,43.1,0,1,14.4,1,Servicios Personales
0,12.58,54.1,50,Femenino,7,39.8,1,1,39.7,0,Comercio & Retail
0,9.34,44.9,33,Femenino,7,53.1,0,1,37.2,0,Servicios Personales
0,15.91,60.9,28,Femenino,15,44.3,0,1,33.2,0,Logística
1,52.6,82.8,37,Masculino,16,45.8,1,12,16.2,1,Comercio & Retail
0,10.79,45.8,55,Femenino,7,69.8,0,2,23.5,0,Manufactura
0,16.05,100.0,41,Femenino,20,55.6,0,1,1.6,0,Manufactura
1,45.59,66.5,33,Femenino,12,44.5,1,45,13.2,0,Manufactura
0,11.93,55.9,47,Masculino,14,61.8,1,1,41.7,1,Comercio & Retail
1,39.44,62.9,51,Masculino,9,41.1,1,12,23.4,0,Manufactura
1,49.55,70.5,18,Masculino,11,43.9,1,45,57.0,0,Logística
1,49.91,68.4,41,Femenino,12,46.9,1,12,28.1,1,Comercio & Retail
0,11.91,46.0,41,Femenino,7,41.5,0,2,20.5,0,Manufactura
1,51.53,82.9,26,Femenino,16,40.8,1,12,19.9,1,Servicios Personales
0,15.11,66.7,39,Masculino,10,49.6,0,1,9.5,0,Comercio & Retail
0,12.83,60.8,29,Femenino,8,77.2,0,4,21.4,1,Manufactura
0,11.61,44.5,34,Femenino,6,48.1,0,2,15.6,1,Manufactura
0,12.59,69.5,42,Masculino,12,43.3,0,1,19.4,1,Servicios Personales
0,13.07,61.1,45,Femenino,11,42.3,0,2,25.8,1,Comercio & Retail
0,13.12,63.2,32,Femenino,6,50.2,0,4,25.6,0,Servicios Personales
0,10.62,38.7,47,Femenino,11,29.9,0,1,24.2,0,Manufactura
0,12.09,56.5,44,Femenino,12,30.5,0,1,42.9,0,Comercio & Retail
0,9.62,39.2,39,Masculino,8,51.3,0,1,16.9,1,Agroindustria
0,14.82,80.2,27,Masculino,11,55.2,0,4,23.5,1,Comercio & Retail
0,10.61,53.0,48,Femenino,10,39.3,1,4,32.2,0,Servicios Personales
0,10.16,31.2,44,Femenino,9,54.0,0,1,37.3,1,Manufactura
0,9.26,31.1,29,Masculino,6,29.9,0,2,36.5,0,Servicios Personales
0,10.84,64.7,63,Masculino,11,48.6,0,1,16.6,0,Logística
0,9.13,23.5,48,Femenino,2,30.5,0,1,16.2,0,Comercio & Retail
0,13.38,74.2,49,Masculino,15,51.1,0,1,37.8,0,Tecnología
1,52.28,77.2,49,Femenino,15,43.7,1,450,64.4,1,Logística
0,16.99,50.6,58,Masculino,6,52.3,0,4,48.8,0,Servicios Personales
0,12.16,44.4,62,Masculino,5,40.1,0,4,5.5,1,Comercio & Retail
0,12.73,63.0,52,Masculino,14,37.6,0,1,7.1,0,Comercio & Retail
1,44.33,54.2,63,Masculino,9,43.8,1,120,39.7,1,Tecnología
0,14.03,70.7,38,Femenino,10,67.3,0,4,32.5,0,Agroindustria
1,41.93,57.4,27,Masculino,10,39.3,1,45,30.7,0,Comercio & Retail
0,9.97,29.3,33,Masculino,5,48.1,0,1,45.7,0,Tecnología
0,13.49,55.7,24,Masculino,13,70.2,0,2,46.3,1,Servicios Personales
1,45.78,65.5,21,Femenino,12,38.3,1,45,33.7,1,Comercio & Retail
1,41.99,53.0,44,Masculino,10,38.5,0,45,7.1,1,Logística
0,6.52,16.9,42,Masculino,1,51.3,0,2,24.7,0,Manufactura
0,15.35,65.3,48,Femenino,12,43.5,0,4,34.3,0,Logística
0,14.3,52.3,28,Femenino,11,55.3,0,2,47.1,1,Comercio & Retail
0,12.6,67.9,37,Femenino,10,56.7,0,1,19.4,1,Comercio & Retail
1,50.04,70.3,53,Masculino,14,41.3,1,45,38.9,1,Comercio & Retail
0,15.34,90.9,34,Masculino,14,63.3,0,1,16.9,0,Tecnología
1,45.73,69.3,62,Masculino,11,39.6,1,45,7.9,1,Logística
0,8.6,30.2,28,Femenino,4,39.8,0,1,21.0,0,Agroindustria
0,8.2,22.2,47,Masculino,5,35.0,0,2,21.8,0,Comercio & Retail
0,12.8,49.6,52,Masculino,7,39.9,0,1,51.9,0,Servicios Personales
0,9.54,55.7,58,Femenino,9,63.0,0,2,8.6,1,Servicios Personales
0,14.39,60.0,55,Femenino,13,33.1,0,1,19.2,0,Manufactura
0,12.26,47.5,39,Femenino,11,45.9,1,2,56.2,0,Manufactura
1,45.35,50.9,60,Masculino,9,42.0,1,12,3.8,1,Comercio & Retail
0,12.83,65.3,44,Femenino,12,36.6,0,4,33.9,1,Comercio & Retail
0,10.29,44.6,54,Femenino,7,39.9,0,2,20.0,1,Servicios Personales
1,45.67,63.0,63,Femenino,12,46.4,1,45,7.2,1,Tecnología
1,47.56,71.0,52,Masculino,11,39.2,1,45,48.9,1,Comercio & Retail
0,12.62,56.6,21,Femenino,12,43.5,0,1,17.5,1,Comercio & Retail
1,57.57,86.0,33,Femenino,13,39.7,1,120,14.3,1,Logística
0,9.44,38.3,33,Femenino,10,45.9,0,1,13.0,1,Tecnología
0,7.9,15.7,38,Femenino,2,64.0,0,1,26.0,0,Comercio & Retail
0,9.05,31.1,43,Femenino,7,53.0,1,2,11.1,1,Manufactura
1,47.31,69.2,53,Masculino,13,44.4,1,12,12.5,1,Agroindustria
0,10.52,51.0,36,Masculino,8,47.8,0,2,42.6,1,Comercio & Retail
0,10.64,60.5,34,Masculino,7,48.4,0,2,51.0,0,Comercio & Retail
0,13.27,57.1,62,Masculino,10,45.0,0,1,6.7,0,Comercio & Retail
1,50.76,79.5,43,Femenino,14,40.0,1,120,8.5,1,Manufactura
0,11.61,52.1,39,Masculino,12,27.8,0,8,22.8,0,Tecnología
0,14.06,69.2,45,Femenino,17,40.6,0,2,5.7,0,Comercio & Retail
0,16.57,76.1,18,Femenino,12,46.6,0,1,16.8,0,Manufactura
0,10.92,68.4,61,Masculino,11,44.4,0,1,21.4,0,Servicios Personales
0,16.42,53.4,53,Masculino,9,27.3,0,1,19.9,0,Servicios Personales
0,7.28,22.2,60,Masculino,4,65.4,0,1,50.8,0,Agroindustria
0,15.19,83.3,54,Masculino,11,40.9,0,1,15.1,1,Manufactura
1,41.24,63.3,19,Masculino,10,45.2,1,45,51.4,1,Comercio & Retail
0,15.25,60.1,34,Masculino,13,43.7,0,1,25.0,1,Comercio & Retail
0,10.52,59.5,57,Masculino,11,59.9,0,1,76.4,0,Comercio & Retail
0,9.99,44.4,55,Masculino,11,65.1,0,1,16.1,0,Comercio & Retail
1,49.56,72.2,38,Femenino,14,44.2,1,450,34.6,1,Comercio & Retail
0,9.91,46.4,26,Femenino,9,57.4,0,8,7.6,0,Comercio & Retail
0,17.58,90.9,30,Masculino,13,44.7,0,1,41.6,0,Comercio & Retail
1,52.3,82.6,28,Femenino,15,38.9,1,12,26.9,1,Manufactura
0,5.79,21.7,33,Femenino,8,28.5,0,1,54.7,1,Servicios Personales
0,15.61,65.4,33,Femenino,8,54.5,0,1,24.4,0,Comercio & Retail
0,12.79,47.0,19,Femenino,7,49.8,0,4,26.1,0,Comercio & Retail
0,12.3,50.4,59,Masculino,5,28.8,0,1,13.1,0,Servicios Personales
1,53.92,85.8,61,Masculino,17,45.1,1,45,66.9,1,Servicios Personales
1,59.84,100.0,25,Masculino,22,38.4,1,12,36.8,1,Comercio & Retail
0,10.66,50.7,60,Masculino,11,36.7,0,2,61.1,0,Comercio & Retail
1,42.3,57.5,59,Masculino,9,43.3,1,450,57.6,1,Manufactura
1,54.8,93.9,30,Masculino,17,47.0,1,120,36.9,1,Servicios Personales
0,9.87,45.5,34,Masculino,12,49.5,1,1,22.7,1,Tecnología
0,10.59,34.8,56,Femenino,7,41.9,0,2,8.4,0,Manufactura
0,9.38,30.7,41,Femenino,7,10.0,0,1,19.8,0,Servicios Personales
1,50.5,84.8,20,Femenino,13,43.5,1,12,27.6,1,Comercio & Retail
1,57.61,70.2,47,Masculino,11,42.6,1,45,13.8,1,Servicios Personales
0,14.44,67.4,30,Masculino,14,36.3,0,1,33.3,0,Logística
1,49.25,77.8,36,Masculino,13,43.5,1,45,13.8,1,Manufactura
0,9.66,21.3,24,Masculino,5,55.3,0,2,9.5,1,Manufactura
0,11.32,46.0,26,Femenino,7,36.3,0,8,35.6,1,Manufactura
0,11.89,52.3,36,Femenino,7,36.1,0,4,19.4,0,Logística
0,13.79,53.6,62,Masculino,11,40.8,0,1,34.0,0,Tecnología
0,12.91,54.9,57,Femenino,10,51.2,0,8,15.4,0,Manufactura
0,11.45,52.0,39,Masculino,8,56.5,0,2,28.5,0,Tecnología
1,43.53,62.5,35,Masculino,9,37.5,1,45,8.0,1,Logística
0,14.49,51.7,40,Masculino,13,41.9,0,1,6.7,0,Comercio & Retail
0,13.6,49.3,19,Femenino,9,56.7,0,8,28.8,0,Servicios Personales
0,9.05,33.8,28,Masculino,7,52.9,0,2,27.4,0,Agroindustria
0,11.12,40.5,48,Masculino,5,46.1,0,1,57.3,0,Agroindustria
0,11.94,39.9,50,Masculino,7,24.8,0,1,7.4,0,Agroindustria
1,55.98,79.1,31,Masculino,14,45.1,1,45,41.8,0,Manufactura
0,9.52,29.6,33,Masculino,7,48.1,0,2,21.9,1,Comercio & Retail
0,13.15,78.3,28,Femenino,17,47.5,0,1,3.5,1,Comercio & Retail
1,47.45,83.0,50,Masculino,12,41.3,1,45,30.7,1,Servicios Personales
0,9.25,41.0,24,Masculino,7,50.2,0,2,35.9,0,Comercio & Retail
0,12.1,57.8,48,Femenino,8,20.7,0,1,8.9,1,Agroindustria
0,7.37,12.4,63,Femenino,2,56.9,0,2,0.7,1,Logística
0,10.13,32.1,64,Femenino,8,62.0,0,1,25.9,0,Manufactura
1,54.86,97.1,31,Masculino,17,38.0,1,45,27.6,0,Agroindustria
1,55.35,87.1,45,Femenino,16,37.0,0,450,2.4,1,Comercio & Retail
0,15.19,74.8,60,Femenino,16,75.9,0,2,2.6,0,Tecnología
1,54.71,79.3,33,Masculino,12,33.2,1,120,6.5,1,Agroindustria
0,7.15,44.8,36,Masculino,9,34.7,0,1,34.9,1,Comercio & Retail
0,11.21,46.4,34,Femenino,10,51.3,0,1,13.8,1,Tecnología
1,44.06,63.2,43,Femenino,12,43.2,1,120,35.7,1,Tecnología
0,15.18,52.3,23,Femenino,10,61.5,0,1,23.0,0,Comercio & Retail
0,6.49,31.4,60,Femenino,7,45.3,0,4,72.1,0,Tecnología
0,14.74,53.8,26,Femenino,10,57.9,0,2,30.9,0,Manufactura
0,11.75,37.5,34,Masculino,5,50.7,0,2,54.8,0,Servicios Personales
1,39.59,71.3,48,Masculino,12,42.5,1,45,51.2,1,Manufactura
1,42.37,69.6,29,Masculino,7,34.7,1,12,32.4,1,Logística
1,50.89,75.2,40,Femenino,12,42.7,1,45,39.4,1,Logística
0,6.98,28.4,22,Masculino,6,56.2,0,1,18.6,1,Servicios Personales
1,50.25,78.2,60,Masculino,9,49.6,1,45,68.8,1,Tecnología
1,42.88,59.5,53,Femenino,11,39.5,0,450,23.7,1,Comercio & Retail
1,38.52,54.3,53,Femenino,9,42.1,1,12,17.4,1,Comercio & Retail
0,12.7,56.2,20,Masculino,12,43.5,0,4,1.3,1,Servicios Personales
0,14.11,62.9,41,Masculino,12,32.9,0,2,58.1,0,Comercio & Retail
0,12.72,46.8,34,Femenino,8,67.4,0,2,13.3,0,Tecnología
0,11.73,53.8,56,Masculino,8,56.8,0,4,16.6,0,Manufactura
0,11.76,52.1,43,Masculino,7,37.6,0,2,19.6,0,Logística
0,10.04,39.2,21,Masculino,7,41.0,0,2,18.3,1,Agroindustria
1,55.62,98.9,62,Femenino,18,39.2,1,45,36.8,1,Comercio & Retail
0,10.1,41.5,29,Masculino,8,37.2,0,2,31.0,1,Servicios Personales
0,17.37,82.2,18,Femenino,14,51.2,0,1,27.7,0,Manufactura
0,13.95,52.4,38,Masculino,11,50.3,0,1,32.8,0,Manufactura
0,11.86,39.7,36,Masculino,9,62.1,0,4,20.2,0,Tecnología
0,10.59,56.0,38,Femenino,11,54.0,0,2,43.6,0,Servicios Personales
1,43.76,56.5,35,Masculino,11,40.8,1,120,4.4,1,Manufactura
0,6.39,17.2,60,Femenino,3,51.8,0,1,34.5,1,Servicios Personales
0,12.03,51.2,20,Masculino,10,49.8,1,1,49.9,0,Agroindustria
1,37.22,49.6,61,Femenino,10,41.1,1,12,12.4,1,Servicios Personales
0,12.89,51.0,49,Masculino,9,39.4,0,1,26.2,0,Manufactura
0,7.56,28.5,27,Femenino,2,50.5,0,4,20.0,0,Manufactura
1,42.1,50.2,57,Masculino,9,43.8,1,120,13.4,1,Manufactura
1,46.24,69.7,32,Masculino,16,36.2,1,120,9.7,1,Agroindustria
1,46.36,59.4,22,Masculino,12,38.3,1,45,4.1,1,Comercio & Retail
0,13.28,48.9,21,Femenino,6,53.3,0,2,29.8,0,Comercio & Retail
0,13.98,60.4,45,Masculino,13,36.8,0,2,50.2,0,Comercio & Retail
0,9.72,29.4,21,Femenino,6,44.6,1,4,38.7,0,Tecnología
0,11.32,43.6,32,Masculino,11,36.9,0,1,39.0,0,Comercio & Retail
0,11.03,52.2,34,Masculino,11,36.9,0,2,29.0,0,Servicios Personales
0,14.86,59.3,61,Masculino,9,57.0,0,2,45.7,1,Logística
0,13.04,63.7,20,Masculino,14,52.6,0,1,49.5,1,Agroindustria
1,40.96,66.6,27,Femenino,13,47.0,1,12,46.0,1,Comercio & Retail
0,9.79,38.1,64,Masculino,7,30.7,0,1,48.8,0,Servicios Personales
1,39.98,45.5,59,Femenino,9,43.0,1,45,13.5,1,Comercio & Retail
0,12.87,56.1,40,Masculino,7,42.4,0,2,55.8,0,Tecnología
0,12.34,45.5,35,Masculino,8,67.4,0,2,12.8,1,Logística
0,13.31,50.5,18,Masculino,12,39.2,0,2,2.4,1,Servicios Personales
0,8.73,39.7,52,Masculino,10,42.7,0,1,21.1,1,Comercio & Retail
0,12.49,60.4,48,Femenino,14,63.4,0,2,29.8,1,Manufactura
0,6.98,19.3,61,Masculino,4,68.1,0,1,33.1,1,Tecnología
0,14.58,67.6,18,Femenino,11,22.4,0,1,57.4,0,Logística
1,51.95,64.9,20,Masculino,13,32.3,1,45,64.6,1,Logística
0,13.64,55.7,20,Masculino,10,36.2,1,1,14.1,0,Tecnología
0,8.73,32.5,54,Femenino,5,61.9,0,2,11.1,1,Logística
0,10.99,37.0,36,Femenino,6,57.9,0,2,45.7,0,Tecnología
0,14.4,76.4,46,Femenino,13,40.5,0,2,16.4,1,Comercio & Retail
0,14.73,57.2,42,Masculino,8,39.2,0,2,22.0,0,Comercio & Retail
1,46.98,60.9,50,Femenino,7,38.9,1,120,10.5,0,Comercio & Retail
0,8.59,42.2,53,Masculino,9,50.3,0,4,19.2,1,Manufactura
0,11.84,47.1,46,Masculino,9,32.2,0,1,25.1,1,Comercio & Retail
0,13.49,76.9,43,Femenino,15,40.6,0,2,13.7,1,Logística
0,12.71,42.7,21,Femenino,3,56.3,0,4,12.4,0,Comercio & Retail
0,12.58,56.1,31,Masculino,12,43.1,0,2,33.0,0,Tecnología
1,48.78,88.5,44,Femenino,16,42.6,1,12,29.1,1,Manufactura
0,11.26,64.9,50,Masculino,14,35.7,0,2,22.4,0,Servicios Personales
1,54.07,100.0,39,Femenino,19,43.2,1,120,10.7,1,Comercio & Retail
0,9.23,47.9,20,Femenino,8,47.4,1,1,75.6,1,Comercio & Retail
1,38.1,56.6,40,Masculino,13,43.7,1,120,30.4,1,Comercio & Retail
0,12.01,53.8,38,Femenino,10,54.7,0,1,42.8,0,Comercio & Retail
0,12.37,53.1,58,Masculino,8,39.7,0,1,25.0,1,Logística
0,6.92,5.0,40,Masculino,2,65.7,0,2,53.7,0,Comercio & Retail
0,13.58,56.1,21,Femenino,8,30.0,1,2,17.2,0,Manufactura
1,42.4,56.3,38,Femenino,14,42.0,1,120,5.2,1,Manufactura
0,8.6,24.8,54,Femenino,3,27.6,0,1,60.4,1,Manufactura
1,57.07,85.9,60,Femenino,18,52.5,1,120,34.2,1,Agroindustria
0,11.92,35.7,48,Masculino,12,43.8,0,2,18.6,0,Comercio & Retail
0,11.3,32.9,38,Masculino,6,41.7,0,1,19.6,0,Agroindustria
0,14.48,63.2,43,Femenino,11,43.7,1,1,13.0,0,Agroindustria
1,51.23,85.6,58,Femenino,13,38.1,1,120,54.0,1,Manufactura
0,14.7,55.2,52,Femenino,8,35.0,1,2,33.4,0,Comercio & Retail
0,11.8,56.1,55,Femenino,8,66.4,0,2,21.6,0,Comercio & Retail
1,43.63,65.4,41,Masculino,18,33.2,1,45,39.9,0,Agroindustria
0,10.52,48.0,28,Masculino,9,53.1,0,1,18.6,0,Manufactura
0,12.77,69.2,58,Masculino,9,60.0,0,1,17.2,0,Manufactura
1,51.63,85.0,46,Femenino,15,36.8,1,12,15.7,1,Comercio & Retail
0,13.69,49.9,64,Masculino,10,48.3,0,1,28.7,1,Agroindustria
1,48.17,68.1,20,Femenino,13,42.1,1,12,31.3,1,Agroindustria
0,9.8,56.8,18,Masculino,8,34.2,0,1,24.5,0,Comercio & Retail
0,9.85,52.5,36,Femenino,7,60.5,1,1,13.7,0,Agroindustria
1,42.33,57.7,63,Masculino,11,43.5,1,45,28.7,1,Comercio & Retail
0,11.45,36.6,39,Masculino,6,36.7,0,1,12.2,0,Servicios Personales
1,46.45,67.4,31,Femenino,12,38.4,1,120,14.9,1,Agroindustria
0,13.02,52.7,31,Masculino,7,47.9,0,4,49.8,0,Servicios Personales
0,8.69,59.1,61,Masculino,12,46.5,0,2,23.7,1,Agroindustria
0,12.72,56.5,33,Femenino,15,45.6,0,2,63.0,1,Servicios Personales
0,10.39,22.2,50,Femenino,2,18.1,0,1,18.4,1,Manufactura
0,9.88,34.4,30,Masculino,8,46.5,0,1,25.2,1,Manufactura
0,13.06,46.3,55,Masculino,3,52.5,0,1,35.4,0,Tecnología
0,13.87,41.5,29,Masculino,9,53.0,0,1,64.6,1,Servicios Personales
0,12.27,57.8,55,Masculino,11,36.7,0,1,51.0,0,Manufactura
0,12.4,43.9,56,Masculino,9,61.7,0,1,37.5,0,Manufactura
0,7.61,17.8,50,Masculino,2,50.4,0,1,27.1,0,Comercio & Retail
0,14.72,75.3,50,Masculino,13,44.9,1,2,12.5,1,Comercio & Retail
0,11.86,41.5,46,Femenino,4,59.7,0,2,13.4,1,Logística
0,14.76,73.6,22,Masculino,13,42.5,0,2,37.6,0,Servicios Personales
0,15.52,52.7,23,Femenino,7,58.6,0,2,6.8,1,Manufactura
0,8.71,37.7,48,Femenino,7,45.8,0,4,54.0,0,Servicios Personales
0,11.75,44.0,33,Masculino,10,30.8,0,2,16.3,0,Comercio & Retail
0,13.73,63.5,48,Femenino,14,46.7,0,1,40.0,1,Manufactura
1,59.02,87.3,42,Femenino,17,39.1,1,450,48.5,1,Servicios Personales
0,13.26,59.2,63,Femenino,8,39.8,0,4,5.6,1,Comercio & Retail
0,8.51,22.7,50,Masculino,5,47.4,0,4,41.3,1,Comercio & Retail
0,13.09,55.4,30,Masculino,11,46.7,0,1,19.5,1,Comercio & Retail
0,11.87,32.3,27,Masculino,5,36.3,0,8,37.6,0,Logística
1,36.24,59.3,41,Masculino,13,40.3,1,45,34.2,0,Comercio & Retail
0,13.34,69.0,27,Femenino,12,47.6,0,1,39.4,0,Manufactura
1,57.1,85.0,58,Femenino,15,37.9,1,120,57.1,1,Comercio & Retail
0,16.93,95.5,48,Femenino,14,38.7,0,1,22.2,0,Comercio & Retail
0,15.52,78.7,30,Femenino,11,68.5,0,1,16.7,1,Manufactura
0,10.16,62.9,20,Femenino,10,51.6,0,1,27.8,0,Manufactura
0,8.89,38.4,51,Femenino,7,35.8,0,1,47.4,0,Agroindustria
0,12.25,50.1,45,Femenino,7,59.9,0,4,37.2,1,Comercio & Retail
0,7.96,35.5,36,Masculino,10,57.7,0,4,8.2,0,Comercio & Retail
0,12.29,45.6,40,Masculino,6,70.3,0,1,10.7,0,Logística
0,11.84,54.7,62,Masculino,9,47.7,0,2,14.6,1,Logística
0,10.31,47.8,49,Masculino,8,46.1,0,4,34.2,0,Comercio & Retail
0,13.21,55.2,30,Femenino,12,54.7,0,1,14.8,0,Logística
0,13.73,62.9,50,Masculino,10,51.2,0,1,15.6,1,Tecnología
0,13.67,61.1,51,Femenino,14,44.4,0,1,28.3,1,Comercio & Retail
0,13.69,61.6,50,Masculino,9,43.2,0,1,46.2,0,Servicios Personales
0,11.1,45.0,22,Masculino,6,44.3,0,1,70.4,0,Agroindustria
0,11.85,67.3,20,Masculino,12,50.3,0,1,26.5,0,Manufactura
0,8.89,45.2,24,Masculino,10,45.7,0,1,12.7,0,Comercio & Retail
0,7.91,44.5,41,Masculino,9,24.2,0,1,54.4,0,Servicios Personales
0,10.54,32.1,39,Masculino,8,51.9,0,1,2.2,0,Logística
0,13.01,63.4,62,Femenino,10,63.1,0,2,8.5,0,Manufactura
0,11.69,51.4,40,Masculino,9,39.3,0,2,26.1,0,Comercio & Retail
0,9.84,57.6,47,Femenino,12,48.5,0,4,62.2,1,Manufactura
0,11.77,65.6,35,Masculino,13,44.4,0,4,8.5,0,Tecnología
1,42.94,61.5,49,Femenino,9,40.5,1,450,46.4,1,Comercio & Retail
0,13.09,75.6,24,Femenino,18,58.4,0,1,46.5,0,Agroindustria
0,10.69,42.6,50,Masculino,8,60.8,0,1,44.2,0,Logística
0,9.47,39.2,22,Femenino,10,41.6,0,1,15.1,0,Servicios Personales
0,10.51,20.5,45,Masculino,4,52.3,0,1,20.4,0,Comercio & Retail
0,13.33,52.5,25,Femenino,10,69.2,0,1,52.0,0,Comercio & Retail
0,16.43,61.8,32,Masculino,9,42.1,0,4,24.0,1,Servicios Personales
0,13.56,61.4,21,Masculino,10,47.5,0,2,18.9,0,Manufactura
1,54.86,80.9,51,Masculino,14,45.3,1,45,18.5,1,Manufactura
1,54.48,85.6,22,Femenino,16,42.2,1,45,21.0,1,Tecnología
0,12.48,61.4,50,Femenino,14,40.9,0,1,20.0,0,Manufactura
1,47.57,71.9,22,Masculino,10,43.0,1,45,11.8,1,Servicios Personales
1,48.75,66.4,55,Femenino,11,43.2,1,12,19.5,1,Logística
1,56.89,97.0,51,Femenino,16,38.9,1,45,9.1,1,Comercio & Retail
1,35.28,55.7,43,Masculino,6,43.3,1,120,34.2,1,Comercio & Retail
0,13.48,66.1,18,Femenino,13,31.4,0,1,35.7,1,Servicios Personales
0,8.72,38.1,21,Femenino,7,34.1,0,1,68.4,0,Servicios Personales
0,11.72,48.7,56,Femenino,14,45.2,0,2,60.8,0,Manufactura
1,45.58,52.7,43,Femenino,9,43.9,0,45,10.8,1,Agroindustria
0,11.09,42.6,50,Masculino,7,45.9,1,1,27.3,1,Manufactura
0,10.75,40.6,50,Femenino,8,57.2,0,1,21.7,0,Manufactura
0,13.38,42.0,25,Masculino,8,38.3,0,1,8.1,0,Servicios Personales
1,49.39,76.2,37,Femenino,14,41.2,1,450,4.2,1,Agroindustria
1,41.04,56.2,33,Femenino,15,41.2,1,120,46.2,1,Tecnología
0,12.15,59.8,38,Masculino,8,58.7,0,1,15.5,1,Servicios Personales
0,11.83,51.7,62,Femenino,7,54.3,0,1,45.9,1,Comercio & Retail
1,53.34,83.4,43,Masculino,18,39.5,1,45,29.6,1,Comercio & Retail
1,45.84,66.2,40,Masculino,13,42.3,1,45,52.3,1,Manufactura
0,12.12,46.2,35,Femenino,7,48.8,0,1,8.2,1,Comercio & Retail
1,45.43,67.1,48,Masculino,11,42.0,1,12,32.0,1,Logística
1,45.4,67.3,59,Femenino,8,41.2,1,120,21.5,1,Comercio & Retail
0,9.6,29.7,29,Femenino,5,28.7,0,1,37.9,1,Agroindustria
0,16.46,64.6,18,Femenino,9,27.7,0,1,13.0,0,Servicios Personales
0,8.02,32.8,59,Masculino,5,49.6,0,8,62.5,1,Servicios Personales
0,14.52,43.0,26,Femenino,8,43.2,0,2,23.8,0,Comercio & Retail
0,12.86,48.4,20,Masculino,9,66.6,0,1,41.2,0,Manufactura
0,13.63,57.8,43,Masculino,8,52.4,0,2,29.8,0,Comercio & Retail
0,12.47,61.3,26,Femenino,13,43.5,0,2,60.4,1,Comercio & Retail
0,9.16,64.1,59,Femenino,12,46.3,0,2,22.2,1,Comercio & Retail
0,11.2,41.9,33,Masculino,8,63.5,0,1,13.1,0,Comercio & Retail
0,13.74,54.7,41,Masculino,11,50.4,0,1,37.3,1,Comercio & Retail
1,56.42,88.5,31,Femenino,15,34.4,1,12,17.7,1,Comercio & Retail
0,11.11,42.9,20,Masculino,7,53.8,0,1,35.0,0,Logística
0,9.66,28.3,51,Femenino,5,67.9,0,2,39.8,0,Tecnología
0,9.23,34.7,50,Masculino,6,53.0,0,1,36.7,0,Tecnología
0,13.35,61.8,41,Masculino,11,45.6,0,1,45.2,0,Servicios Personales
0,14.77,78.5,26,Masculino,16,45.0,0,1,17.6,0,Comercio & Retail
0,13.01,67.0,30,Masculino,13,47.1,0,1,40.4,0,Comercio & Retail
1,49.2,72.0,19,Masculino,15,45.6,1,45,16.3,1,Comercio & Retail
0,10.04,33.4,24,Masculino,2,39.2,0,4,26.6,0,Comercio & Retail
0,13.24,48.8,38,Masculino,7,46.0,0,8,24.1,0,Servicios Personales
0,7.76,36.8,36,Femenino,6,71.9,1,4,15.9,0,Servicios Personales
0,15.02,64.3,42,Masculino,12,40.2,1,1,23.8,0,Manufactura
0,11.73,42.9,64,Femenino,9,39.2,0,2,51.4,1,Comercio & Retail
0,8.76,14.3,39,Femenino,0,64.5,0,1,16.0,0,Servicios Personales
0,11.67,60.1,28,Femenino,13,47.4,0,1,9.2,0,Manufactura
1,43.01,73.0,50,Femenino,14,43.1,1,12,55.9,1,Logística
1,51.63,86.0,49,Femenino,18,47.0,1,45,21.8,1,Agroindustria
0,14.12,56.6,38,Masculino,11,45.9,0,1,27.5,1,Manufactura
0,12.35,64.4,56,Femenino,12,52.3,0,1,49.2,0,Logística
0,11.25,42.0,37,Masculino,6,38.4,0,4,40.6,0,Comercio & Retail
0,11.41,41.9,25,Femenino,4,44.9,0,1,16.5,0,Servicios Personales
0,18.06,82.8,59,Femenino,15,47.1,0,1,3.7,0,Servicios Personales
0,13.61,72.5,54,Femenino,12,25.3,0,2,14.4,1,Manufactura
0,13.77,71.5,26,Femenino,15,60.4,0,1,3.4,1,Comercio & Retail
1,38.34,53.9,42,Masculino,9,40.2,1,120,33.2,1,Manufactura
1,58.74,100.0,42,Masculino,19,49.3,1,45,12.2,1,Manufactura
0,14.67,58.0,50,Femenino,11,55.3,0,1,80.3,1,Manufactura
0,11.43,44.3,19,Femenino,7,25.9,0,1,37.5,1,Agroindustria
0,12.63,52.4,36,Masculino,9,56.4,0,1,19.1,0,Manufactura
0,7.6,30.0,63,Femenino,4,32.8,0,1,28.0,0,Manufactura
0,9.4,51.9,37,Femenino,6,40.4,0,1,60.1,1,Logística
0,10.65,46.6,59,Masculino,9,55.7,0,1,36.7,0,Servicios Personales
1,57.01,89.8,58,Femenino,16,49.4,1,12,21.0,1,Comercio & Retail
0,13.31,62.7,59,Masculino,10,50.6,0,1,32.1,0,Comercio & Retail
0,14.01,70.4,46,Masculino,14,72.2,0,1,8.3,1,Servicios Personales
0,13.35,50.9,23,Femenino,10,44.4,0,2,4.7,0,Comercio & Retail
0,11.08,38.7,34,Femenino,6,58.2,1,8,15.9,0,Manufactura
1,46.66,74.6,42,Masculino,12,37.9,0,120,29.3,1,Agroindustria
0,12.13,53.8,55,Femenino,7,66.1,0,1,39.3,1,Manufactura
0,9.72,55.0,21,Masculino,8,45.7,0,2,6.6,0,Comercio & Retail
1,55.89,86.1,47,Masculino,18,50.6,1,12,53.1,0,Comercio & Retail
0,13.45,63.4,37,Femenino,12,41.1,1,1,7.6,0,Comercio & Retail
0,10.25,49.3,20,Masculino,7,25.0,1,4,22.9,1,Comercio & Retail
0,16.81,64.6,40,Femenino,13,49.6,0,1,9.2,0,Manufactura
0,13.53,47.4,35,Femenino,6,30.2,0,2,33.6,1,Comercio & Retail
0,9.53,28.5,43,Masculino,3,29.1,0,1,12.1,1,Comercio & Retail
0,14.62,81.1,53,Masculino,14,37.7,0,2,68.5,1,Manufactura
0,8.82,44.9,25,Masculino,11,53.0,0,1,45.7,1,Servicios Personales
0,11.68,44.9,34,Femenino,9,29.2,0,1,36.4,0,Comercio & Retail
0,7.74,27.7,48,Masculino,4,36.6,1,4,27.4,0,Comercio & Retail
0,12.52,55.1,54,Femenino,9,64.1,0,1,33.9,1,Agroindustria
1,43.3,55.2,62,Masculino,11,37.2,1,12,6.2,1,Manufactura
0,14.3,60.8,50,Masculino,6,58.5,0,1,35.3,0,Comercio & Retail
0,12.35,42.8,44,Masculino,10,48.4,0,2,31.5,0,Comercio & Retail
1,55.79,89.2,62,Masculino,16,37.9,1,120,14.1,1,Tecnología
0,16.33,71.3,21,Masculino,11,52.6,0,1,61.5,0,Tecnología
0,14.22,68.0,39,Masculino,12,53.9,0,2,21.8,0,Manufactura
0,10.08,43.8,43,Masculino,8,62.7,0,1,32.4,0,Manufactura
0,11.91,38.8,49,Masculino,6,33.1,0,2,49.6,1,Tecnología
0,15.11,55.2,41,Masculino,8,57.7,0,2,13.6,1,Logística
0,13.28,55.0,63,Masculino,14,51.5,0,1,38.5,0,Manufactura
0,12.0,48.7,52,Masculino,10,32.5,0,2,28.2,1,Comercio & Retail
0,12.84,45.6,54,Femenino,9,45.7,0,1,4.5,1,Manufactura
0,10.05,52.4,49,Femenino,8,44.1,0,4,25.7,0,Agroindustria
0,9.38,45.9,24,Masculino,5,38.3,0,1,14.7,0,Comercio & Retail
1,61.86,94.8,50,Femenino,15,45.1,1,45,40.1,1,Comercio & Retail
0,11.48,32.4,48,Masculino,9,54.9,0,1,32.9,1,Comercio & Retail
0,9.1,36.7,29,Femenino,8,74.7,0,1,24.3,0,Comercio & Retail
0,10.57,51.6,28,Femenino,10,48.0,0,4,35.2,0,Comercio & Retail
0,11.19,52.6,41,Masculino,8,34.4,0,2,26.1,0,Manufactura
1,52.02,66.6,25,Masculino,11,37.1,0,12,13.2,0,Manufactura
0,9.02,31.2,49,Femenino,7,68.5,0,2,28.2,0,Tecnología
1,39.89,58.8,55,Masculino,10,38.9,1,450,30.6,1,Comercio & Retail
0,8.33,29.4,39,Masculino,10,38.9,0,1,29.2,1,Manufactura
1,48.1,85.9,51,Femenino,17,45.6,1,120,44.5,1,Tecnología
1,51.19,82.7,36,Femenino,17,46.7,1,45,6.3,1,Tecnología
1,48.35,66.0,37,Femenino,13,49.7,1,450,66.9,1,Comercio & Retail
0,8.59,51.1,31,Femenino,10,38.8,0,2,26.6,0,Manufactura
0,13.16,66.1,50,Femenino,13,47.4,0,1,6.4,0,Servicios Personales
0,14.0,70.2,27,Femenino,13,58.3,0,1,15.4,0,Servicios Personales
1,41.16,63.6,33,Femenino,8,46.4,1,45,41.9,1,Manufactura
0,5.24,18.1,21,Masculino,4,40.3,0,2,43.5,0,Servicios Personales
0,10.13,24.3,44,Masculino,3,39.2,0,2,16.8,1,Tecnología
0,13.45,60.4,45,Masculino,10,21.4,0,2,8.0,0,Servicios Personales
0,13.13,46.4,60,Femenino,8,41.3,0,1,35.4,0,Comercio & Retail
0,14.12,48.2,33,Masculino,8,26.7,0,1,40.9,1,Agroindustria
0,10.53,37.1,50,Masculino,7,50.3,0,2,32.1,0,Comercio & Retail
0,10.86,51.3,36,Masculino,7,55.7,0,1,44.8,0,Comercio & Retail
0,14.09,41.3,38,Masculino,12,30.4,1,2,26.2,1,Logística
0,7.88,5.1,39,Masculino,0,67.7,0,2,5.1,0,Manufactura
1,53.91,82.6,26,Masculino,12,41.1,1,45,54.0,1,Agroindustria
0,13.06,38.7,26,Masculino,9,46.9,0,2,25.2,0,Comercio & Retail
1,42.37,66.3,26,Femenino,15,45.4,1,120,30.9,1,Servicios Personales
1,40.07,51.1,44,Femenino,11,43.1,1,45,67.6,1,Comercio & Retail
0,11.13,21.6,34,Femenino,3,69.9,0,2,19.2,0,Logística
0,8.48,26.8,61,Femenino,3,52.4,0,1,16.5,0,Servicios Personales
1,42.21,49.8,62,Femenino,6,39.5,1,12,37.0,1,Servicios Personales
0,14.68,63.8,25,Masculino,11,38.0,0,1,42.1,0,Comercio & Retail
0,7.41,24.6,33,Femenino,3,31.8,0,1,29.4,0,Comercio & Retail
1,50.71,72.5,35,Masculino,10,45.7,1,12,40.6,0,Manufactura
1,39.63,62.8,50,Masculino,13,36.8,1,45,21.6,1,Comercio & Retail
0,16.9,47.6,18,Femenino,8,34.5,0,2,42.6,0,Comercio & Retail
0,12.84,44.2,29,Masculino,7,54.9,0,4,37.7,0,Logística
0,11.75,31.5,23,Femenino,2,63.9,1,1,34.7,0,Servicios Personales
1,47.72,67.5,58,Masculino,16,37.5,1,12,30.3,1,Comercio & Retail
1,47.18,72.8,22,Masculino,17,46.9,1,12,26.2,1,Logística
0,17.12,84.4,33,Femenino,15,12.0,0,4,31.0,0,Manufactura
1,47.65,68.8,35,Masculino,9,48.5,1,45,33.8,1,Comercio & Retail
0,9.97,51.4,35,Masculino,10,48.5,0,4,49.2,0,Logística
1,39.6,54.4,18,Femenino,13,36.1,1,45,39.3,0,Tecnología
0,10.82,47.1,36,Masculino,11,49.0,0,1,40.8,0,Agroindustria
0,8.84,25.4,25,Masculino,0,38.6,0,1,51.1,1,Manufactura
0,13.33,50.1,20,Femenino,13,62.1,0,2,35.8,1,Logística
1,50.05,75.6,42,Masculino,15,45.3,1,120,12.7,1,Comercio & Retail
1,44.43,69.2,22,Femenino,14,38.0,1,45,10.9,1,Agroindustria
0,14.06,56.2,57,Femenino,12,46.7,0,1,34.8,0,Manufactura
0,14.1,62.4,36,Femenino,14,55.7,0,4,13.8,1,Comercio & Retail
0,11.57,42.0,35,Masculino,5,47.3,0,4,34.7,0,Servicios Personales
1,40.57,62.8,48,Masculino,10,37.5,1,450,27.9,1,Servicios Personales
0,14.99,54.7,50,Femenino,7,57.2,0,1,16.7,0,Manufactura
0,13.62,83.8,64,Femenino,16,69.5,0,1,18.8,1,Tecnología
1,47.15,59.1,35,Femenino,11,38.1,1,45,23.8,1,Comercio & Retail
0,10.95,52.6,56,Masculino,9,71.2,0,1,18.9,0,Manufactura
0,11.56,48.9,33,Femenino,6,65.2,0,2,38.0,0,Comercio & Retail
0,8.84,21.9,33,Masculino,6,51.0,0,1,24.8,0,Comercio & Retail
0,10.13,43.4,64,Masculino,6,66.8,0,4,34.8,1,Logística
1,43.79,61.2,55,Masculino,13,39.5,1,12,32.3,1,Comercio & Retail
0,17.48,66.8,58,Femenino,12,71.9,0,2,48.4,0,Manufactura
0,12.77,48.7,24,Femenino,11,40.4,0,1,31.4,0,Comercio & Retail
0,14.74,75.5,31,Femenino,13,10.3,1,2,59.8,0,Manufactura
0,9.92,48.9,60,Masculino,7,49.1,0,1,17.2,0,Comercio & Retail
0,6.78,19.9,42,Masculino,3,54.2,0,1,23.4,0,Comercio & Retail
0,10.92,62.3,49,Masculino,13,49.9,0,2,53.8,0,Manufactura
0,11.68,49.4,55,Femenino,10,42.7,0,1,35.1,0,Agroindustria
1,43.68,67.6,39,Masculino,13,39.5,1,12,43.3,0,Servicios Personales
1,50.32,83.3,33,Femenino,12,43.4,1,45,45.7,1,Comercio & Retail
0,9.62,36.8,46,Femenino,10,39.8,0,1,37.7,1,Comercio & Retail
1,48.36,62.3,33,Masculino,11,47.6,1,450,9.1,1,Agroindustria
0,16.21,79.3,29,Femenino,15,61.6,0,4,20.0,0,Tecnología
0,11.9,45.7,34,Masculino,9,50.2,0,1,43.4,0,Tecnología
1,37.23,50.3,54,Masculino,13,36.9,1,120,41.7,1,Comercio & Retail
0,11.92,57.0,44,Masculino,11,41.6,0,2,19.6,1,Manufactura
0,10.16,18.8,42,Femenino,4,50.2,0,4,25.5,0,Comercio & Retail
0,10.31,40.6,30,Femenino,5,43.2,0,1,67.4,0,Manufactura
0,12.5,41.2,25,Femenino,10,51.2,1,4,31.2,0,Tecnología
0,11.06,46.5,22,Femenino,8,54.5,0,4,5.6,1,Comercio & Retail
0,9.8,31.3,29,Masculino,6,54.3,0,1,35.3,0,Servicios Personales
1,46.06,82.2,58,Masculino,14,36.9,1,12,8.6,1,Manufactura
0,10.98,46.7,20,Femenino,4,27.9,0,8,42.3,0,Agroindustria
0,10.11,47.4,52,Masculino,9,51.9,0,1,13.4,0,Manufactura
0,6.07,32.5,50,Masculino,7,44.8,1,8,13.5,0,Logística
1,60.62,95.7,39,Femenino,16,37.0,1,45,7.1,1,Tecnología
1,52.81,93.6,61,Femenino,20,34.1,1,45,55.6,1,Comercio & Retail
0,13.49,54.1,26,Femenino,9,62.8,0,2,8.8,0,Comercio & Retail
1,44.9,65.8,58,Masculino,13,40.4,1,120,20.7,1,Comercio & Retail
0,15.58,72.9,35,Masculino,15,44.5,0,1,22.0,0,Manufactura
1,45.79,62.1,46,Masculino,13,41.8,0,45,41.3,1,Comercio & Retail
0,11.52,48.1,56,Femenino,13,34.3,0,4,29.4,0,Servicios Personales
0,11.9,44.7,44,Masculino,3,55.7,1,8,8.2,0,Tecnología
1,49.3,73.0,53,Femenino,14,37.4,1,45,14.8,1,Manufactura
1,41.32,58.2,62,Masculino,11,37.6,1,45,20.4,1,Logística
0,13.54,60.3,34,Masculino,9,47.1,0,2,52.0,0,Manufactura
1,37.52,49.4,51,Femenino,10,40.1,1,45,33.8,1,Comercio & Retail
0,13.03,62.7,63,Masculino,11,37.5,0,1,59.3,0,Manufactura
0,9.78,43.3,20,Masculino,9,41.4,0,2,26.4,1,Logística
0,15.93,47.5,22,Masculino,9,31.5,0,1,20.7,0,Comercio & Retail
0,9.43,44.8,31,Femenino,6,61.2,0,2,28.9,1,Manufactura
0,13.43,65.7,20,Femenino,12,58.2,0,1,15.4,0,Comercio & Retail
0,11.55,47.7,40,Masculino,9,53.3,1,1,5.5,0,Manufactura
0,12.34,50.3,56,Masculino,7,33.6,0,4,14.6,0,Manufactura
1,38.6,47.2,47,Femenino,10,44.4,1,12,36.6,1,Logística
1,39.41,45.9,62,Masculino,10,46.3,1,45,47.1,1,Manufactura
0,12.36,58.5,40,Femenino,12,44.3,0,4,34.8,0,Tecnología
1,41.74,52.7,44,Masculino,10,48.3,1,450,17.3,1,Agroindustria
0,13.44,59.7,27,Femenino,12,66.5,0,1,10.3,0,Servicios Personales
0,11.64,46.7,42,Femenino,9,52.5,0,1,46.1,1,Manufactura
0,12.8,60.0,30,Masculino,9,37.9,0,2,11.6,0,Comercio & Retail
1,47.93,74.0,33,Femenino,11,38.3,1,45,11.8,1,Manufactura
0,14.95,57.7,58,Masculino,11,36.8,0,1,14.6,1,Tecnología
1,54.75,80.9,51,Masculino,15,37.0,1,120,19.2,1,Agroindustria
1,44.09,63.6,54,Femenino,14,44.2,1,12,28.2,0,Comercio & Retail
1,47.49,54.1,39,Femenino,10,39.6,1,45,18.3,1,Comercio & Retail
0,12.88,39.6,34,Masculino,5,50.9,0,4,7.9,0,Manufactura
1,40.98,58.6,40,Femenino,13,42.4,1,45,24.4,1,Comercio & Retail
1,42.97,70.5,53,Masculino,12,45.3,1,450,18.9,1,Comercio & Retail
0,11.34,51.7,26,Masculino,11,47.6,1,2,43.2,0,Comercio & Retail
1,47.89,77.2,19,Masculino,13,41.4,1,120,6.6,1,Manufactura
0,14.5,59.5,49,Masculino,9,60.9,0,1,6.2,1,Servicios Personales
0,11.17,42.2,39,Femenino,4,62.2,0,1,13.9,0,Comercio & Retail
0,12.27,53.2,60,Masculino,7,61.1,0,1,22.4,1,Comercio & Retail
0,11.1,34.3,30,Masculino,0,55.5,0,2,41.8,0,Comercio & Retail
1,46.46,68.1,25,Femenino,12,39.8,1,450,18.5,1,Manufactura
0,12.8,40.5,18,Masculino,10,59.4,0,1,39.9,0,Tecnología
0,16.04,68.3,34,Masculino,13,64.7,0,2,11.3,1,Comercio & Retail
1,50.02,62.4,29,Femenino,13,42.0,1,45,24.1,1,Manufactura
0,11.7,33.4,21,Femenino,8,37.1,0,1,28.4,0,Logística
0,12.09,55.8,30,Masculino,7,44.2,0,1,30.0,0,Tecnología
0,11.71,39.9,48,Femenino,7,46.4,0,8,8.6,0,Manufactura
1,49.82,68.1,58,Femenino,17,42.0,1,45,21.7,1,Logística
0,7.41,44.6,24,Femenino,9,58.2,0,8,11.0,0,Servicios Personales
1,48.4,73.7,40,Femenino,9,41.8,1,12,44.2,1,Tecnología
1,48.34,72.7,41,Femenino,11,39.6,1,12,41.9,1,Agroindustria
0,12.37,38.3,22,Masculino,4,46.1,0,1,41.8,0,Comercio & Retail
0,12.44,53.3,22,Femenino,8,25.6,0,1,48.2,0,Comercio & Retail
0,9.1,34.0,34,Masculino,7,58.2,0,1,7.0,0,Manufactura
0,9.01,29.2,47,Femenino,6,51.7,0,2,36.2,0,Comercio & Retail
0,14.42,56.6,26,Femenino,9,58.7,0,1,28.4,1,Comercio & Retail
0,16.21,70.9,23,Femenino,10,63.9,0,4,25.0,1,Logística
0,11.66,24.8,42,Femenino,5,24.7,0,2,18.3,0,Comercio & Retail
0,11.87,50.0,36,Femenino,9,53.2,0,2,28.4,0,Tecnología
0,16.99,57.3,33,Masculino,10,43.3,1,1,5.6,0,Comercio & Retail
1,45.27,58.2,38,Masculino,12,32.1,1,120,31.2,1,Servicios Personales
0,15.51,49.2,19,Femenino,9,48.5,0,2,5.8,0,Comercio & Retail
0,14.47,48.7,27,Femenino,11,47.4,0,1,12.5,1,Comercio & Retail
0,12.15,54.1,33,Femenino,9,47.1,0,1,61.9,0,Comercio & Retail
0,16.13,76.7,54,Masculino,15,72.6,0,2,35.5,1,Comercio & Retail
0,13.46,69.2,32,Masculino,12,52.1,0,1,44.9,1,Comercio & Retail
0,11.15,41.0,30,Femenino,7,54.9,1,1,45.3,0,Manufactura
0,14.53,54.1,30,Femenino,8,65.6,0,1,16.7,0,Agroindustria
1,42.98,62.4,49,Masculino,11,43.8,1,450,10.5,0,Comercio & Retail
0,11.55,59.4,62,Femenino,8,51.1,0,2,55.1,0,Agroindustria
0,6.83,24.4,64,Masculino,3,60.5,0,1,13.6,1,Logística
1,44.1,68.4,63,Femenino,11,43.2,1,120,26.1,1,Comercio & Retail
0,12.15,48.8,25,Masculino,9,57.6,0,1,14.4,0,Manufactura
0,16.76,73.4,60,Masculino,13,27.7,0,1,36.6,0,Comercio & Retail
1,40.67,68.3,35,Masculino,10,45.8,1,120,13.9,1,Manufactura
1,43.99,74.7,53,Masculino,12,42.5,1,45,5.9,0,Comercio & Retail
1,58.38,93.0,43,Femenino,20,39.0,1,12,40.4,1,Tecnología
0,12.08,69.7,27,Masculino,15,40.2,0,1,26.7,0,Comercio & Retail
0,14.09,60.7,48,Femenino,9,33.4,0,1,14.8,1,Comercio & Retail
1,40.87,58.5,50,Masculino,12,45.7,1,45,32.1,1,Manufactura
1,43.37,64.9,46,Masculino,10,37.7,1,12,31.4,1,Servicios Personales
0,12.12,47.0,22,Femenino,11,32.4,1,2,23.5,0,Manufactura
0,13.01,35.7,30,Femenino,4,40.4,0,1,52.7,1,Comercio & Retail
0,14.08,67.3,18,Masculino,14,40.1,0,1,41.3,0,Manufactura
0,5.57,5.0,40,Masculino,1,63.5,0,4,30.4,0,Tecnología
0,10.14,47.3,57,Masculino,10,33.4,0,1,30.6,0,Logística
0,9.18,23.1,20,Femenino,3,43.6,0,1,45.7,0,Tecnología
0,13.23,62.2,20,Femenino,7,58.4,0,2,41.8,0,Comercio & Retail
0,8.27,29.0,24,Femenino,11,33.9,0,1,31.8,0,Comercio & Retail
1,51.49,63.7,53,Masculino,13,39.1,1,12,46.8,1,Manufactura
0,14.82,67.5,52,Masculino,14,76.1,0,1,40.6,1,Servicios Personales
0,10.16,41.3,32,Masculino,9,44.2,0,1,19.5,1,Manufactura
0,13.54,67.1,57,Masculino,14,76.3,0,2,43.3,0,Agroindustria
0,12.08,53.5,20,Masculino,10,43.6,0,1,40.0,0,Comercio & Retail
0,11.54,36.3,46,Masculino,7,50.9,0,1,28.7,0,Manufactura
0,14.17,62.6,47,Masculino,11,76.2,0,1,11.2,0,Comercio & Retail
0,12.94,58.8,56,Masculino,7,41.3,0,1,23.7,0,Servicios Personales
0,12.84,50.5,35,Femenino,9,36.1,0,1,17.8,0,Comercio & Retail
0,11.2,40.1,28,Masculino,8,45.3,0,2,37.3,0,Manufactura
0,10.87,29.9,60,Femenino,4,56.7,0,1,62.3,0,Manufactura
1,45.4,55.5,55,Femenino,11,39.0,1,12,15.6,1,Logística
1,50.86,70.0,57,Masculino,11,42.0,1,12,44.1,1,Agroindustria
1,48.0,66.4,18,Masculino,14,41.0,1,12,11.5,1,Agroindustria
0,9.22,31.9,46,Masculino,3,80.0,0,1,12.7,0,Tecnología
0,11.01,45.9,27,Femenino,7,67.1,1,1,38.0,0,Servicios Personales
1,45.67,72.1,45,Masculino,14,42.1,1,120,21.2,1,Manufactura
1,42.19,51.6,48,Masculino,12,43.0,1,12,23.4,1,Comercio & Retail
0,13.59,60.9,36,Femenino,13,53.8,0,2,19.2,0,Tecnología
0,15.6,77.1,20,Masculino,16,42.6,0,2,38.8,0,Comercio & Retail
0,11.83,31.1,53,Femenino,7,67.9,0,1,19.6,0,Manufactura
0,8.8,33.2,60,Femenino,7,64.2,0,4,23.8,0,Comercio & Retail
1,48.37,62.2,32,Masculino,13,42.3,0,12,24.9,0,Manufactura
1,51.24,66.4,50,Femenino,12,43.9,1,45,16.8,1,Comercio & Retail
1,44.76,69.1,58,Femenino,10,46.8,1,120,11.0,1,Comercio & Retail
1,42.87,53.7,60,Femenino,9,43.3,1,45,16.8,1,Comercio & Retail
0,11.14,40.3,62,Femenino,6,55.4,0,4,54.6,0,Comercio & Retail
1,50.98,79.7,43,Femenino,16,39.1,1,450,22.6,1,Comercio & Retail
0,17.15,83.6,33,Femenino,18,55.6,1,2,23.7,0,Manufactura
1,50.27,70.0,53,Femenino,14,44.5,1,45,15.2,1,Comercio & Retail
0,11.69,68.6,50,Femenino,12,18.5,0,2,13.6,0,Agroindustria
1,49.71,72.5,37,Femenino,12,44.7,1,12,41.9,1,Servicios Personales
0,10.67,34.6,30,Femenino,11,22.0,0,1,20.2,0,Servicios Personales
0,10.79,34.2,50,Masculino,3,69.6,1,4,34.1,0,Tecnología
0,11.58,44.1,22,Masculino,8,78.1,1,4,36.9,1,Manufactura
1,51.61,71.9,54,Femenino,13,45.6,1,120,3.5,0,Logística
0,10.7,46.6,31,Masculino,7,29.9,0,1,44.2,1,Comercio & Retail
0,13.63,57.7,44,Masculino,11,33.9,0,1,46.7,0,Servicios Personales
1,53.94,76.3,40,Masculino,14,40.3,1,12,9.2,0,Comercio & Retail
1,46.83,73.9,31,Femenino,14,43.6,1,120,26.8,0,Servicios Personales
1,46.58,70.6,57,Masculino,14,40.3,1,12,30.2,1,Comercio & Retail
1,47.28,57.9,21,Femenino,11,41.6,0,45,17.7,1,Servicios Personales
0,16.09,57.1,56,Femenino,13,47.2,0,1,11.1,0,Servicios Personales
0,10.08,51.1,36,Femenino,9,65.2,1,1,21.6,0,Agroindustria
0,12.11,59.1,64,Femenino,16,58.3,0,4,19.3,1,Agroindustria
0,10.23,33.9,21,Masculino,4,57.3,0,2,22.9,0,Comercio & Retail
0,11.6,62.5,47,Masculino,10,43.5,0,2,25.8,0,Comercio & Retail
0,8.07,32.5,36,Masculino,8,47.7,1,2,10.2,1,Comercio & Retail
1,47.69,64.2,48,Femenino,13,43.2,1,12,35.4,1,Tecnología
0,14.91,65.2,48,Femenino,9,58.8,0,8,39.2,1,Comercio & Retail
1,60.85,100.0,26,Femenino,19,39.6,1,45,11.5,1,Comercio & Retail
1,52.64,66.0,30,Femenino,13,40.7,1,45,34.6,1,Manufactura
0,12.18,39.6,31,Masculino,6,51.5,1,1,22.1,0,Tecnología
0,8.34,14.3,63,Masculino,0,49.5,0,1,38.2,1,Manufactura
0,9.91,40.5,27,Masculino,6,36.1,1,2,4.5,0,Comercio & Retail
1,49.7,75.4,48,Masculino,12,34.1,1,45,19.1,1,Comercio & Retail
0,14.57,51.0,54,Femenino,9,46.9,0,1,46.7,1,Tecnología
0,10.57,33.3,40,Femenino,8,51.8,0,1,41.0,0,Comercio & Retail
0,9.31,45.6,44,Femenino,7,31.7,0,8,50.6,0,Servicios Personales
0,12.51,63.2,23,Femenino,13,35.6,0,2,61.2,0,Servicios Personales
0,12.53,39.8,43,Masculino,9,47.8,0,2,23.3,1,Tecnología
0,12.17,35.8,19,Femenino,8,47.1,0,2,54.4,0,Logística
1,44.63,69.9,62,Femenino,14,41.9,1,45,51.2,1,Manufactura
1,53.36,85.3,30,Masculino,16,43.6,1,12,31.7,0,Logística
0,11.6,44.7,36,Masculino,6,57.7,0,2,33.2,0,Logística
1,51.52,83.1,18,Femenino,14,45.5,1,12,20.3,0,Servicios Personales
0,9.49,47.4,57,Masculino,10,59.8,0,2,24.7,0,Comercio & Retail
1,43.02,63.3,49,Femenino,13,47.2,1,45,4.1,1,Manufactura
0,11.2,69.4,39,Masculino,12,34.8,0,1,35.2,1,Comercio & Retail
1,42.99,62.2,46,Femenino,10,49.1,1,12,16.4,1,Manufactura
0,14.88,49.8,19,Femenino,10,27.4,1,2,47.3,1,Comercio & Retail
1,41.3,60.1,57,Masculino,13,49.9,1,12,33.4,1,Logística
0,13.0,43.7,55,Femenino,6,45.9,1,2,22.7,0,Agroindustria
0,12.97,47.8,28,Masculino,6,40.0,0,1,11.3,1,Manufactura
0,16.88,84.6,34,Masculino,18,54.0,0,1,35.9,0,Manufactura
0,15.26,75.6,60,Femenino,14,40.0,0,1,28.2,0,Agroindustria
0,13.91,71.0,25,Masculino,14,38.6,0,1,61.1,1,Agroindustria
0,10.58,44.5,39,Masculino,9,36.5,0,1,42.2,1,Comercio & Retail
0,9.49,38.4,21,Femenino,4,53.4,0,1,32.5,0,Servicios Personales
0,10.68,44.7,28,Masculino,8,44.8,0,4,4.4,0,Servicios Personales
0,11.98,47.8,25,Masculino,12,49.9,0,4,5.8,1,Tecnología
0,12.52,64.4,26,Masculino,14,63.6,0,1,31.6,0,Manufactura
0,11.21,40.5,43,Masculino,12,74.8,0,2,15.7,1,Manufactura
1,57.08,90.0,19,Masculino,12,32.9,1,12,23.9,1,Manufactura
1,38.44,64.0,33,Masculino,9,46.3,1,450,26.1,1,Logística
0,14.99,49.8,48,Masculino,12,32.1,0,2,8.4,1,Logística
0,10.64,37.1,23,Femenino,7,46.6,1,1,17.1,1,Manufactura
0,10.22,57.3,38,Femenino,10,31.5,0,1,25.9,0,Tecnología
1,46.71,67.0,43,Femenino,9,46.2,1,12,26.4,1,Tecnología
0,18.15,82.2,36,Masculino,15,33.4,0,1,33.8,0,Servicios Personales
0,4.81,17.2,45,Masculino,0,37.1,0,4,20.2,1,Servicios Personales
0,12.3,45.1,25,Femenino,9,22.8,0,2,27.1,0,Manufactura
0,15.13,63.8,31,Femenino,11,38.2,1,2,29.9,1,Tecnología
0,10.3,31.4,41,Femenino,3,38.2,0,1,37.2,0,Tecnología
0,14.8,67.3,61,Femenino,13,55.4,0,4,37.9,0,Comercio & Retail
1,35.34,50.2,54,Masculino,9,39.6,1,120,47.3,1,Servicios Personales
0,10.76,34.5,43,Masculino,6,45.2,0,4,39.8,1,Comercio & Retail
1,53.36,83.9,48,Masculino,14,47.4,1,450,21.4,1,Comercio & Retail
0,8.46,26.1,49,Femenino,7,49.5,0,1,41.3,0,Logística
1,44.4,70.1,58,Masculino,13,43.6,1,45,12.1,1,Manufactura
1,45.28,59.2,19,Masculino,11,44.0,0,120,19.1,1,Manufactura
0,7.67,27.3,42,Masculino,8,36.6,0,1,25.1,1,Comercio & Retail
0,8.67,35.2,61,Masculino,6,56.4,0,1,13.9,0,Manufactura
0,10.58,32.8,19,Femenino,7,54.4,0,1,10.2,0,Tecnología
0,11.66,56.7,59,Femenino,13,57.9,0,1,37.6,0,Servicios Personales
0,15.26,63.2,18,Masculino,14,51.1,0,2,45.7,0,Servicios Personales
0,15.29,79.5,53,Masculino,13,20.7,0,1,6.2,0,Servicios Personales
0,12.82,54.4,29,Masculino,10,55.6,1,1,35.4,0,Manufactura
0,14.1,74.5,26,Femenino,13,40.5,1,1,29.5,0,Servicios Personales
0,12.42,47.0,53,Masculino,11,47.8,0,1,36.2,0,Comercio & Retail
0,11.1,40.8,58,Femenino,8,42.5,1,1,6.8,0,Logística
0,12.66,38.7,45,Masculino,7,30.8,0,2,18.7,0,Comercio & Retail
0,13.96,52.6,55,Masculino,9,36.4,0,1,11.6,0,Servicios Personales
0,10.19,52.3,50,Masculino,8,66.2,0,4,24.2,1,Comercio & Retail
1,47.12,57.7,59,Masculino,10,47.1,1,450,61.7,1,Tecnología
1,47.69,70.9,63,Femenino,16,43.8,1,45,40.6,1,Servicios Personales
0,13.64,66.4,39,Femenino,11,54.1,0,1,8.1,0,Servicios Personales
1,47.45,72.9,42,Femenino,16,45.8,0,450,33.5,1,Comercio & Retail
1,43.55,57.7,35,Femenino,10,40.0,1,450,62.4,1,Manufactura
0,10.03,37.3,23,Masculino,9,47.9,0,1,22.6,0,Manufactura
0,11.47,28.4,35,Femenino,4,52.7,0,1,33.0,0,Servicios Personales
1,56.89,68.2,33,Masculino,12,40.3,1,45,12.9,1,Tecnología
0,12.46,48.0,32,Femenino,8,38.0,1,1,23.2,0,Comercio & Retail
0,8.75,34.8,25,Masculino,7,64.6,0,4,15.6,1,Logística
0,10.65,44.4,30,Masculino,6,40.3,0,1,35.5,0,Logística
1,45.61,51.2,60,Femenino,11,39.5,1,120,19.9,1,Manufactura
0,6.46,29.5,24,Femenino,8,37.2,0,1,14.4,0,Manufactura
1,55.5,89.3,34,Femenino,16,43.2,1,450,28.1,1,Comercio & Retail
1,47.93,61.0,49,Masculino,14,36.3,1,12,30.2,1,Servicios Personales
0,13.76,54.9,39,Masculino,8,39.5,0,1,19.0,1,Comercio & Retail
0,6.59,16.6,30,Femenino,1,43.6,0,2,15.0,0,Comercio & Retail
1,42.91,61.5,64,Masculino,10,40.7,1,120,24.5,1,Agroindustria
0,11.33,43.1,40,Femenino,9,57.3,0,2,20.8,0,Logística
0,14.05,75.5,46,Masculino,13,51.7,0,1,10.7,0,Comercio & Retail
1,41.56,49.5,39,Femenino,10,38.8,1,45,30.4,0,Servicios Personales
0,16.43,68.3,18,Masculino,14,68.8,0,1,33.9,1,Servicios Personales
0,10.59,41.4,46,Masculino,12,57.8,0,8,42.4,1,Comercio & Retail
0,9.07,18.8,22,Masculino,5,45.2,0,4,20.7,0,Logística
0,12.38,50.6,52,Femenino,7,53.0,0,1,47.8,0,Comercio & Retail
0,13.34,40.3,27,Femenino,8,29.1,0,1,12.5,0,Servicios Personales
0,7.59,31.4,36,Masculino,9,42.5,0,2,41.9,1,Logística
0,10.43,44.8,54,Femenino,9,54.9,0,1,22.1,0,Logística
1,46.24,72.4,24,Femenino,13,42.0,1,45,8.6,1,Tecnología
0,15.39,51.0,63,Masculino,12,45.2,0,1,10.6,0,Comercio & Retail
0,8.15,57.4,52,Femenino,8,72.6,0,1,25.7,1,Tecnología
1,38.96,61.5,62,Femenino,13,36.4,1,120,17.1,1,Logística
0,11.17,35.1,30,Masculino,6,19.0,0,2,52.2,0,Comercio & Retail
0,13.43,59.3,27,Femenino,13,26.0,0,1,28.9,1,Comercio & Retail
0,10.42,48.2,19,Femenino,13,60.8,0,1,12.8,1,Logística
0,11.46,55.9,23,Masculino,11,68.5,0,2,11.4,1,Manufactura
1,43.68,62.0,25,Masculino,12,36.1,1,450,30.1,1,Comercio & Retail
0,14.08,66.6,53,Femenino,12,48.0,0,2,19.3,0,Agroindustria
0,12.11,63.2,42,Masculino,14,72.1,0,2,58.1,0,Manufactura
0,12.25,50.5,61,Masculino,13,50.5,0,1,42.1,0,Servicios Personales
1,54.19,91.9,64,Femenino,15,40.7,0,45,38.6,1,Servicios Personales
0,10.8,32.6,57,Femenino,4,53.3,0,1,34.7,0,Tecnología
1,44.03,58.0,24,Femenino,11,46.4,1,12,71.1,1,Servicios Personales
0,11.86,65.3,63,Masculino,10,48.5,0,2,13.1,0,Servicios Personales
0,11.29,49.0,40,Masculino,11,52.4,0,2,32.3,0,Comercio & Retail
1,45.72,55.4,36,Femenino,13,40.0,1,12,33.9,1,Manufactura
0,14.12,61.1,63,Masculino,10,53.0,0,2,36.6,1,Comercio & Retail
1,52.77,72.7,39,Masculino,10,46.2,1,450,32.4,1,Servicios Personales
0,10.52,48.6,30,Femenino,12,56.1,0,1,21.2,0,Manufactura
0,8.86,30.3,38,Masculino,4,48.8,0,1,6.8,0,Manufactura
1,48.08,82.0,18,Femenino,16,37.5,1,45,6.3,1,Agroindustria
0,12.25,59.1,36,Masculino,10,50.0,0,2,15.5,1,Manufactura
1,45.97,75.4,50,Masculino,16,35.9,1,120,28.5,1,Agroindustria
0,10.6,33.3,21,Masculino,7,43.5,0,2,30.1,1,Comercio & Retail
0,8.96,21.8,59,Masculino,7,41.4,0,1,35.3,1,Comercio & Retail
1,49.65,70.6,20,Masculino,9,37.1,1,12,22.9,1,Logística
0,14.11,70.5,44,Masculino,10,52.6,0,1,23.3,0,Comercio & Retail
0,11.23,39.8,58,Masculino,8,26.9,0,2,39.5,1,Manufactura
0,11.89,42.6,52,Masculino,7,28.3,1,1,33.9,0,Manufactura
0,11.63,52.3,45,Masculino,11,17.9,0,1,22.2,0,Tecnología
1,46.07,75.4,23,Femenino,16,37.7,0,12,48.2,1,Manufactura
1,52.32,76.9,23,Masculino,16,39.4,1,12,36.8,1,Servicios Personales
0,12.07,38.2,61,Masculino,9,39.6,0,4,17.3,0,Tecnología
0,9.84,37.6,40,Masculino,6,65.6,0,1,20.2,1,Manufactura
1,43.31,51.5,50,Masculino,9,42.4,1,12,25.2,1,Tecnología
0,13.75,66.0,33,Femenino,17,45.3,0,2,31.9,1,Manufactura
0,15.46,63.2,41,Femenino,14,49.4,0,1,30.5,0,Manufactura
0,10.71,44.3,22,Femenino,11,56.0,0,4,49.5,1,Agroindustria
0,10.53,35.9,58,Masculino,8,55.0,0,2,30.2,1,Agroindustria
0,13.12,64.0,59,Masculino,13,32.9,0,1,38.5,1,Tecnología
1,50.28,88.8,30,Masculino,19,42.1,1,45,39.9,1,Agroindustria
0,12.05,48.9,64,Femenino,9,51.1,0,1,31.3,0,Manufactura
0,8.62,47.3,29,Masculino,3,32.1,0,1,28.3,0,Servicios Personales
0,12.89,41.5,22,Masculino,6,45.7,0,1,13.5,0,Tecnología
1,40.56,58.3,54,Masculino,10,41.2,1,450,24.5,1,Comercio & Retail
0,14.03,51.6,48,Femenino,9,36.5,0,2,28.4,0,Comercio & Retail
1,39.7,60.0,45,Masculino,15,52.2,1,120,29.9,1,Manufactura
0,12.87,45.2,45,Masculino,8,31.6,0,2,19.0,1,Tecnología
0,11.04,50.5,47,Masculino,9,45.7,1,1,91.9,1,Comercio & Retail
0,12.1,53.9,35,Masculino,8,52.8,0,1,17.9,1,Agroindustria
0,13.83,55.4,61,Masculino,13,55.8,0,1,55.2,0,Comercio & Retail
0,8.12,36.8,44,Femenino,7,57.8,1,2,19.6,0,Servicios Personales
0,9.25,39.6,52,Femenino,9,63.6,0,1,48.3,0,Logística
0,6.26,23.8,43,Masculino,4,17.6,0,2,21.4,1,Comercio & Retail
0,12.73,43.5,56,Femenino,8,79.5,0,1,53.8,1,Comercio & Retail
1,45.52,66.5,35,Femenino,16,42.3,1,120,59.8,1,Comercio & Retail
1,58.51,90.8,50,Femenino,17,41.6,1,120,34.7,1,Logística
0,13.88,56.6,42,Masculino,13,53.6,0,4,11.0,0,Manufactura
0,16.08,69.4,48,Masculino,12,54.3,0,1,55.8,0,Tecnología
0,10.35,42.0,54,Femenino,8,61.7,0,1,27.7,0,Manufactura
0,10.6,53.8,19,Masculino,11,61.7,0,2,36.2,1,Manufactura
0,14.39,67.1,50,Masculino,11,24.0,0,1,17.6,0,Logística
1,45.35,60.9,56,Femenino,10,38.7,1,120,31.7,0,Servicios Personales
0,15.9,71.2,60,Femenino,13,55.2,0,1,52.0,0,Servicios Personales
0,8.82,21.4,60,Masculino,6,55.8,0,1,19.9,0,Agroindustria
1,58.03,100.0,49,Masculino,20,46.3,1,12,14.3,1,Manufactura
1,55.21,93.4,35,Femenino,16,41.0,1,45,3.4,1,Servicios Personales
0,8.62,40.0,34,Femenino,7,42.9,0,1,21.9,0,Servicios Personales
0,8.52,45.0,51,Femenino,10,52.2,0,1,12.7,0,Comercio & Retail
0,8.11,34.6,56,Femenino,8,43.2,0,8,24.8,1,Manufactura
0,11.61,59.6,24,Femenino,12,49.9,0,2,34.9,0,Manufactura
0,10.95,43.7,59,Masculino,10,56.2,1,1,36.2,1,Manufactura
0,7.5,24.4,52,Masculino,3,61.7,0,1,45.7,1,Tecnología
0,11.41,37.1,47,Masculino,7,35.0,0,4,35.1,0,Tecnología
0,14.04,61.3,29,Femenino,15,50.3,0,2,59.8,0,Comercio & Retail
0,11.17,43.9,52,Masculino,9,52.2,0,8,51.6,0,Manufactura
0,12.69,51.5,28,Femenino,9,46.0,0,1,13.4,1,Manufactura
0,13.97,57.5,61,Femenino,13,51.2,0,2,16.5,0,Servicios Personales
1,44.77,67.1,21,Masculino,14,50.7,1,120,15.2,1,Comercio & Retail
0,14.7,63.6,42,Masculino,10,34.2,0,4,12.8,0,Manufactura
0,5.14,15.1,49,Femenino,2,31.8,0,1,38.3,0,Comercio & Retail
0,9.44,33.4,37,Masculino,7,47.4,0,1,27.4,0,Comercio & Retail
0,10.14,23.9,48,Masculino,2,38.9,0,2,42.6,1,Manufactura
0,9.88,46.3,21,Masculino,5,62.7,0,2,34.8,0,Manufactura
0,11.35,59.0,55,Masculino,10,51.4,0,2,13.8,0,Servicios Personales
0,10.8,48.0,64,Masculino,10,53.7,0,1,61.5,0,Manufactura
1,44.98,67.9,18,Masculino,15,43.0,1,45,55.5,1,Tecnología
0,11.75,49.8,20,Masculino,10,22.8,1,1,66.4,0,Manufactura
0,11.64,39.4,54,Femenino,7,49.5,0,2,21.0,0,Servicios Personales
0,19.9,99.6,39,Femenino,15,55.8,0,2,33.9,0,Servicios Personales
1,47.22,83.9,34,Masculino,17,42.7,1,45,7.3,1,Logística
1,53.56,84.9,31,Masculino,13,42.7,1,45,10.8,1,Servicios Personales
0,13.46,63.2,58,Femenino,10,21.6,0,2,51.8,1,Comercio & Retail
0,8.19,25.7,52,Masculino,9,53.3,0,1,49.3,1,Tecnología
0,11.27,29.9,30,Femenino,5,56.5,0,1,39.2,1,Tecnología
0,10.69,42.3,52,Masculino,7,50.3,0,2,45.0,0,Comercio & Retail
0,9.95,48.6,60,Femenino,8,41.2,0,2,33.4,1,Servicios Personales
0,11.54,35.6,19,Femenino,5,45.7,0,2,51.4,1,Comercio & Retail
0,11.34,33.7,64,Masculino,9,30.9,0,2,15.4,0,Tecnología
0,10.79,33.4,30,Femenino,9,54.0,0,1,83.8,1,Comercio & Retail
1,52.64,74.5,33,Femenino,15,39.0,1,12,16.9,1,Servicios Personales
0,8.97,26.9,35,Masculino,4,44.3,0,1,38.9,1,Comercio & Retail
0,13.77,71.7,24,Masculino,11,43.8,0,2,37.4,0,Comercio & Retail
0,11.98,35.0,62,Masculino,5,37.7,0,1,33.6,0,Logística
0,9.16,34.7,53,Masculino,3,39.6,0,2,28.9,1,Manufactura
0,10.2,53.5,58,Femenino,8,45.9,0,2,20.7,0,Servicios Personales
0,13.77,54.3,47,Masculino,10,64.5,0,1,12.1,1,Tecnología
1,57.28,86.0,59,Masculino,15,44.2,1,45,10.5,0,Manufactura
0,12.68,46.3,58,Masculino,9,40.5,0,1,51.9,1,Manufactura
0,11.66,46.4,24,Masculino,8,54.9,0,4,12.4,0,Comercio & Retail
0,11.96,43.7,32,Masculino,7,38.3,1,2,28.0,0,Servicios Personales
0,9.58,38.5,57,Masculino,8,59.1,0,1,18.6,0,Logística
0,8.36,5.0,36,Femenino,0,59.5,0,1,30.5,0,Agroindustria
0,7.85,30.1,60,Femenino,7,60.5,0,1,9.2,0,Manufactura
0,10.15,56.5,54,Masculino,13,45.0,0,8,4.4,0,Logística
0,7.15,17.6,19,Masculino,1,43.1,0,1,25.1,0,Agroindustria
0,11.52,50.1,59,Masculino,8,57.7,0,1,4.7,1,Comercio & Retail
0,12.17,38.4,30,Masculino,9,74.2,0,2,24.0,1,Agroindustria
1,42.07,67.5,57,Femenino,13,41.1,1,12,27.8,1,Manufactura
0,11.65,52.4,58,Masculino,10,45.9,0,2,42.0,1,Comercio & Retail
1,41.09,72.3,60,Femenino,12,43.4,1,12,16.3,1,Agroindustria
0,8.58,37.9,60,Femenino,7,45.5,0,2,28.7,0,Servicios Personales
0,13.88,42.8,48,Femenino,3,38.9,0,4,47.9,1,Tecnología
0,11.89,54.6,33,Masculino,8,47.4,0,1,27.6,1,Manufactura
0,12.67,47.7,59,Femenino,9,57.7,0,2,28.4,1,Comercio & Retail
1,42.2,65.5,61,Masculino,14,44.5,1,12,22.1,1,Tecnología
0,8.99,43.9,23,Femenino,5,41.0,0,1,29.0,1,Comercio & Retail
1,50.1,83.7,45,Femenino,18,52.5,1,120,23.0,1,Comercio & Retail
1,37.72,59.4,49,Masculino,11,49.5,1,12,10.2,1,Comercio & Retail
0,11.08,37.9,61,Masculino,7,78.3,0,2,59.3,1,Manufactura
0,12.3,37.4,27,Femenino,7,37.3,0,2,30.0,0,Manufactura
0,12.23,38.8,35,Femenino,9,65.2,0,4,24.0,0,Servicios Personales
0,15.05,68.7,21,Masculino,10,57.4,0,2,24.4,1,Servicios Personales
0,11.27,51.0,26,Femenino,10,38.1,0,1,16.1,0,Comercio & Retail
0,12.95,64.3,24,Masculino,12,63.5,0,1,12.0,0,Comercio & Retail
0,12.83,47.9,25,Femenino,7,47.7,0,2,24.1,0,Tecnología
0,13.2,68.6,60,Femenino,10,29.2,0,1,30.6,1,Manufactura
0,11.5,45.4,24,Femenino,9,35.4,0,1,11.5,0,Tecnología
1,41.43,56.0,58,Masculino,16,41.8,1,45,43.9,1,Comercio & Retail
0,7.35,27.9,57,Masculino,3,45.9,0,1,24.5,0,Servicios Personales
1,52.79,92.0,20,Femenino,18,42.4,1,450,27.3,1,Manufactura
0,11.1,37.6,34,Masculino,7,40.7,0,4,18.2,0,Manufactura
0,10.73,44.5,19,Masculino,6,42.6,0,1,11.8,0,Manufactura
0,14.27,51.0,32,Masculino,9,55.9,0,2,17.9,0,Logística
0,11.23,55.5,63,Femenino,11,53.3,0,1,31.3,1,Servicios Personales
0,15.75,64.3,46,Femenino,9,46.9,0,1,10.8,0,Manufactura
0,15.66,59.8,39,Masculino,12,32.1,0,1,18.0,1,Servicios Personales
0,15.26,63.6,21,Femenino,8,70.7,0,1,21.8,1,Manufactura
0,13.45,47.3,23,Femenino,8,35.6,0,1,51.8,0,Logística
0,8.78,30.7,55,Masculino,6,67.6,0,2,18.6,1,Comercio & Retail
0,10.74,55.9,43,Femenino,15,52.5,0,1,32.7,0,Comercio & Retail
1,45.78,70.9,28,Femenino,11,41.6,1,12,17.9,1,Servicios Personales
0,10.81,48.5,43,Femenino,6,49.8,0,1,18.1,0,Manufactura
0,12.24,55.0,34,Masculino,8,64.2,0,1,6.6,0,Manufactura
0,10.45,47.8,41,Femenino,5,60.5,0,2,23.8,1,Agroindustria
0,16.99,100.0,45,Masculino,20,35.7,0,1,16.4,1,Comercio & Retail
0,11.78,37.6,52,Masculino,11,41.4,0,1,47.0,0,Logística
0,5.69,5.3,48,Masculino,2,39.9,0,1,8.9,0,Manufactura
0,10.18,32.2,30,Femenino,5,56.0,0,2,11.0,0,Servicios Personales
0,10.35,44.8,52,Femenino,5,59.9,0,2,18.4,0,Comercio & Retail
1,45.05,61.9,33,Masculino,11,47.9,1,450,42.7,0,Comercio & Retail
0,6.77,33.9,32,Femenino,4,50.0,0,1,51.5,0,Comercio & Retail
0,8.03,30.5,60,Masculino,5,62.7,0,2,27.7,0,Comercio & Retail
0,12.0,42.5,35,Masculino,9,57.3,0,2,21.1,0,Servicios Personales
0,10.66,54.0,64,Masculino,10,59.6,0,1,22.1,1,Comercio & Retail
0,11.28,44.5,54,Femenino,8,39.0,0,2,14.0,1,Tecnología
0,11.01,42.5,58,Masculino,8,61.0,0,4,5.2,1,Tecnología
0,12.28,41.3,44,Femenino,5,43.4,0,1,13.7,0,Comercio & Retail
0,11.43,62.9,52,Femenino,12,62.0,0,1,28.3,0,Servicios Personales
0,9.28,27.4,62,Masculino,2,35.8,0,1,43.3,1,Comercio & Retail
0,11.09,49.9,52,Masculino,9,28.8,0,2,47.7,0,Comercio & Retail
1,54.24,89.9,45,Masculino,17,44.4,1,12,35.4,1,Servicios Personales
0,13.81,40.0,56,Masculino,9,74.4,0,1,27.7,0,Manufactura
0,10.15,20.9,55,Masculino,5,42.1,0,1,15.2,1,Comercio & Retail
0,13.43,51.6,26,Femenino,10,16.2,0,2,45.5,1,Tecnología
0,12.65,58.6,29,Femenino,9,29.0,0,1,38.5,0,Manufactura
1,40.02,55.4,32,Masculino,11,46.1,1,45,13.6,1,Servicios Personales
1,54.24,79.3,38,Femenino,11,47.5,1,45,20.0,1,Servicios Personales
0,13.79,60.8,52,Masculino,14,44.5,0,2,16.3,0,Servicios Personales
0,10.37,45.1,59,Femenino,8,50.3,0,1,9.9,1,Servicios Personales
0,7.32,24.6,50,Femenino,7,37.2,0,1,20.3,0,Servicios Personales
0,12.14,57.8,36,Femenino,7,32.7,0,4,15.6,1,Servicios Personales
0,10.7,45.8,40,Masculino,8,38.5,0,4,7.4,0,Manufactura
0,8.4,35.5,30,Masculino,11,39.7,0,1,32.0,1,Manufactura
0,12.33,31.8,61,Femenino,5,51.3,0,2,67.0,1,Manufactura
0,8.92,13.3,18,Femenino,6,45.7,0,1,18.4,0,Manufactura
1,44.98,67.2,46,Masculino,10,46.6,1,450,5.2,1,Comercio & Retail
0,13.44,65.9,41,Femenino,15,45.8,0,1,56.4,0,Tecnología
0,11.14,43.4,33,Masculino,7,57.4,0,1,45.4,1,Comercio & Retail
0,13.76,51.6,42,Masculino,11,77.0,0,2,2.1,0,Comercio & Retail
0,13.05,49.0,40,Masculino,9,32.2,0,1,29.4,0,Agroindustria
0,16.32,71.0,45,Masculino,12,45.9,0,1,29.5,0,Comercio & Retail
1,36.42,50.9,64,Femenino,10,44.9,1,120,18.1,1,Comercio & Retail
1,44.17,60.6,33,Masculino,10,38.7,1,45,31.5,1,Comercio & Retail
1,46.46,66.9,60,Masculino,20,36.9,1,45,2.9,1,Servicios Personales
0,13.67,86.3,55,Masculino,21,53.9,0,2,31.1,0,Manufactura
0,11.54,51.5,28,Femenino,9,67.6,0,1,9.3,0,Comercio & Retail
0,9.21,35.8,20,Masculino,7,47.2,0,8,4.1,1,Servicios Personales
1,49.46,70.7,32,Masculino,11,39.8,1,450,11.5,1,Logística
0,15.27,71.4,18,Masculino,12,70.3,0,2,42.3,0,Agroindustria
1,50.31,88.6,24,Femenino,15,40.5,1,45,9.7,0,Logística
0,10.08,20.0,18,Femenino,1,61.7,0,8,32.3,0,Comercio & Retail
0,10.46,39.6,49,Masculino,8,58.2,0,1,35.7,0,Servicios Personales
0,15.07,53.1,26,Masculino,8,29.4,0,2,15.4,0,Comercio & Retail
0,9.2,32.5,46,Femenino,7,44.4,1,4,39.8,1,Servicios Personales
0,11.36,28.1,43,Masculino,4,53.8,0,2,8.6,0,Comercio & Retail
0,10.72,55.1,40,Femenino,9,52.5,0,2,13.6,0,Servicios Personales
0,13.22,59.9,62,Femenino,13,29.0,0,2,36.1,1,Tecnología
0,13.28,58.9,60,Femenino,5,60.3,1,1,27.3,1,Servicios Personales
0,10.89,62.2,46,Femenino,10,49.1,0,2,62.5,0,Manufactura
0,11.87,53.8,55,Femenino,12,70.0,0,1,8.6,0,Servicios Personales
1,50.43,88.6,50,Femenino,16,43.4,1,120,32.6,1,Servicios Personales
0,15.25,79.3,24,Femenino,12,45.4,0,1,36.3,1,Manufactura
0,13.55,39.9,29,Masculino,10,22.1,0,2,36.0,0,Servicios Personales
1,52.17,71.8,48,Masculino,11,41.8,0,120,9.9,0,Manufactura
0,13.85,54.4,49,Masculino,13,40.8,0,2,30.3,0,Manufactura
0,12.67,54.9,37,Femenino,10,53.9,1,2,43.7,0,Logística
0,12.85,68.8,34,Femenino,13,57.4,0,2,4.5,0,Manufactura
0,12.06,44.4,53,Masculino,9,65.3,0,2,16.1,0,Comercio & Retail
0,14.42,68.4,20,Masculino,15,50.3,0,1,10.9,0,Agroindustria
0,11.28,38.4,18,Femenino,8,48.0,0,2,20.5,1,Comercio & Retail
0,11.0,37.6,44,Femenino,7,43.3,1,1,24.7,1,Comercio & Retail
0,11.65,37.1,64,Masculino,8,34.6,0,1,24.5,1,Comercio & Retail
0,13.91,50.1,57,Masculino,6,62.2,0,2,22.2,0,Servicios Personales
1,42.82,52.3,50,Femenino,13,42.7,1,45,19.7,0,Agroindustria
0,10.67,49.0,37,Masculino,4,33.7,0,4,14.8,0,Servicios Personales
0,10.32,45.7,31,Masculino,8,35.1,0,2,5.8,0,Comercio & Retail
0,9.13,38.1,53,Masculino,11,45.5,0,1,22.8,1,Agroindustria
0,11.52,62.7,22,Femenino,10,54.2,0,2,20.9,1,Comercio & Retail
0,12.15,51.1,40,Masculino,10,61.2,0,1,28.5,0,Logística
0,9.86,39.1,62,Femenino,9,68.9,0,1,41.0,0,Comercio & Retail
0,13.84,55.6,32,Masculino,11,44.7,0,1,39.0,0,Agroindustria
0,11.66,31.3,23,Masculino,6,37.8,0,1,36.8,1,Servicios Personales
1,43.7,59.9,50,Femenino,8,43.5,1,120,18.3,1,Comercio & Retail
0,12.66,43.2,36,Masculino,9,43.7,0,1,28.2,0,Agroindustria
0,12.0,49.8,30,Femenino,12,51.6,0,2,22.8,1,Tecnología
1,46.08,63.9,46,Femenino,14,42.4,1,120,29.9,1,Logística
0,13.26,41.1,23,Femenino,9,45.8,0,2,38.1,1,Tecnología
1,46.99,77.8,32,Masculino,13,46.7,1,45,3.5,1,Comercio & Retail
0,13.9,57.0,33,Femenino,10,52.9,0,2,11.3,1,Comercio & Retail
0,11.35,40.3,41,Masculino,10,31.7,0,1,72.3,0,Manufactura
0,12.28,56.4,40,Femenino,13,33.9,0,1,43.3,1,Comercio & Retail
0,7.27,26.5,27,Femenino,4,10.0,0,1,12.1,1,Servicios Personales
0,11.53,44.6,58,Femenino,12,21.3,0,1,19.7,0,Comercio & Retail
0,9.83,31.9,58,Masculino,7,55.9,0,2,64.2,0,Comercio & Retail
1,50.35,74.2,34,Femenino,14,38.7,1,12,5.6,0,Comercio & Retail
1,46.51,65.1,61,Femenino,8,39.4,1,120,19.7,0,Manufactura
0,13.49,32.6,62,Femenino,9,45.2,0,2,57.0,0,Comercio & Retail
0,11.96,58.3,47,Femenino,4,31.4,0,2,30.3,0,Logística
1,39.77,62.7,61,Masculino,11,38.0,1,45,21.6,1,Comercio & Retail
0,10.46,35.7,63,Masculino,8,52.9,0,1,14.4,1,Comercio & Retail
1,46.22,62.3,27,Femenino,8,41.3,1,45,21.7,1,Comercio & Retail
0,9.46,59.2,36,Femenino,10,51.7,0,1,10.1,0,Comercio & Retail
0,13.22,39.5,46,Masculino,4,20.0,0,4,13.1,0,Agroindustria
0,11.1,51.3,19,Femenino,7,32.8,0,1,41.6,0,Logística
0,12.03,61.8,53,Masculino,9,55.7,0,4,36.1,0,Comercio & Retail
0,16.44,66.5,36,Femenino,16,62.1,0,1,24.6,0,Servicios Personales
0,14.58,67.1,24,Femenino,11,67.7,0,1,20.0,0,Manufactura
1,48.25,63.5,43,Masculino,12,48.0,1,12,22.8,1,Comercio & Retail
0,11.58,60.8,32,Masculino,10,28.5,0,2,17.6,0,Logística
1,58.76,96.2,64,Femenino,22,43.1,1,120,20.3,1,Comercio & Retail
0,14.55,60.5,55,Femenino,13,27.2,0,4,41.0,1,Manufactura
0,8.45,17.2,20,Femenino,2,51.4,0,2,23.4,1,Logística
1,45.98,66.3,55,Masculino,11,44.1,1,12,39.6,1,Comercio & Retail
0,16.0,70.2,33,Masculino,14,35.9,0,4,51.5,0,Manufactura
0,8.48,25.6,19,Femenino,4,34.9,0,1,67.9,1,Comercio & Retail
0,13.91,51.6,48,Femenino,10,39.5,0,2,35.0,1,Comercio & Retail
1,43.46,59.5,45,Femenino,8,42.5,1,45,39.1,1,Comercio & Retail
0,11.95,47.9,24,Femenino,7,60.3,0,2,22.5,0,Manufactura
1,51.43,79.6,47,Femenino,15,43.4,1,12,51.6,1,Tecnología
0,10.98,45.7,60,Masculino,7,75.5,0,2,22.8,0,Comercio & Retail
0,12.07,57.7,24,Femenino,8,26.2,0,1,45.8,0,Manufactura
0,8.01,32.4,53,Femenino,7,68.9,0,1,17.2,1,Manufactura
0,12.01,47.9,46,Masculino,6,59.4,0,1,41.3,0,Manufactura
0,11.2,47.8,41,Femenino,8,49.5,0,1,44.7,0,Comercio & Retail
0,11.36,37.7,56,Femenino,8,75.9,0,1,11.2,0,Comercio & Retail
0,9.82,34.8,21,Femenino,5,33.0,0,2,74.8,0,Logística
1,39.48,52.3,46,Femenino,10,44.1,0,12,17.0,0,Tecnología
0,8.83,18.4,61,Masculino,0,61.3,0,2,12.5,0,Manufactura
0,12.76,64.0,22,Masculino,10,39.8,0,2,8.5,0,Comercio & Retail
0,14.8,59.7,46,Femenino,14,36.5,0,8,11.6,1,Agroindustria
1,47.93,64.2,47,Femenino,8,51.5,1,12,46.9,1,Comercio & Retail
0,8.62,42.2,46,Femenino,11,37.6,0,2,20.2,0,Agroindustria
0,10.89,43.6,43,Masculino,9,40.8,0,2,8.0,0,Logística
1,61.77,100.0,36,Masculino,19,42.1,1,12,8.4,0,Comercio & Retail
1,47.73,56.2,43,Femenino,14,37.7,1,120,19.9,1,Manufactura
0,9.52,37.1,54,Femenino,7,46.7,1,2,30.4,0,Comercio & Retail
0,15.62,67.2,44,Femenino,15,43.9,0,1,34.0,1,Agroindustria
1,50.44,66.8,47,Masculino,19,39.0,1,120,23.1,1,Manufactura
0,9.46,49.9,47,Masculino,9,47.5,0,1,66.6,0,Comercio & Retail
1,45.86,67.4,20,Masculino,12,39.6,1,12,9.9,1,Comercio & Retail
1,47.57,75.4,60,Femenino,14,42.7,1,12,51.8,1,Comercio & Retail
0,11.56,33.1,24,Masculino,6,37.8,0,1,24.2,0,Servicios Personales
0,8.61,7.2,26,Masculino,3,55.0,0,1,23.1,0,Comercio & Retail
0,14.92,52.0,58,Masculino,11,48.5,0,2,51.1,0,Logística
0,11.16,33.9,59,Femenino,7,34.5,0,2,38.5,1,Comercio & Retail
0,11.74,53.5,30,Masculino,9,49.6,0,1,18.5,0,Agroindustria
1,46.9,65.2,32,Femenino,14,41.1,1,12,3.0,1,Logística
1,47.08,66.9,22,Masculino,12,46.4,1,45,14.1,1,Manufactura
0,10.6,43.5,46,Femenino,12,27.9,0,4,68.0,0,Tecnología
0,12.43,61.1,52,Masculino,10,49.5,0,2,35.4,0,Comercio & Retail
0,12.44,51.8,44,Masculino,8,53.7,0,2,8.2,0,Logística
0,7.43,31.7,44,Femenino,7,47.6,0,4,42.4,1,Agroindustria
1,44.63,75.5,25,Masculino,17,44.8,1,45,29.9,1,Manufactura
1,54.83,87.4,49,Femenino,19,40.4,1,12,15.6,0,Logística
0,13.72,81.5,37,Femenino,14,43.1,0,1,12.4,1,Agroindustria
0,11.68,47.7,27,Femenino,9,32.8,0,2,49.2,0,Tecnología
0,8.62,42.0,30,Femenino,6,59.0,0,1,51.0,0,Servicios Personales
1,56.28,94.6,46,Masculino,20,42.2,1,45,25.4,1,Servicios Personales
0,11.51,71.8,52,Femenino,12,34.9,0,2,26.8,1,Comercio & Retail
0,14.7,64.4,25,Masculino,12,58.6,0,8,11.3,1,Manufactura
0,9.18,34.3,46,Masculino,8,50.3,0,1,46.9,0,Comercio & Retail
1,42.61,64.1,48,Masculino,13,46.3,1,120,36.2,1,Manufactura
0,12.54,60.7,58,Masculino,9,61.3,0,2,17.3,0,Comercio & Retail
0,10.78,42.0,47,Femenino,6,44.9,0,1,33.9,1,Comercio & Retail
0,10.39,38.5,39,Masculino,9,45.3,0,1,18.7,1,Servicios Personales
0,13.75,80.5,38,Femenino,12,37.7,0,2,32.8,1,Comercio & Retail
1,47.77,72.7,29,Masculino,16,42.0,1,45,36.8,1,Agroindustria
0,10.91,40.0,28,Masculino,4,49.4,0,1,12.8,1,Agroindustria
0,11.87,48.9,19,Masculino,5,48.4,0,1,17.0,1,Comercio & Retail
1,44.12,57.4,58,Femenino,8,40.7,0,450,16.7,1,Servicios Personales
0,9.53,30.0,19,Masculino,6,41.0,0,2,33.6,0,Comercio & Retail
1,48.47,65.8,51,Masculino,10,49.6,1,450,48.1,1,Logística
0,13.04,49.3,20,Masculino,8,42.0,1,1,47.7,1,Servicios Personales
0,10.74,41.7,33,Femenino,10,62.1,0,2,10.0,0,Agroindustria
0,15.21,58.1,21,Masculino,11,40.3,0,2,37.4,0,Servicios Personales
0,9.64,25.0,40,Femenino,5,28.5,0,4,27.2,0,Tecnología
0,12.4,54.9,37,Masculino,9,31.4,0,1,21.1,1,Comercio & Retail
0,12.32,50.9,42,Masculino,7,65.8,0,1,14.6,0,Servicios Personales
1,57.53,82.2,47,Femenino,14,43.9,1,12,12.3,1,Servicios Personales
0,12.26,42.2,35,Femenino,7,38.2,0,2,61.1,0,Tecnología
0,10.12,37.8,59,Masculino,8,47.0,0,1,18.8,0,Servicios Personales
0,10.45,30.9,28,Femenino,7,37.1,0,1,35.1,0,Comercio & Retail
0,13.18,61.7,46,Femenino,10,44.7,0,2,34.9,1,Manufactura
0,15.85,60.7,34,Masculino,9,67.5,0,1,48.2,1,Logística
0,16.31,84.4,43,Masculino,16,61.6,0,4,20.6,0,Manufactura
0,13.6,46.4,40,Masculino,10,47.8,0,1,11.6,0,Comercio & Retail
0,15.42,68.6,37,Femenino,15,17.2,0,2,38.1,0,Servicios Personales
1,51.17,73.3,62,Femenino,16,36.0,1,45,16.5,1,Logística
0,11.99,36.0,19,Masculino,9,48.6,0,1,27.6,1,Manufactura
0,13.25,56.0,41,Masculino,9,46.3,0,4,23.2,1,Servicios Personales
0,9.37,45.6,48,Masculino,8,36.4,0,4,30.6,0,Manufactura
0,11.42,49.3,44,Masculino,5,61.4,0,2,15.4,0,Tecnología
0,15.69,81.3,19,Femenino,19,40.6,0,1,27.5,0,Logística
0,11.8,45.5,31,Femenino,8,55.8,0,2,46.1,1,Manufactura
0,10.95,30.5,21,Masculino,7,53.1,0,2,21.3,1,Servicios Personales
0,9.19,35.2,30,Masculino,6,43.7,0,1,46.6,0,Manufactura
1,40.99,54.9,53,Masculino,8,44.4,1,120,30.4,1,Manufactura
0,11.5,51.6,52,Masculino,9,36.8,0,1,31.9,0,Manufactura
1,46.15,65.3,61,Masculino,15,43.7,1,450,23.0,1,Manufactura
0,14.11,68.0,25,Masculino,17,69.6,0,2,9.1,0,Logística
0,6.95,19.6,19,Femenino,2,34.8,0,1,4.2,0,Comercio & Retail
1,53.85,81.1,23,Masculino,16,43.5,1,120,48.8,1,Comercio & Retail
1,56.73,87.2,48,Masculino,16,42.5,1,45,18.0,1,Manufactura
0,10.51,39.5,27,Femenino,8,51.3,0,1,40.6,0,Manufactura
0,14.46,35.3,61,Masculino,7,52.1,0,1,34.7,1,Manufactura
1,49.03,84.2,38,Femenino,12,36.5,1,45,46.7,1,Comercio & Retail
0,10.31,46.8,59,Masculino,8,48.5,0,2,51.9,1,Logística
0,17.54,88.5,27,Femenino,16,41.2,0,1,14.9,0,Manufactura
0,12.07,50.3,40,Masculino,12,70.6,0,1,51.7,1,Tecnología
0,10.87,46.2,20,Masculino,7,46.9,1,1,55.4,0,Manufactura
0,12.59,66.4,49,Masculino,11,25.7,0,2,10.3,0,Manufactura
0,10.63,55.6,37,Masculino,10,52.3,1,1,14.0,0,Logística
0,8.41,9.6,27,Masculino,3,62.5,0,2,7.1,1,Comercio & Retail
0,9.42,29.9,46,Femenino,6,50.1,0,1,2.1,1,Servicios Personales
0,13.27,50.7,58,Femenino,8,39.9,1,2,26.4,0,Comercio & Retail
0,8.8,43.0,63,Masculino,11,40.2,0,1,16.7,0,Tecnología
1,53.75,88.3,51,Masculino,12,44.2,1,45,31.5,1,Comercio & Retail
0,17.28,86.4,54,Femenino,15,61.2,0,2,11.7,1,Comercio & Retail
0,8.46,27.9,37,Femenino,7,58.6,0,4,10.3,1,Servicios Personales
0,10.89,33.6,25,Femenino,4,49.0,0,1,18.7,0,Servicios Personales
0,12.04,43.8,24,Masculino,7,36.4,0,4,12.3,1,Comercio & Retail
0,13.79,53.9,23,Masculino,7,47.2,0,2,38.7,1,Servicios Personales
0,7.53,18.0,28,Femenino,7,49.9,0,1,10.7,0,Manufactura
0,11.19,56.7,61,Masculino,10,42.9,0,2,23.4,0,Comercio & Retail
1,42.06,55.0,35,Femenino,13,47.4,1,450,22.6,1,Agroindustria
0,11.26,51.4,59,Masculino,8,54.2,0,2,6.4,0,Tecnología
1,41.37,52.1,46,Femenino,12,46.5,1,120,14.4,1,Tecnología
1,52.14,84.7,42,Masculino,14,46.0,1,120,3.7,1,Comercio & Retail
0,12.3,58.1,38,Femenino,10,39.5,0,1,6.7,1,Servicios Personales
0,6.89,21.0,63,Femenino,6,36.6,0,1,9.7,0,Comercio & Retail
0,10.39,25.5,20,Masculino,9,48.5,0,1,12.8,0,Servicios Personales
0,15.66,76.0,35,Femenino,14,54.5,0,2,14.3,0,Agroindustria
0,12.57,56.1,41,Masculino,12,42.9,0,1,15.4,1,Comercio & Retail
0,13.8,44.7,64,Masculino,6,44.8,0,2,29.9,1,Comercio & Retail
1,52.48,64.4,55,Femenino,14,47.5,1,120,12.6,1,Comercio & Retail
0,13.63,63.0,27,Masculino,9,27.4,0,2,40.8,0,Comercio & Retail
0,12.1,49.1,44,Femenino,6,41.1,0,1,36.5,1,Comercio & Retail
1,43.13,59.3,29,Masculino,10,39.9,1,45,24.9,1,Logística
0,6.52,22.0,24,Masculino,4,44.9,0,1,46.6,0,Comercio & Retail
1,44.25,57.1,34,Femenino,12,44.4,1,45,4.9,0,Logística
0,11.44,68.4,18,Masculino,14,74.7,0,8,38.5,1,Logística
0,8.65,28.5,43,Femenino,6,42.4,0,2,44.2,1,Comercio & Retail
0,16.01,57.6,32,Masculino,9,56.4,0,1,28.9,1,Comercio & Retail
0,12.89,63.7,50,Femenino,13,71.6,0,1,29.4,0,Logística
0,10.41,33.2,54,Femenino,5,55.9,0,1,21.7,0,Servicios Personales
0,10.52,29.8,64,Masculino,5,47.2,0,2,50.9,0,Agroindustria
0,11.67,50.8,48,Femenino,9,49.8,0,1,13.1,0,Comercio & Retail
0,12.51,52.8,52,Masculino,9,39.8,0,2,26.7,1,Tecnología
0,11.41,49.5,18,Masculino,10,43.1,0,1,40.2,1,Tecnología
0,11.28,52.6,25,Masculino,10,73.6,0,1,54.1,0,Comercio & Retail
0,9.77,30.3,29,Masculino,5,55.1,0,2,15.2,0,Manufactura
0,8.56,26.4,36,Masculino,4,41.1,0,1,13.5,0,Servicios Personales
0,9.18,35.2,42,Femenino,5,72.2,0,1,38.2,0,Comercio & Retail
0,10.1,37.4,49,Masculino,12,45.6,0,2,24.0,0,Comercio & Retail
0,15.0,85.0,29,Masculino,14,62.2,0,1,58.8,1,Agroindustria
1,46.97,62.6,30,Femenino,10,39.9,1,450,18.1,1,Servicios Personales
1,46.68,68.6,45,Femenino,13,40.8,1,450,31.4,1,Servicios Personales
0,13.95,55.4,18,Masculino,8,40.6,0,2,43.8,0,Agroindustria
0,10.04,37.4,23,Masculino,9,55.9,0,1,20.9,1,Logística
1,44.86,53.5,25,Masculino,14,43.2,1,450,62.0,1,Logística
0,12.62,44.1,21,Masculino,12,44.7,0,2,48.3,0,Manufactura
0,11.01,63.3,22,Femenino,11,57.5,0,2,35.0,0,Comercio & Retail
0,14.25,52.4,42,Masculino,9,36.9,0,1,18.7,0,Manufactura
0,14.05,42.6,39,Masculino,6,54.9,0,2,13.5,0,Comercio & Retail
0,15.29,64.4,45,Femenino,10,55.2,0,1,28.4,0,Tecnología
0,10.25,35.3,56,Femenino,11,45.0,0,1,25.0,0,Comercio & Retail
1,47.62,75.0,40,Femenino,18,41.1,1,12,22.3,1,Manufactura
0,11.25,48.5,21,Masculino,10,55.6,0,2,32.3,0,Logística
0,12.32,57.7,21,Femenino,9,59.9,0,4,5.4,0,Logística
0,13.77,60.5,64,Femenino,11,52.6,0,1,53.0,0,Manufactura
1,52.34,100.0,38,Femenino,16,43.8,1,12,7.7,1,Agroindustria
0,14.11,48.1,54,Femenino,11,70.4,0,1,18.9,0,Tecnología
0,12.21,56.2,58,Femenino,9,61.2,0,1,16.5,0,Manufactura
0,13.81,52.5,19,Masculino,7,34.5,0,1,5.7,1,Manufactura
0,13.22,57.6,24,Femenino,7,47.5,0,1,16.4,0,Manufactura
1,45.13,64.9,33,Masculino,13,40.0,1,450,20.0,1,Agroindustria
0,10.89,38.0,34,Masculino,9,44.2,0,1,30.8,1,Logística
1,53.46,93.6,37,Masculino,18,39.4,1,45,27.8,1,Servicios Personales
1,47.37,57.9,40,Masculino,10,35.1,1,450,36.1,1,Servicios Personales
0,12.51,68.8,51,Femenino,12,31.0,0,1,66.8,1,Comercio & Retail
0,11.48,60.5,28,Femenino,8,40.0,0,1,16.2,1,Servicios Personales
0,11.45,40.6,51,Femenino,7,45.4,0,2,8.4,1,Agroindustria
0,13.67,56.6,50,Masculino,13,35.2,0,1,34.6,0,Manufactura
1,56.51,80.7,43,Femenino,15,36.1,1,120,33.2,1,Agroindustria
0,11.83,42.1,19,Masculino,6,40.6,0,1,20.5,0,Servicios Personales
0,10.38,39.8,40,Masculino,7,54.3,1,2,38.2,0,Manufactura
0,9.97,32.9,58,Masculino,7,43.7,0,1,42.2,0,Comercio & Retail
1,48.63,70.4,39,Masculino,13,46.2,1,12,38.2,1,Logística
1,46.36,67.6,51,Masculino,11,42.7,1,45,19.9,1,Manufactura
0,11.62,39.1,32,Femenino,10,51.0,0,2,19.1,0,Comercio & Retail
0,14.26,43.4,27,Masculino,7,58.9,0,2,7.3,1,Manufactura
0,15.89,84.9,32,Femenino,16,54.6,0,4,10.8,0,Tecnología
1,57.68,89.0,59,Masculino,14,42.8,1,450,9.0,1,Comercio & Retail
0,10.0,23.7,46,Masculino,2,48.3,0,1,20.9,0,Manufactura
0,15.15,82.5,40,Femenino,13,54.3,0,1,12.9,1,Logística
0,14.32,59.4,34,Masculino,9,51.3,0,2,9.7,1,Servicios Personales
0,12.01,55.6,26,Femenino,8,59.1,1,2,1.6,1,Agroindustria
0,14.83,58.9,53,Masculino,13,42.1,0,1,29.1,0,Comercio & Retail
0,18.23,83.8,26,Masculino,11,55.0,0,2,3.7,0,Comercio & Retail
0,12.61,55.6,33,Masculino,10,54.6,0,2,39.7,0,Servicios Personales
0,10.16,45.0,53,Femenino,7,42.0,0,1,9.6,1,Tecnología
0,15.52,71.2,50,Femenino,14,54.5,0,2,21.7,1,Servicios Personales
0,11.4,47.4,48,Masculino,5,52.0,0,2,6.9,1,Logística
1,52.73,86.6,23,Masculino,13,40.4,0,45,47.4,1,Comercio & Retail
0,13.22,61.6,27,Femenino,10,44.5,0,1,33.4,1,Logística
0,14.08,51.2,33,Femenino,10,24.8,0,1,13.1,1,Comercio & Retail
1,42.54,64.0,21,Femenino,8,44.1,1,120,23.1,1,Manufactura
0,11.36,46.4,39,Masculino,11,42.9,0,1,33.7,0,Tecnología
0,11.24,28.0,30,Femenino,5,58.2,0,8,29.9,1,Agroindustria
1,44.77,61.1,33,Femenino,15,42.9,1,12,41.9,1,Logística
0,10.47,43.3,46,Masculino,8,40.4,0,1,14.0,0,Comercio & Retail
0,13.57,53.0,23,Femenino,7,48.9,0,1,52.0,0,Tecnología
0,12.69,48.8,43,Masculino,9,51.1,0,2,40.3,0,Logística
0,10.1,51.6,28,Femenino,9,31.1,1,2,3.7,1,Comercio & Retail
1,47.47,78.6,41,Femenino,15,42.5,1,12,44.1,1,Logística
0,9.68,24.7,46,Masculino,3,69.4,0,1,17.8,1,Manufactura
0,9.76,43.8,20,Femenino,10,45.4,0,1,20.2,0,Servicios Personales
0,14.04,62.5,27,Femenino,16,49.7,0,4,8.8,0,Tecnología
0,13.15,68.1,18,Masculino,10,50.4,0,4,19.4,0,Manufactura
0,14.19,52.6,60,Femenino,11,27.4,0,1,30.4,0,Tecnología
0,12.37,48.1,43,Masculino,10,50.2,0,2,37.0,1,Servicios Personales
0,7.87,32.1,29,Femenino,8,51.9,0,2,57.2,0,Comercio & Retail
0,14.06,61.6,31,Masculino,12,52.0,0,1,18.4,0,Comercio & Retail
0,14.06,56.4,42,Masculino,9,56.4,0,2,28.5,0,Servicios Personales
0,12.89,55.4,25,Femenino,11,35.4,1,1,18.3,0,Agroindustria
0,13.18,66.5,60,Femenino,12,30.4,0,4,55.6,1,Comercio & Retail
0,11.9,43.2,21,Masculino,12,51.4,0,1,28.0,0,Tecnología
0,13.88,56.7,45,Femenino,10,60.3,0,2,16.3,0,Servicios Personales
0,14.35,62.9,24,Femenino,13,36.8,0,1,37.4,1,Comercio & Retail
0,12.68,56.6,27,Femenino,14,49.7,0,4,25.1,0,Tecnología
0,13.5,50.8,53,Masculino,13,53.3,0,1,11.5,0,Servicios Personales
1,52.51,62.4,19,Masculino,14,45.0,1,12,44.9,1,Comercio & Retail
0,11.64,62.9,43,Femenino,15,53.3,0,1,23.4,0,Servicios Personales
0,10.19,38.5,31,Masculino,5,37.8,0,1,4.9,1,Comercio & Retail
1,60.55,99.4,33,Masculino,20,36.5,1,12,39.7,1,Tecnología
0,15.81,60.7,60,Femenino,11,48.1,0,1,41.0,0,Tecnología
1,43.79,54.8,59,Masculino,9,51.1,1,120,23.3,1,Manufactura
0,11.27,43.3,34,Masculino,11,50.3,0,1,56.7,0,Manufactura
0,7.73,36.1,63,Masculino,4,62.8,0,1,64.6,0,Manufactura
0,14.62,65.7,39,Femenino,11,37.2,0,2,18.9,1,Servicios Personales
0,10.59,45.7,21,Masculino,7,39.4,1,1,14.1,1,Manufactura
0,13.61,54.0,36,Masculino,10,39.1,0,1,21.5,0,Agroindustria
0,12.86,51.6,19,Masculino,11,42.8,0,2,43.5,0,Tecnología
0,15.15,50.4,56,Masculino,8,31.1,0,2,62.4,0,Comercio & Retail
0,11.58,23.2,26,Femenino,3,55.0,0,2,5.7,0,Tecnología
0,13.13,68.2,36,Masculino,11,56.0,0,1,25.0,1,Servicios Personales
1,38.81,57.8,33,Masculino,10,38.6,1,120,36.7,1,Agroindustria
0,12.53,57.3,42,Femenino,11,48.6,0,4,37.1,0,Comercio & Retail
0,10.55,43.6,35,Femenino,8,61.2,0,8,21.0,1,Logística
0,11.51,45.4,40,Femenino,8,51.9,1,2,18.8,0,Logística
0,9.26,49.5,38,Masculino,9,33.0,0,1,14.4,0,Agroindustria
0,12.08,58.2,28,Masculino,11,42.8,0,1,46.7,0,Comercio & Retail
1,41.17,54.1,56,Masculino,13,38.8,1,45,25.4,1,Servicios Personales
0,6.73,45.4,58,Femenino,7,51.0,0,1,36.3,0,Logística
0,11.86,68.7,21,Masculino,13,62.6,0,1,6.1,0,Comercio & Retail
0,13.88,51.2,42,Masculino,12,38.1,0,2,26.6,1,Servicios Personales
0,15.83,65.3,49,Femenino,12,47.2,0,2,22.3,0,Manufactura
1,51.93,82.9,47,Femenino,17,40.7,1,120,14.8,1,Logística
0,9.99,18.7,62,Femenino,3,31.9,1,4,34.3,1,Comercio & Retail
1,53.42,89.1,43,Masculino,17,43.5,1,120,30.5,1,Comercio & Retail
1,50.35,60.4,53,Masculino,8,41.5,1,120,12.3,1,Manufactura
0,12.07,53.3,51,Masculino,11,25.6,0,1,27.7,0,Logística
0,14.07,56.0,26,Femenino,10,50.7,0,1,3.8,0,Logística
0,11.41,47.5,29,Masculino,5,29.9,0,1,32.2,0,Manufactura
0,11.24,41.1,19,Masculino,12,63.6,0,2,13.7,0,Servicios Personales
1,54.34,85.9,55,Femenino,13,39.3,1,12,49.7,1,Servicios Personales
0,12.79,63.8,22,Femenino,12,45.4,0,1,29.6,0,Agroindustria
0,10.13,38.6,22,Masculino,4,54.2,0,4,27.9,0,Comercio & Retail
0,10.31,18.0,39,Masculino,5,63.2,0,1,25.5,0,Comercio & Retail
0,7.94,29.4,22,Femenino,7,45.4,0,1,39.8,0,Comercio & Retail
0,15.01,65.4,21,Femenino,15,39.4,0,1,0.3,0,Servicios Personales
0,11.57,44.4,26,Masculino,10,42.0,0,2,19.7,0,Manufactura
0,7.45,5.0,46,Masculino,2,38.2,0,1,28.1,1,Comercio & Retail
0,15.28,75.1,39,Masculino,18,54.3,0,2,22.6,0,Servicios Personales
1,46.82,70.7,44,Femenino,16,43.1,1,12,34.5,1,Agroindustria
0,6.17,24.7,27,Femenino,6,38.2,0,8,53.1,0,Agroindustria
0,11.35,61.9,33,Femenino,8,33.3,0,4,9.6,0,Comercio & Retail
0,12.25,57.4,59,Masculino,9,44.7,0,2,25.3,0,Comercio & Retail
0,13.96,55.6,59,Masculino,12,47.1,0,1,17.0,0,Comercio & Retail
0,14.37,64.8,27,Masculino,11,30.1,0,1,3.4,0,Comercio & Retail
0,13.2,46.4,23,Femenino,7,40.1,0,2,9.6,0,Manufactura
1,41.82,57.8,22,Masculino,15,37.6,1,450,45.9,1,Comercio & Retail
1,58.19,87.3,23,Masculino,17,40.0,1,120,47.1,1,Manufactura
1,44.75,50.8,64,Masculino,10,43.3,1,12,25.2,1,Servicios Personales
0,12.91,53.9,42,Masculino,8,59.1,0,1,19.2,0,Logística
1,51.54,68.2,21,Masculino,16,46.3,1,45,22.8,1,Logística
0,9.73,28.4,57,Masculino,2,43.3,0,2,40.7,0,Comercio & Retail
0,11.12,53.5,49,Femenino,7,33.3,0,1,25.4,0,Manufactura
0,15.7,75.0,52,Masculino,14,42.9,1,2,36.2,0,Comercio & Retail
0,12.79,57.1,27,Femenino,15,65.5,0,1,13.7,0,Comercio & Retail
1,48.83,75.6,51,Masculino,9,45.3,1,120,27.9,1,Manufactura
1,59.3,96.9,53,Masculino,19,45.3,1,12,31.9,1,Manufactura
0,8.01,16.6,23,Femenino,1,62.3,0,1,26.0,0,Comercio & Retail
1,47.2,77.2,60,Masculino,14,35.0,1,12,51.1,1,Tecnología
0,14.01,76.1,63,Masculino,10,53.1,0,2,50.6,1,Comercio & Retail
0,8.47,32.9,33,Masculino,8,44.9,0,1,28.1,0,Servicios Personales
1,50.13,77.9,36,Masculino,13,40.7,1,120,18.0,1,Comercio & Retail
0,13.8,49.3,51,Masculino,9,59.7,0,4,9.8,0,Servicios Personales
0,11.53,35.8,42,Masculino,6,33.2,0,2,14.8,0,Comercio & Retail
0,11.35,52.4,48,Femenino,10,44.2,0,1,37.7,0,Servicios Personales
0,10.4,34.1,58,Femenino,10,38.2,0,1,5.8,0,Comercio & Retail
0,15.96,47.8,34,Femenino,7,35.9,0,1,50.3,1,Manufactura
0,8.08,22.7,64,Masculino,8,75.3,0,2,16.7,1,Comercio & Retail
0,11.2,41.8,47,Femenino,8,15.8,0,4,12.9,0,Comercio & Retail
0,10.43,26.0,56,Masculino,4,41.1,0,4,15.7,0,Manufactura
0,8.74,27.2,48,Femenino,4,52.9,0,1,40.7,0,Manufactura
1,41.57,49.4,36,Masculino,14,42.3,1,120,45.8,1,Tecnología
0,14.27,43.9,52,Femenino,5,49.9,0,1,41.9,0,Manufactura
0,10.14,36.6,46,Masculino,10,49.2,0,2,44.5,0,Comercio & Retail
0,9.63,17.7,18,Masculino,3,31.5,0,1,16.4,0,Manufactura
1,53.74,73.5,21,Masculino,16,43.7,1,12,17.4,1,Comercio & Retail
0,15.21,47.9,45,Masculino,9,52.3,0,2,31.9,1,Comercio & Retail
0,17.69,74.8,35,Masculino,14,57.5,0,2,30.5,0,Comercio & Retail
0,16.14,87.2,43,Masculino,18,50.4,0,1,7.6,0,Logística
1,45.08,54.3,57,Masculino,5,46.2,1,12,30.3,1,Manufactura
0,11.37,46.5,36,Femenino,7,72.2,1,2,8.4,0,Manufactura
0,14.63,69.8,23,Masculino,13,42.5,0,8,38.2,1,Manufactura
0,9.97,41.2,18,Masculino,8,51.6,0,2,38.2,1,Logística
1,39.34,62.0,25,Femenino,11,42.5,0,12,8.2,1,Manufactura
0,8.9,50.1,50,Masculino,10,54.0,0,2,24.0,0,Manufactura
0,7.15,14.2,60,Masculino,1,47.1,0,1,19.3,0,Manufactura
1,54.22,100.0,38,Masculino,14,45.8,1,12,32.5,1,Agroindustria
1,45.95,66.4,41,Masculino,9,35.0,1,12,48.1,1,Logística
0,10.29,26.3,42,Femenino,5,52.9,0,2,24.0,0,Comercio & Retail
1,54.37,85.5,64,Femenino,16,50.4,1,45,13.1,1,Manufactura
0,13.52,45.7,60,Femenino,7,53.1,0,1,56.7,1,Comercio & Retail
0,9.63,36.4,36,Femenino,7,61.2,0,1,27.0,0,Servicios Personales
0,10.47,47.8,46,Masculino,3,59.3,0,4,40.9,0,Servicios Personales
0,14.07,61.0,27,Femenino,12,26.0,0,1,16.7,0,Servicios Personales
1,44.21,68.9,29,Masculino,10,44.6,1,45,46.5,1,Logística
0,8.32,20.4,50,Masculino,3,57.2,0,2,30.1,1,Manufactura
0,12.02,70.0,24,Masculino,11,44.5,0,1,13.9,0,Comercio & Retail
0,14.61,80.4,34,Femenino,13,61.8,0,1,45.2,0,Comercio & Retail
0,14.51,53.3,27,Femenino,12,35.0,0,1,27.8,1,Comercio & Retail
0,15.62,71.7,48,Femenino,15,50.5,0,1,5.9,1,Servicios Personales
0,10.68,46.1,23,Femenino,8,40.1,0,1,55.0,1,Comercio & Retail
1,52.18,99.3,34,Masculino,17,43.7,1,120,40.1,1,Manufactura
1,46.33,70.5,54,Masculino,10,43.8,1,12,27.6,1,Agroindustria
0,14.9,63.0,35,Femenino,13,51.7,0,2,13.3,0,Manufactura
1,49.58,71.2,43,Masculino,15,39.3,1,12,55.2,0,Servicios Personales
1,61.02,97.5,33,Femenino,20,41.1,1,120,3.1,1,Logística
0,8.66,23.3,25,Masculino,6,33.0,0,4,24.0,0,Tecnología
0,11.9,55.7,41,Femenino,7,46.7,0,2,26.0,1,Comercio & Retail
0,12.35,50.4,30,Masculino,11,45.7,0,1,39.0,1,Servicios Personales
0,13.97,52.0,46,Femenino,9,51.2,0,2,27.4,1,Servicios Personales
0,13.44,57.0,49,Femenino,7,41.5,0,1,16.2,0,Manufactura
0,11.73,35.5,41,Femenino,4,40.7,0,2,32.4,0,Comercio & Retail
0,12.16,51.0,33,Femenino,10,38.2,0,2,47.4,0,Manufactura
0,12.86,56.8,28,Masculino,13,29.6,0,1,51.1,0,Comercio & Retail
1,42.79,58.5,49,Femenino,11,37.0,1,120,15.2,0,Comercio & Retail
0,10.68,28.1,23,Masculino,4,39.5,1,2,63.0,1,Comercio & Retail
0,14.59,57.2,52,Masculino,4,60.0,0,4,15.8,0,Tecnología
0,11.96,46.9,50,Masculino,10,44.6,1,2,30.7,0,Logística
0,10.37,45.7,35,Masculino,9,34.1,0,8,45.2,1,Manufactura
0,10.83,41.0,54,Femenino,9,24.0,0,2,23.7,0,Logística
0,13.07,48.4,30,Masculino,9,62.4,0,2,26.8,0,Comercio & Retail
0,13.59,52.2,27,Masculino,8,54.7,0,1,35.1,0,Manufactura
1,39.54,49.5,54,Masculino,11,39.2,1,45,8.9,1,Tecnología
0,14.08,74.5,43,Masculino,14,57.8,0,1,69.9,1,Comercio & Retail
0,10.02,26.9,63,Masculino,6,56.7,1,1,41.1,1,Logística
0,12.47,72.3,34,Femenino,12,47.8,0,4,14.6,0,Servicios Personales
0,10.54,50.4,18,Masculino,10,30.1,1,2,15.5,0,Manufactura
0,9.08,23.7,42,Masculino,3,23.4,0,1,54.2,0,Manufactura
1,49.44,61.1,51,Femenino,8,46.3,1,45,49.8,1,Manufactura
0,12.0,50.6,56,Masculino,10,59.0,0,4,30.4,1,Servicios Personales
1,59.91,91.0,27,Femenino,18,40.3,1,120,64.0,1,Comercio & Retail
0,11.99,50.1,37,Femenino,7,41.9,0,2,33.0,0,Tecnología
0,13.41,60.0,24,Masculino,8,48.3,0,2,39.1,0,Comercio & Retail
0,14.69,66.3,33,Masculino,12,42.4,1,1,19.9,0,Tecnología
0,11.53,51.8,54,Masculino,10,48.9,0,1,48.8,0,Servicios Personales
0,11.71,29.8,46,Masculino,5,52.0,0,1,29.9,1,Manufactura
0,8.51,30.1,29,Femenino,3,39.1,0,2,6.1,1,Comercio & Retail
0,7.78,19.4,34,Masculino,3,61.6,0,1,16.2,1,Servicios Personales
0,18.05,72.4,37,Femenino,13,46.8,0,1,14.8,0,Comercio & Retail
0,8.24,41.0,43,Femenino,6,45.3,0,1,9.6,0,Tecnología
1,53.89,79.3,36,Femenino,19,47.4,1,12,54.0,1,Tecnología
0,10.24,34.7,64,Masculino,8,46.1,0,4,22.9,0,Comercio & Retail
1,47.74,67.8,29,Masculino,13,41.4,1,12,36.3,1,Manufactura
0,13.18,36.1,38,Masculino,6,46.0,0,1,50.3,1,Agroindustria
1,48.94,67.2,59,Masculino,11,46.5,1,45,25.5,1,Manufactura
1,46.99,65.8,51,Femenino,15,41.7,1,45,29.2,1,Comercio & Retail
0,13.41,58.3,24,Masculino,9,48.4,0,1,17.8,0,Comercio & Retail
0,11.91,46.6,62,Femenino,6,59.6,0,1,22.8,1,Manufactura
0,9.47,39.2,52,Femenino,9,64.8,0,2,49.5,0,Logística
0,11.08,48.8,32,Masculino,9,62.9,1,1,20.7,0,Manufactura
0,10.52,52.7,18,Masculino,6,59.2,0,1,26.0,0,Tecnología
1,57.62,83.0,43,Masculino,16,43.0,1,12,53.6,1,Comercio & Retail
0,14.69,54.0,52,Masculino,10,53.6,0,4,16.6,0,Tecnología
1,52.47,83.6,42,Masculino,15,42.9,1,12,62.2,1,Servicios Personales
0,14.41,66.1,59,Masculino,14,10.0,1,1,18.2,1,Manufactura
0,16.69,75.7,32,Femenino,16,54.2,0,1,36.0,0,Manufactura
0,9.33,36.7,39,Femenino,5,30.6,0,1,6.2,0,Tecnología
1,47.4,77.2,23,Femenino,12,40.2,0,45,25.4,1,Servicios Personales
0,11.88,37.8,32,Femenino,8,54.2,0,8,37.9,0,Logística
0,14.2,55.7,41,Femenino,9,23.4,0,2,34.7,0,Agroindustria
0,11.38,35.0,38,Masculino,6,42.0,0,8,8.9,0,Agroindustria
1,60.37,100.0,24,Masculino,19,34.7,1,12,26.8,1,Servicios Personales
0,13.17,50.7,46,Masculino,7,53.9,0,2,10.1,1,Manufactura
1,45.15,62.2,49,Femenino,12,44.2,1,12,17.8,1,Comercio & Retail
0,13.29,41.0,49,Femenino,5,52.5,0,1,19.0,1,Comercio & Retail
0,9.08,45.2,22,Femenino,9,62.0,0,2,16.9,0,Comercio & Retail
1,46.29,64.7,21,Masculino,14,44.6,1,12,42.5,1,Logística
1,45.73,84.2,39,Femenino,11,38.5,1,12,36.7,0,Comercio & Retail
0,10.5,35.3,35,Masculino,6,41.2,0,1,13.6,0,Manufactura
0,9.23,44.8,52,Masculino,7,60.7,1,4,39.3,0,Logística
0,11.17,55.1,34,Masculino,11,60.2,1,4,21.0,0,Servicios Personales
0,11.91,42.1,41,Femenino,10,43.2,0,2,16.7,0,Comercio & Retail
0,9.37,24.8,19,Masculino,5,52.8,0,2,50.5,0,Servicios Personales
0,13.93,54.4,30,Masculino,9,43.9,0,4,53.0,0,Servicios Personales
0,10.48,36.9,32,Masculino,9,50.0,0,1,36.9,0,Servicios Personales
1,47.34,55.9,22,Femenino,12,47.1,0,45,11.0,1,Manufactura
0,16.53,77.5,20,Femenino,14,49.3,0,1,27.0,0,Tecnología
1,46.84,69.3,54,Femenino,13,43.7,1,45,15.5,1,Comercio & Retail
1,42.83,54.9,54,Masculino,11,44.6,1,45,33.2,1,Agroindustria
1,44.78,54.6,54,Masculino,11,40.7,1,12,49.6,1,Comercio & Retail
0,9.64,52.7,20,Masculino,12,54.0,0,1,14.0,0,Comercio & Retail
1,57.99,93.3,52,Femenino,14,41.1,1,120,70.1,1,Comercio & Retail
0,15.71,69.2,40,Femenino,16,29.3,0,1,34.9,1,Tecnología
0,12.14,49.1,45,Masculino,6,51.2,0,1,12.9,1,Servicios Personales
0,11.06,24.9,47,Femenino,8,59.3,0,1,23.0,0,Agroindustria
0,17.47,79.8,35,Masculino,14,63.5,0,4,13.1,0,Comercio & Retail
0,10.22,48.8,53,Masculino,6,44.7,0,1,6.1,0,Servicios Personales
0,7.96,25.7,50,Masculino,5,47.4,0,1,26.3,0,Manufactura
0,9.4,40.8,43,Masculino,8,42.0,0,1,39.7,0,Agroindustria
1,46.93,65.7,57,Masculino,10,51.3,1,45,15.5,0,Comercio & Retail
0,7.87,35.6,34,Masculino,8,47.7,0,1,59.4,0,Comercio & Retail
1,47.52,63.4,57,Femenino,11,43.1,1,450,26.6,1,Comercio & Retail
0,11.78,44.2,24,Masculino,9,58.4,0,4,34.7,0,Comercio & Retail
0,15.96,60.0,25,Masculino,9,56.2,0,4,25.0,0,Comercio & Retail
0,12.16,49.6,48,Masculino,4,26.4,0,1,6.0,1,Manufactura
0,10.98,52.9,29,Masculino,12,57.3,0,2,34.3,0,Servicios Personales
1,46.8,68.9,48,Masculino,12,38.5,1,12,33.9,1,Comercio & Retail
0,14.44,60.8,61,Masculino,9,35.7,0,2,19.7,1,Manufactura
0,11.9,39.1,36,Femenino,11,51.1,0,2,33.7,1,Logística
1,51.12,69.0,27,Masculino,11,40.3,1,450,50.7,1,Manufactura
1,49.06,74.5,56,Masculino,14,47.5,1,12,29.2,1,Manufactura
0,12.71,65.4,29,Masculino,11,46.6,0,1,14.7,1,Tecnología
0,8.84,16.7,37,Femenino,5,60.8,0,4,49.6,1,Agroindustria
0,16.65,90.4,54,Masculino,17,59.9,1,2,12.9,0,Comercio & Retail
1,45.95,73.2,58,Femenino,15,41.2,1,45,61.2,1,Comercio & Retail
0,11.9,43.6,24,Masculino,10,51.3,0,2,12.8,1,Comercio & Retail
0,14.08,66.0,31,Femenino,11,49.2,0,1,32.8,0,Logística
1,45.08,67.1,28,Masculino,11,46.1,1,120,43.3,0,Servicios Personales
0,13.03,42.2,24,Femenino,7,43.4,0,1,47.5,1,Servicios Personales
1,49.97,74.6,46,Femenino,14,36.1,0,12,27.5,1,Servicios Personales
0,16.27,69.4,27,Masculino,14,52.7,0,1,22.8,0,Servicios Personales
0,11.38,41.2,46,Femenino,10,62.4,0,4,13.1,0,Comercio & Retail
0,16.58,65.6,26,Femenino,13,12.2,0,1,35.7,1,Comercio & Retail
1,52.41,83.0,53,Femenino,14,35.5,1,120,5.3,1,Manufactura
1,50.53,71.1,27,Masculino,11,49.8,1,45,30.4,1,Comercio & Retail
0,10.95,30.7,36,Masculino,6,36.5,0,1,24.8,0,Comercio & Retail
0,14.8,69.4,48,Femenino,13,52.8,0,4,41.6,0,Manufactura
0,12.94,55.8,34,Masculino,10,39.8,0,4,19.4,0,Manufactura
0,9.43,43.9,26,Femenino,6,40.5,0,2,26.7,1,Servicios Personales
1,49.06,71.5,62,Masculino,14,46.8,1,120,23.8,1,Comercio & Retail
1,46.64,66.2,50,Masculino,11,43.5,1,12,21.5,1,Tecnología
0,11.83,46.9,51,Masculino,9,40.0,0,1,7.1,0,Comercio & Retail
1,55.36,98.0,62,Masculino,18,43.6,1,12,24.6,1,Manufactura
0,8.95,41.7,41,Femenino,8,57.8,0,1,30.8,0,Comercio & Retail
0,10.04,40.9,26,Femenino,6,27.2,0,2,16.8,0,Comercio & Retail
0,14.23,65.7,24,Masculino,11,43.6,0,1,21.5,0,Manufactura
0,13.37,53.2,33,Femenino,9,46.6,0,1,27.3,0,Logística
0,7.51,23.6,36,Femenino,8,45.8,0,1,26.7,0,Manufactura
1,48.78,78.0,56,Femenino,15,41.0,1,120,5.8,1,Servicios Personales
0,11.09,45.9,23,Femenino,6,44.8,1,1,17.2,0,Manufactura
0,12.24,62.0,28,Masculino,11,73.4,0,1,54.5,0,Manufactura
0,14.74,64.4,29,Femenino,10,44.8,0,2,22.7,0,Servicios Personales
0,14.39,66.7,59,Femenino,10,43.5,0,1,9.5,0,Logística
0,12.46,64.1,30,Masculino,14,24.9,0,1,15.9,1,Comercio & Retail
0,14.31,69.9,29,Femenino,18,40.8,0,1,54.6,1,Agroindustria
0,12.49,43.0,38,Masculino,10,53.0,0,2,20.9,0,Logística
0,14.76,67.7,27,Femenino,13,55.6,0,8,74.6,0,Comercio & Retail
0,11.2,61.1,37,Masculino,10,50.9,0,1,20.0,1,Manufactura
0,13.3,53.8,53,Femenino,10,44.1,0,1,49.3,0,Comercio & Retail
1,40.98,49.2,45,Femenino,12,38.8,1,120,29.1,1,Comercio & Retail
1,38.82,62.0,41,Femenino,11,42.1,0,120,6.6,1,Comercio & Retail
0,11.49,43.1,22,Masculino,7,56.8,0,2,47.4,0,Logística
1,48.12,76.6,54,Masculino,15,44.3,1,12,21.4,1,Manufactura
1,43.39,81.1,29,Masculino,12,38.9,1,12,43.7,1,Comercio & Retail
0,15.07,63.2,52,Femenino,10,43.5,0,2,40.1,0,Servicios Personales
0,12.06,45.7,57,Femenino,8,36.0,0,1,71.4,1,Logística
0,15.18,45.7,19,Femenino,11,57.3,0,2,18.1,0,Comercio & Retail
0,14.55,64.4,58,Femenino,9,41.4,1,2,42.6,0,Servicios Personales
0,10.6,41.3,62,Femenino,11,31.8,0,4,60.0,1,Logística
0,10.55,48.2,56,Masculino,9,58.0,0,1,6.3,1,Manufactura
0,11.01,31.0,59,Masculino,7,42.4,0,2,10.0,0,Servicios Personales
1,46.91,74.9,26,Masculino,16,48.2,1,45,27.5,1,Comercio & Retail
0,10.99,38.1,39,Masculino,6,46.2,0,2,43.1,0,Manufactura
0,9.47,29.8,64,Masculino,7,46.7,0,2,39.1,0,Logística
0,10.9,42.5,22,Femenino,13,41.6,0,1,44.4,1,Comercio & Retail
0,9.41,49.3,29,Masculino,11,49.3,0,4,42.2,0,Comercio & Retail
0,13.22,53.5,18,Masculino,13,36.6,0,1,48.3,0,Servicios Personales
1,44.35,53.4,61,Femenino,12,41.0,1,45,20.0,1,Tecnología
0,9.18,40.2,39,Femenino,7,62.0,0,4,26.7,0,Logística
0,17.43,82.2,55,Masculino,13,66.6,0,2,29.1,1,Agroindustria
0,8.45,41.0,36,Masculino,8,75.5,0,8,56.6,0,Manufactura
1,45.52,65.7,33,Femenino,14,42.2,1,12,48.1,1,Manufactura
0,11.33,38.0,48,Masculino,6,43.5,0,2,35.7,0,Manufactura
0,12.07,49.6,20,Femenino,7,46.1,0,8,47.6,0,Comercio & Retail
0,16.11,48.6,40,Femenino,7,38.3,0,1,26.3,0,Manufactura
0,15.05,39.8,59,Femenino,11,54.2,0,2,28.6,0,Servicios Personales
0,9.94,44.6,35,Femenino,10,38.2,0,2,29.7,1,Comercio & Retail
1,48.04,66.1,43,Masculino,10,38.2,1,45,50.7,1,Tecnología
0,12.45,49.8,30,Masculino,10,40.6,0,4,26.8,0,Comercio & Retail
0,12.62,64.6,35,Masculino,10,50.2,0,2,28.3,0,Manufactura
0,13.44,54.2,20,Femenino,8,58.9,0,1,45.6,0,Manufactura
0,11.17,8.6,40,Masculino,4,50.3,0,1,67.6,0,Agroindustria
0,8.48,18.4,20,Femenino,5,57.9,0,2,37.7,0,Comercio & Retail
0,11.6,39.7,42,Femenino,7,53.3,1,1,19.8,1,Comercio & Retail
0,10.62,55.0,44,Masculino,9,46.3,0,1,32.7,0,Comercio & Retail
1,52.85,76.3,61,Femenino,16,37.0,1,450,12.9,1,Manufactura
0,7.43,37.1,44,Femenino,6,46.8,0,4,10.6,0,Comercio & Retail
0,10.32,39.3,56,Femenino,6,56.6,0,4,24.9,0,Comercio & Retail
0,11.03,26.0,42,Femenino,3,35.1,1,2,32.8,0,Manufactura
1,46.07,62.7,41,Masculino,12,42.9,1,12,26.0,1,Servicios Personales
0,10.13,27.3,25,Masculino,9,56.5,0,2,45.9,0,Logística
0,9.53,31.9,26,Masculino,5,49.2,0,1,42.2,1,Manufactura
1,39.88,51.8,63,Masculino,10,38.8,1,45,21.3,1,Manufactura
0,13.55,36.3,54,Masculino,8,47.4,0,8,24.4,1,Manufactura
0,15.84,67.3,47,Masculino,15,34.0,0,2,66.6,1,Manufactura
0,8.86,26.3,36,Femenino,7,50.3,0,1,2.4,0,Manufactura
0,15.38,82.9,33,Masculino,16,54.1,0,2,30.3,0,Comercio & Retail
0,10.6,47.5,41,Femenino,11,65.9,0,1,52.2,0,Servicios Personales
0,14.31,45.8,61,Masculino,8,65.7,0,2,27.1,0,Servicios Personales
0,12.68,46.1,38,Femenino,9,40.8,0,1,36.6,0,Servicios Personales
1,44.71,57.1,53,Masculino,11,39.7,1,120,59.9,1,Agroindustria
0,12.32,60.1,57,Masculino,9,53.2,0,4,40.9,0,Comercio & Retail
0,10.09,31.7,56,Masculino,6,47.6,0,2,37.0,0,Manufactura
0,13.45,62.0,64,Masculino,12,44.2,0,1,22.4,1,Tecnología
0,13.45,77.4,23,Femenino,14,35.5,1,2,39.3,0,Comercio & Retail
1,49.47,72.5,22,Masculino,14,49.8,1,120,55.6,0,Logística
0,9.17,43.1,31,Femenino,9,35.8,0,2,31.7,0,Agroindustria
1,42.23,55.5,62,Femenino,14,37.5,1,450,25.0,1,Comercio & Retail
0,9.94,50.6,59,Femenino,11,10.0,0,1,32.9,0,Tecnología
0,15.1,52.8,21,Femenino,9,50.0,0,1,48.3,1,Agroindustria
0,14.01,46.5,25,Masculino,8,60.0,0,1,63.9,1,Servicios Personales
0,13.64,73.4,41,Masculino,13,63.2,0,1,24.4,0,Tecnología
0,7.37,27.7,28,Masculino,4,31.5,0,4,42.0,0,Manufactura
1,47.91,67.3,34,Femenino,15,43.1,1,45,6.8,1,Manufactura
0,11.06,40.1,38,Femenino,10,57.2,0,4,37.7,1,Comercio & Retail
0,9.79,34.9,43,Femenino,8,62.6,0,4,45.0,0,Comercio & Retail
0,11.04,32.5,60,Femenino,7,47.4,0,1,10.4,0,Servicios Personales
0,11.93,60.1,61,Femenino,8,38.7,0,1,41.8,1,Manufactura
0,12.78,55.2,62,Femenino,13,57.6,0,2,9.8,0,Comercio & Retail
0,10.38,47.3,44,Masculino,11,50.1,0,1,42.6,1,Servicios Personales
0,9.37,39.9,33,Masculino,8,43.3,0,4,54.6,1,Comercio & Retail
1,42.04,57.3,43,Masculino,8,43.3,1,45,13.9,1,Servicios Personales
0,13.79,63.7,50,Femenino,11,45.0,0,4,41.1,0,Servicios Personales
1,52.44,92.4,48,Masculino,20,43.3,1,450,15.9,1,Tecnología
1,46.11,79.2,64,Masculino,20,38.2,0,12,15.6,1,Servicios Personales
1,47.54,69.7,23,Femenino,14,41.5,1,45,36.4,1,Manufactura
0,13.89,50.0,61,Femenino,7,78.2,0,2,32.3,1,Servicios Personales
0,14.6,79.3,25,Femenino,13,39.6,0,1,20.8,0,Servicios Personales
0,8.51,19.6,24,Femenino,7,14.4,0,1,25.7,1,Agroindustria
0,11.46,41.6,51,Femenino,9,45.6,0,2,25.2,0,Agroindustria
1,49.83,74.3,61,Femenino,15,40.9,1,12,38.9,1,Comercio & Retail
0,12.98,61.8,31,Femenino,9,48.5,1,2,15.1,0,Agroindustria
0,10.53,36.1,33,Femenino,9,36.8,0,1,34.9,1,Servicios Personales
0,8.89,34.3,60,Masculino,8,80.0,0,1,27.8,1,Tecnología
0,10.07,36.6,26,Femenino,7,38.9,0,1,11.0,0,Agroindustria
0,11.62,35.2,27,Masculino,9,47.1,0,1,41.1,0,Tecnología
0,11.19,45.6,34,Femenino,13,27.5,0,1,27.3,0,Comercio & Retail
1,49.92,86.4,29,Femenino,13,41.3,1,450,25.2,1,Comercio & Retail
0,13.51,54.7,23,Masculino,11,33.1,0,1,19.6,0,Servicios Personales
0,14.52,62.7,36,Masculino,14,66.6,0,4,15.7,0,Manufactura
0,6.93,13.4,60,Femenino,3,36.0,0,4,30.8,0,Manufactura
0,8.66,52.8,58,Masculino,10,50.2,0,2,40.1,1,Comercio & Retail
0,10.61,35.7,46,Masculino,7,50.8,0,8,48.2,0,Tecnología
1,56.71,93.1,23,Femenino,18,40.6,1,45,20.9,1,Tecnología
0,11.79,38.5,42,Femenino,9,57.4,0,1,24.8,0,Comercio & Retail
1,43.71,65.0,41,Masculino,13,43.3,1,12,20.8,1,Comercio & Retail
0,11.32,68.6,42,Femenino,14,47.5,0,1,11.1,0,Comercio & Retail
0,11.39,54.5,33,Femenino,9,32.0,0,1,16.2,1,Comercio & Retail
0,15.04,67.4,33,Femenino,14,36.6,0,2,29.6,0,Comercio & Retail
1,48.89,74.9,23,Masculino,14,41.2,1,45,43.6,1,Comercio & Retail
0,15.77,68.1,54,Masculino,13,49.9,0,2,38.8,1,Servicios Personales
0,10.86,53.8,38,Masculino,8,36.0,0,2,16.5,0,Manufactura
0,9.12,39.1,21,Masculino,5,32.6,0,1,27.5,1,Logística
0,14.77,83.3,51,Masculino,18,80.0,0,4,40.7,0,Logística
1,49.52,65.8,45,Masculino,9,39.1,1,12,21.1,1,Comercio & Retail
1,47.34,64.1,55,Masculino,14,46.7,1,120,35.7,1,Logística
1,39.78,60.5,58,Masculino,8,42.6,1,45,65.0,1,Manufactura
1,61.4,96.1,45,Femenino,18,41.9,1,120,21.1,1,Tecnología
0,14.14,52.0,34,Masculino,8,40.6,0,1,14.6,0,Tecnología
0,9.97,53.2,31,Masculino,10,55.9,0,2,39.5,0,Logística
0,17.52,83.1,24,Masculino,19,62.9,0,1,48.5,0,Agroindustria
0,9.55,32.1,39,Masculino,4,41.0,0,2,59.5,0,Comercio & Retail
1,50.52,76.0,18,Masculino,15,43.6,1,120,4.6,1,Logística
0,12.6,53.1,46,Masculino,10,55.8,1,2,61.0,0,Logística
0,15.86,71.6,48,Masculino,13,44.9,0,1,30.3,1,Comercio & Retail
0,11.43,59.2,47,Femenino,9,44.0,0,1,26.2,0,Tecnología
0,13.03,69.8,32,Femenino,16,75.3,0,1,5.6,1,Manufactura
0,9.97,35.6,35,Masculino,7,59.0,0,1,17.7,0,Comercio & Retail
0,8.66,41.5,52,Femenino,10,41.4,0,1,33.3,1,Comercio & Retail
0,13.16,73.9,47,Femenino,14,38.2,0,1,13.2,1,Manufactura
0,14.53,57.9,51,Femenino,7,29.9,0,8,23.7,0,Manufactura
0,8.71,41.0,59,Masculino,10,34.6,0,1,71.8,0,Comercio & Retail
0,8.29,30.6,28,Femenino,6,55.4,0,2,44.3,1,Servicios Personales
0,9.57,32.5,44,Masculino,8,52.8,0,4,8.9,0,Tecnología
1,57.7,88.9,41,Masculino,20,41.5,1,12,20.6,1,Manufactura
0,10.21,53.6,52,Masculino,15,51.1,0,4,37.9,1,Servicios Personales
0,14.52,77.9,56,Femenino,13,21.3,0,1,34.6,1,Agroindustria
0,13.92,65.7,25,Masculino,11,59.6,0,1,35.2,1,Manufactura
0,10.69,32.8,35,Masculino,4,67.3,0,1,18.9,1,Manufactura
0,11.66,60.0,30,Femenino,9,57.3,0,8,31.2,0,Logística
0,13.5,79.5,62,Femenino,14,51.4,0,1,22.6,0,Logística
0,9.76,46.3,41,Femenino,8,55.5,0,2,34.5,0,Servicios Personales
0,11.27,45.5,40,Femenino,11,17.7,0,1,50.1,0,Tecnología
0,9.01,31.4,29,Femenino,6,54.3,0,1,39.2,0,Logística
0,10.41,38.1,47,Femenino,6,36.8,0,1,20.0,1,Comercio & Retail
0,15.64,83.2,48,Masculino,19,63.1,0,2,43.6,0,Manufactura
1,55.83,100.0,45,Masculino,18,49.2,1,12,15.6,1,Logística
0,12.41,56.6,39,Masculino,10,58.7,0,1,13.2,0,Servicios Personales
0,11.83,44.0,61,Masculino,7,41.2,1,1,68.9,0,Tecnología
0,13.37,48.5,45,Masculino,6,37.0,0,1,6.8,0,Manufactura
0,14.1,65.8,30,Masculino,12,56.2,1,1,49.9,0,Agroindustria
0,16.38,80.3,42,Femenino,17,41.0,0,1,33.0,0,Comercio & Retail
0,11.32,58.1,61,Femenino,7,37.2,0,1,37.9,0,Logística
1,42.19,63.3,63,Masculino,11,41.7,1,450,27.9,1,Tecnología
0,13.26,54.1,24,Masculino,11,69.8,0,1,36.5,0,Manufactura
1,49.03,80.8,62,Femenino,16,44.0,1,120,14.6,1,Tecnología
0,12.07,53.7,23,Femenino,11,57.7,0,8,29.2,0,Comercio & Retail
0,8.85,26.8,41,Masculino,5,43.6,1,1,39.9,0,Servicios Personales
1,50.83,74.9,36,Femenino,13,40.4,1,12,24.8,1,Manufactura
0,13.74,54.0,36,Femenino,11,62.8,1,1,13.4,1,Comercio & Retail
0,8.19,35.3,53,Masculino,7,52.1,0,2,17.7,0,Tecnología
1,51.2,72.8,26,Masculino,14,43.2,1,120,44.4,0,Comercio & Retail
1,46.55,61.5,53,Masculino,9,43.9,1,45,43.2,1,Tecnología
0,10.2,38.0,55,Masculino,11,57.3,0,1,14.0,0,Manufactura
0,12.02,51.8,57,Masculino,11,42.5,0,1,58.7,1,Logística
0,12.37,28.7,46,Masculino,9,44.3,0,1,21.4,0,Manufactura
0,3.45,9.2,41,Femenino,7,60.6,0,1,14.8,1,Comercio & Retail
0,13.34,63.5,22,Femenino,12,70.2,0,2,47.6,0,Tecnología
0,6.99,21.8,59,Masculino,5,44.4,0,4,26.0,0,Manufactura
1,47.21,78.7,62,Femenino,14,39.6,1,45,60.7,1,Comercio & Retail
0,11.61,31.0,43,Femenino,7,48.6,0,4,17.4,0,Manufactura
0,9.67,44.9,31,Femenino,6,47.2,1,2,9.5,0,Agroindustria
0,16.23,77.9,56,Femenino,15,65.6,0,2,24.3,0,Comercio & Retail
0,11.99,45.6,46,Femenino,10,40.7,0,1,31.3,0,Tecnología
0,9.85,22.0,23,Masculino,3,60.4,1,2,31.5,0,Comercio & Retail
0,12.13,56.7,24,Femenino,10,62.3,0,1,45.5,1,Logística
1,48.51,68.3,54,Femenino,12,39.4,1,120,55.2,1,Comercio & Retail
0,16.29,76.6,35,Masculino,12,42.6,0,1,27.0,0,Comercio & Retail
0,11.41,45.1,40,Masculino,7,53.6,0,2,56.3,0,Servicios Personales
0,11.32,46.5,61,Femenino,8,63.0,0,1,3.5,0,Servicios Personales
1,47.82,59.2,55,Masculino,11,42.2,1,12,28.3,1,Comercio & Retail
1,49.6,68.4,18,Masculino,14,41.1,0,450,14.2,1,Comercio & Retail
0,9.06,30.3,21,Masculino,5,34.7,0,1,39.3,0,Comercio & Retail
0,6.24,25.7,61,Femenino,5,42.8,0,1,14.2,0,Comercio & Retail
0,12.67,78.9,64,Masculino,15,33.4,0,8,9.2,0,Tecnología
0,15.74,66.6,52,Masculino,15,49.2,0,2,37.1,0,Servicios Personales
0,9.76,40.7,40,Masculino,6,53.3,0,1,52.5,0,Agroindustria
0,10.42,50.7,44,Femenino,9,80.0,0,2,8.2,0,Logística
0,17.08,93.4,43,Masculino,18,22.3,0,4,15.4,0,Comercio & Retail
0,14.67,69.4,25,Masculino,13,48.4,0,1,11.8,0,Servicios Personales
0,10.56,47.2,60,Femenino,10,45.7,0,1,22.5,1,Manufactura
1,40.01,59.9,33,Femenino,14,47.8,1,45,30.4,1,Manufactura
0,12.35,57.4,58,Masculino,8,42.5,0,2,60.6,0,Agroindustria
0,10.92,54.8,20,Femenino,11,36.3,0,1,59.2,1,Comercio & Retail
1,49.51,65.0,49,Masculino,9,46.4,1,450,66.6,1,Manufactura
0,12.08,40.8,22,Femenino,13,46.2,0,2,2.9,1,Logística
0,12.22,68.8,37,Femenino,13,34.0,0,4,33.2,0,Comercio & Retail
1,45.06,67.6,31,Masculino,11,45.3,1,45,26.6,1,Comercio & Retail
1,42.28,63.9,49,Femenino,12,45.0,1,12,13.4,1,Agroindustria
0,14.68,73.1,43,Masculino,14,41.7,0,1,12.4,1,Manufactura
0,16.12,68.7,64,Masculino,12,58.4,0,1,44.8,1,Manufactura
1,48.23,67.3,23,Masculino,11,47.2,1,45,26.8,1,Manufactura
0,11.95,69.0,53,Masculino,12,46.4,0,1,34.2,0,Comercio & Retail
1,54.19,87.3,57,Masculino,15,35.5,1,12,6.5,1,Tecnología
0,9.92,34.3,22,Femenino,6,75.8,0,4,33.7,0,Servicios Personales
1,52.49,79.7,30,Masculino,12,45.2,1,45,35.5,1,Servicios Personales
0,5.09,16.7,49,Femenino,3,66.4,0,1,27.3,0,Comercio & Retail
0,13.34,60.6,33,Femenino,9,39.3,1,8,64.6,1,Tecnología
1,56.02,86.9,18,Masculino,17,39.6,1,12,18.5,1,Comercio & Retail
0,15.56,65.4,30,Masculino,7,28.9,0,1,47.8,0,Servicios Personales
0,10.38,34.0,28,Femenino,4,34.6,0,1,68.8,0,Agroindustria
0,12.08,45.9,25,Femenino,6,27.3,1,2,39.1,0,Servicios Personales
0,14.52,50.5,42,Masculino,13,54.8,0,2,47.3,1,Comercio & Retail
0,13.14,63.5,57,Femenino,10,33.1,0,4,37.0,0,Manufactura
0,11.11,41.8,49,Masculino,6,36.0,0,1,1.5,1,Manufactura
0,16.59,82.4,41,Masculino,15,34.0,0,1,18.3,0,Comercio & Retail
0,10.9,53.5,45,Femenino,12,44.1,0,1,13.2,0,Manufactura
0,7.88,34.0,31,Femenino,6,77.4,0,1,52.6,1,Comercio & Retail
1,44.13,52.8,62,Masculino,9,40.5,1,45,22.7,1,Manufactura
1,54.35,86.3,20,Femenino,18,44.3,1,45,21.5,1,Servicios Personales
1,40.79,53.7,53,Femenino,9,41.6,1,120,25.7,1,Manufactura
0,9.55,32.7,44,Femenino,4,31.0,0,4,53.0,0,Logística
0,13.61,58.0,37,Femenino,12,32.7,0,1,30.5,0,Manufactura
1,42.91,56.6,64,Femenino,11,39.3,1,120,35.8,1,Manufactura
1,52.08,67.5,32,Masculino,15,43.1,0,450,23.2,1,Manufactura
1,46.44,78.6,44,Masculino,9,49.1,1,120,11.7,1,Comercio & Retail
1,40.02,66.4,62,Masculino,12,43.0,1,12,48.1,1,Servicios Personales
1,51.5,76.6,58,Masculino,11,43.6,1,45,36.6,1,Tecnología
0,13.28,44.6,45,Femenino,10,58.6,0,2,16.6,0,Logística
1,40.8,58.1,42,Femenino,11,38.2,1,12,21.6,1,Manufactura
1,45.7,58.5,59,Masculino,12,43.8,1,12,23.6,1,Manufactura
0,15.74,67.0,61,Masculino,12,49.7,0,4,48.9,0,Comercio & Retail
0,15.76,69.0,63,Masculino,13,68.7,0,2,42.4,0,Manufactura
0,6.87,7.6,50,Masculino,1,39.6,0,2,39.1,0,Manufactura
0,11.06,35.8,63,Masculino,4,46.5,0,2,3.5,0,Tecnología
0,12.48,61.7,31,Femenino,11,64.1,0,1,37.5,0,Servicios Personales
0,12.02,57.9,25,Masculino,10,48.6,0,2,38.5,0,Servicios Personales
0,12.08,50.5,31,Masculino,6,40.1,0,8,12.5,1,Servicios Personales
1,45.42,60.5,18,Masculino,9,43.9,1,45,15.8,1,Manufactura
0,11.11,59.3,33,Masculino,7,69.2,0,1,14.1,1,Comercio & Retail
0,13.01,66.4,35,Masculino,12,30.4,0,2,20.5,0,Comercio & Retail
0,10.43,52.1,24,Masculino,7,44.9,0,1,11.5,0,Servicios Personales
0,14.11,57.1,32,Masculino,11,58.9,0,1,21.8,0,Comercio & Retail
1,45.09,72.9,41,Masculino,14,42.6,1,12,18.7,1,Servicios Personales
0,12.52,48.8,30,Masculino,7,66.9,0,2,40.3,0,Comercio & Retail
0,5.29,30.1,26,Masculino,5,42.0,0,2,47.4,1,Comercio & Retail
0,9.45,43.6,32,Femenino,7,52.9,0,1,36.3,1,Logística
0,10.11,30.2,52,Masculino,7,65.2,0,2,29.9,1,Comercio & Retail
1,47.95,67.3,41,Masculino,10,39.8,1,12,20.7,1,Manufactura
0,11.83,43.6,50,Masculino,4,29.8,0,8,32.6,0,Manufactura
0,15.03,66.9,33,Femenino,16,63.3,0,1,20.4,0,Servicios Personales
0,12.42,46.6,25,Masculino,5,48.6,0,2,33.9,1,Comercio & Retail
0,12.04,44.7,46,Femenino,5,38.3,0,1,23.6,1,Manufactura
0,12.9,58.2,40,Masculino,10,40.6,0,2,33.8,0,Comercio & Retail
0,11.53,58.2,62,Femenino,10,39.0,0,1,13.9,0,Agroindustria
1,50.01,80.7,48,Masculino,15,35.6,1,120,29.0,1,Servicios Personales
0,11.45,37.9,57,Femenino,9,62.4,0,1,16.6,0,Manufactura
0,15.5,74.0,31,Femenino,9,72.1,0,1,11.3,0,Manufactura
0,11.33,41.3,47,Masculino,12,48.9,0,2,31.6,1,Manufactura
0,11.76,56.4,56,Femenino,14,66.2,0,2,12.6,0,Manufactura
0,12.31,37.6,44,Masculino,3,62.6,1,1,13.5,0,Servicios Personales
1,40.94,64.2,64,Masculino,10,46.6,1,12,5.6,1,Comercio & Retail
1,61.34,100.0,33,Masculino,18,37.9,1,45,3.2,1,Comercio & Retail
0,13.48,48.0,23,Femenino,8,61.9,0,2,44.8,0,Comercio & Retail
0,11.79,49.8,50,Masculino,11,61.5,0,2,15.2,0,Manufactura
0,14.45,71.7,61,Femenino,14,36.7,0,1,34.1,0,Comercio & Retail
1,48.85,71.5,35,Masculino,12,47.0,1,450,23.5,1,Tecnología
0,12.49,32.1,33,Masculino,6,57.1,0,4,42.5,0,Comercio & Retail
0,12.94,44.3,29,Femenino,10,39.9,0,1,1.3,1,Comercio & Retail
0,13.24,35.3,37,Femenino,5,48.0,0,2,31.3,0,Manufactura
0,9.5,31.8,62,Femenino,6,42.1,0,1,16.9,1,Manufactura
1,48.18,69.3,57,Masculino,14,38.3,1,450,39.6,1,Comercio & Retail
0,9.5,60.8,46,Femenino,13,47.6,0,1,36.8,0,Servicios Personales
1,58.15,88.8,47,Masculino,17,43.3,1,45,23.6,1,Servicios Personales
0,14.41,66.5,43,Masculino,14,74.9,0,4,26.9,1,Comercio & Retail
0,11.48,45.8,39,Masculino,9,36.6,0,2,13.4,1,Agroindustria
0,10.18,46.1,50,Masculino,6,40.0,0,2,34.1,0,Manufactura
1,41.84,63.9,56,Femenino,15,44.4,1,45,11.1,1,Logística
1,37.41,53.9,64,Masculino,12,45.1,1,45,27.5,1,Logística
1,45.02,70.4,46,Masculino,13,35.8,1,120,39.3,1,Logística
1,45.57,54.3,39,Masculino,12,40.7,1,12,16.1,1,Manufactura
1,53.85,88.0,62,Femenino,15,37.9,1,12,46.0,1,Comercio & Retail
0,8.12,20.5,30,Femenino,4,34.2,0,1,35.7,0,Logística
0,9.72,33.8,26,Femenino,5,46.1,0,1,7.0,1,Agroindustria
0,10.24,34.3,41,Femenino,7,38.4,0,1,12.6,1,Manufactura
1,45.18,73.6,32,Femenino,11,48.0,1,45,36.9,1,Servicios Personales
0,10.25,36.4,53,Masculino,8,45.3,0,2,15.3,0,Tecnología
1,53.25,90.2,30,Masculino,14,41.8,1,120,58.6,1,Tecnología
0,10.45,55.8,44,Masculino,10,46.0,0,1,25.2,0,Servicios Personales
1,53.18,89.2,61,Masculino,19,33.4,1,120,22.4,1,Tecnología
1,39.6,62.1,54,Femenino,17,40.6,1,120,20.7,1,Comercio & Retail
0,14.67,75.7,24,Masculino,11,55.9,0,1,14.7,0,Logística
0,12.79,40.1,25,Masculino,5,54.5,0,1,24.7,1,Agroindustria
1,38.77,54.8,54,Masculino,13,36.9,1,45,16.5,1,Manufactura
0,11.23,33.8,58,Masculino,6,29.3,0,1,18.3,1,Servicios Personales
0,8.55,22.5,31,Femenino,6,49.4,0,2,31.3,1,Comercio & Retail
0,12.09,43.2,29,Masculino,9,46.2,0,2,33.5,0,Agroindustria
0,13.19,45.9,53,Femenino,8,50.9,0,2,34.4,0,Manufactura
1,54.74,79.4,57,Femenino,12,43.7,1,45,38.4,1,Agroindustria
1,54.42,83.9,34,Femenino,11,41.4,1,12,56.7,1,Comercio & Retail
0,12.09,44.3,57,Masculino,6,56.1,0,1,27.5,1,Tecnología
0,11.3,35.4,46,Femenino,9,58.8,0,2,12.2,0,Comercio & Retail
0,13.05,58.3,44,Masculino,5,45.2,0,8,19.4,1,Agroindustria
0,11.21,45.3,18,Femenino,12,32.0,0,4,10.9,0,Servicios Personales
0,11.69,35.6,51,Masculino,3,62.5,1,1,31.4,1,Servicios Personales
0,11.08,51.7,21,Masculino,9,40.3,0,1,31.6,0,Tecnología
0,12.37,59.3,41,Femenino,8,32.9,0,1,37.7,0,Manufactura
1,44.44,55.4,38,Femenino,12,44.2,1,120,43.7,1,Comercio & Retail
1,46.44,53.3,50,Masculino,7,40.5,1,45,16.9,1,Comercio & Retail
0,12.47,57.5,24,Femenino,7,64.6,1,2,18.9,1,Manufactura
0,16.12,67.1,18,Masculino,12,44.8,0,1,4.2,0,Comercio & Retail
0,8.52,63.1,58,Masculino,12,51.2,1,2,19.5,0,Servicios Personales
0,11.1,49.2,20,Femenino,6,52.5,0,1,11.7,1,Comercio & Retail
1,51.77,76.4,61,Femenino,12,38.5,1,120,28.9,0,Servicios Personales
1,51.3,86.3,32,Femenino,19,43.8,1,120,49.3,1,Agroindustria
0,11.03,40.7,48,Femenino,8,63.1,1,2,29.6,0,Comercio & Retail
0,11.84,28.6,33,Femenino,5,42.0,0,2,26.8,0,Servicios Personales
0,7.34,32.5,27,Femenino,10,41.1,0,2,21.7,0,Tecnología
0,11.94,44.3,46,Femenino,5,64.9,0,2,32.9,1,Manufactura
0,13.46,50.9,23,Femenino,9,31.3,0,2,27.3,0,Servicios Personales
0,12.34,44.2,46,Masculino,8,56.6,0,1,22.5,0,Servicios Personales
0,12.29,62.6,34,Masculino,13,61.0,0,4,22.0,0,Manufactura
0,10.03,31.4,39,Masculino,3,32.9,0,2,8.2,0,Logística
0,9.06,24.4,41,Femenino,4,40.0,0,1,30.0,0,Comercio & Retail
1,51.39,68.0,34,Femenino,11,49.9,1,45,6.4,1,Manufactura
1,39.27,59.2,38,Masculino,12,43.9,1,450,11.1,1,Servicios Personales
0,10.14,11.5,28,Masculino,2,55.1,0,1,27.6,1,Logística
0,15.46,85.0,24,Femenino,16,63.1,0,2,16.4,0,Tecnología
1,47.77,58.3,59,Femenino,13,47.9,1,120,13.6,1,Manufactura
0,9.19,42.3,56,Masculino,7,41.7,0,4,25.2,0,Agroindustria
0,13.54,64.4,22,Masculino,10,66.3,0,2,52.8,1,Logística
0,8.4,27.5,61,Femenino,3,37.0,0,2,38.8,1,Manufactura
1,42.93,68.1,38,Masculino,13,39.3,1,45,27.0,1,Manufactura
0,12.78,38.6,35,Masculino,7,46.6,0,1,21.3,0,Tecnología
0,11.23,52.7,52,Masculino,9,49.5,1,2,33.3,1,Servicios Personales
0,11.51,48.8,37,Masculino,10,68.3,0,1,16.9,1,Comercio & Retail
1,49.77,80.3,32,Femenino,15,42.3,1,45,7.3,1,Logística
0,13.51,59.6,22,Masculino,12,48.2,0,2,73.4,0,Comercio & Retail
0,12.94,49.1,30,Masculino,9,50.5,0,2,15.6,1,Manufactura
0,9.51,36.9,29,Masculino,8,47.5,0,1,14.7,1,Manufactura
0,12.96,64.2,38,Masculino,11,48.9,0,4,34.8,1,Comercio & Retail
0,14.06,49.6,54,Masculino,10,21.1,0,1,42.9,1,Comercio & Retail
0,10.55,40.1,23,Femenino,9,48.3,0,8,62.1,0,Manufactura
0,10.56,49.8,24,Femenino,10,53.2,0,1,51.3,0,Servicios Personales
0,13.72,59.1,43,Masculino,9,46.1,0,2,42.2,1,Servicios Personales
0,9.23,36.8,59,Femenino,4,52.9,0,1,34.2,0,Manufactura
0,9.33,32.6,25,Femenino,10,44.6,0,1,30.6,1,Comercio & Retail
0,11.63,48.1,26,Femenino,10,39.2,0,2,54.8,1,Manufactura
0,14.1,73.4,44,Masculino,11,44.2,0,1,9.1,0,Comercio & Retail
0,13.75,51.6,21,Femenino,6,57.1,0,1,17.4,0,Logística
0,10.93,30.5,38,Masculino,7,40.3,0,2,40.0,0,Logística
1,56.95,88.0,48,Femenino,16,44.5,1,450,36.8,1,Manufactura
0,8.83,28.6,38,Femenino,7,65.7,0,4,44.1,0,Logística
0,11.74,54.6,57,Femenino,12,46.9,1,4,26.6,1,Comercio & Retail
0,10.72,32.3,42,Femenino,7,27.0,1,2,38.5,0,Tecnología
0,10.17,34.4,56,Masculino,3,70.6,0,2,6.8,0,Tecnología
0,14.33,55.3,32,Masculino,10,71.9,0,1,37.8,0,Manufactura
0,14.38,68.1,52,Masculino,12,51.8,0,1,11.1,1,Comercio & Retail
0,10.01,31.4,60,Femenino,9,68.0,0,2,48.2,0,Manufactura
0,9.63,31.8,58,Masculino,2,42.2,0,8,44.5,0,Logística
0,10.87,39.4,54,Femenino,2,53.0,0,2,23.6,1,Servicios Personales
0,14.88,73.4,59,Femenino,14,38.1,1,1,18.8,1,Manufactura
0,15.31,74.9,64,Masculino,10,59.3,0,2,10.0,1,Servicios Personales
1,49.33,71.7,45,Masculino,12,41.9,1,12,24.8,1,Comercio & Retail
1,49.92,77.1,31,Femenino,11,43.6,0,45,19.2,1,Tecnología
0,9.11,36.7,21,Femenino,6,37.0,0,1,56.7,1,Logística
0,14.14,54.2,37,Masculino,9,35.9,0,2,12.2,0,Servicios Personales
0,8.7,24.2,51,Femenino,4,55.2,0,4,8.1,0,Comercio & Retail
0,12.12,56.5,29,Masculino,14,49.7,0,1,23.8,0,Tecnología
0,13.17,50.9,50,Masculino,11,51.6,0,4,47.6,1,Comercio & Retail
1,52.92,69.8,41,Masculino,13,41.7,1,45,40.3,1,Tecnología
1,46.95,62.4,37,Femenino,15,48.4,1,120,12.3,1,Servicios Personales
0,11.1,52.1,22,Masculino,9,55.4,0,1,15.3,0,Manufactura
0,9.36,21.2,55,Femenino,7,49.0,0,1,8.2,1,Manufactura
0,11.02,51.7,47,Femenino,10,37.8,0,1,54.6,1,Comercio & Retail
1,55.62,77.6,41,Masculino,15,45.0,1,45,18.3,1,Tecnología
0,10.82,24.0,60,Femenino,4,53.6,0,1,15.8,0,Tecnología
0,11.62,51.9,57,Femenino,10,64.0,0,1,29.4,0,Servicios Personales
0,12.99,66.8,24,Masculino,13,46.0,0,1,62.4,1,Manufactura
0,12.6,55.1,53,Masculino,11,80.0,0,1,23.4,0,Comercio & Retail
1,54.88,73.9,55,Femenino,14,39.8,1,45,37.4,1,Manufactura
0,8.95,14.1,33,Femenino,4,76.6,1,1,11.3,1,Comercio & Retail
0,11.43,59.1,32,Femenino,14,47.5,0,1,15.0,1,Tecnología
0,9.5,36.7,63,Femenino,8,62.4,0,1,42.6,0,Servicios Personales
0,8.04,20.9,40,Masculino,2,42.9,0,4,3.5,0,Tecnología
0,13.54,69.1,29,Masculino,9,40.6,0,1,21.0,0,Servicios Personales
0,11.46,48.8,46,Masculino,7,51.4,0,4,40.5,0,Comercio & Retail
0,11.21,33.8,61,Femenino,9,55.3,1,1,10.9,0,Tecnología
0,11.82,33.1,32,Femenino,4,47.3,1,1,55.3,0,Comercio & Retail
1,42.28,49.5,46,Femenino,10,46.9,1,450,54.0,1,Comercio & Retail
0,10.51,42.5,62,Femenino,8,54.1,0,1,28.6,1,Tecnología
0,14.99,79.7,60,Femenino,18,74.9,0,1,22.4,1,Comercio & Retail
1,43.14,56.2,38,Femenino,11,47.3,1,120,63.1,1,Agroindustria
0,9.64,41.1,32,Femenino,11,51.6,0,1,31.5,0,Logística
0,10.86,49.8,31,Masculino,9,28.1,0,2,23.4,0,Manufactura
1,54.67,78.2,59,Masculino,15,46.0,1,12,74.5,1,Comercio & Retail
0,14.28,55.0,61,Masculino,12,52.6,1,1,35.3,0,Servicios Personales
1,48.6,73.7,33,Femenino,16,41.1,1,120,29.8,1,Tecnología
0,15.1,59.1,32,Masculino,14,43.6,0,1,57.0,1,Logística
0,11.39,46.9,59,Masculino,9,50.7,0,1,47.5,0,Comercio & Retail
0,12.7,67.9,21,Femenino,13,43.2,0,8,23.2,0,Logística
1,47.7,65.1,44,Masculino,13,38.0,1,45,6.7,1,Manufactura
0,16.04,77.5,40,Masculino,14,48.0,0,1,9.3,0,Comercio & Retail
1,46.98,72.5,46,Masculino,12,39.5,1,12,48.1,1,Manufactura
0,8.54,29.1,58,Femenino,5,57.9,0,1,6.7,1,Servicios Personales
0,13.63,52.7,26,Femenino,10,31.9,0,1,32.4,0,Comercio & Retail
0,10.94,44.0,60,Masculino,10,45.5,0,1,17.2,0,Servicios Personales
1,40.75,50.2,60,Femenino,10,40.6,1,12,64.0,1,Tecnología
1,45.83,71.5,24,Masculino,14,42.0,1,12,13.4,1,Logística
0,14.08,54.5,59,Masculino,8,44.3,0,2,7.9,1,Tecnología
1,38.43,58.0,21,Femenino,11,35.3,1,12,48.9,1,Comercio & Retail
0,13.13,58.1,22,Masculino,10,39.5,0,1,8.6,1,Manufactura
0,13.56,53.6,22,Masculino,13,50.1,0,4,40.9,0,Servicios Personales
1,50.03,85.4,28,Femenino,17,38.7,1,45,74.7,1,Comercio & Retail
0,11.6,54.3,58,Femenino,12,49.9,0,4,26.7,1,Logística
1,50.8,78.7,45,Masculino,12,46.8,1,120,25.8,1,Comercio & Retail
0,13.05,57.1,33,Masculino,6,52.5,0,1,46.5,0,Comercio & Retail
0,13.55,46.4,58,Femenino,4,47.9,0,1,56.9,0,Comercio & Retail
0,11.0,49.8,47,Femenino,11,35.6,0,2,16.2,1,Comercio & Retail
0,12.2,57.6,21,Masculino,9,52.6,0,4,26.2,0,Servicios Personales
0,10.12,38.1,19,Masculino,12,59.2,0,2,13.9,0,Servicios Personales
0,11.11,57.7,63,Femenino,8,39.4,0,1,22.8,0,Tecnología
1,48.77,74.6,20,Masculino,15,41.9,1,45,34.5,0,Tecnología
0,9.36,16.8,38,Femenino,5,72.8,0,1,32.4,0,Comercio & Retail
0,11.45,57.0,23,Femenino,9,61.5,0,4,7.5,1,Comercio & Retail
0,12.29,47.5,60,Masculino,9,55.1,0,1,24.9,0,Comercio & Retail
1,43.0,67.5,35,Femenino,14,33.8,1,120,42.2,0,Manufactura
0,11.75,56.3,61,Masculino,9,40.3,0,1,64.9,0,Servicios Personales
0,12.21,57.0,22,Femenino,8,40.9,0,1,13.2,0,Servicios Personales
0,12.23,57.7,26,Masculino,10,53.2,0,1,1.8,1,Manufactura
0,8.14,20.0,37,Femenino,7,48.5,0,1,26.7,0,Comercio & Retail
0,12.78,57.6,45,Femenino,10,69.5,0,1,49.6,1,Manufactura
0,11.65,44.6,43,Masculino,10,33.8,0,4,26.3,1,Servicios Personales
1,57.05,100.0,35,Masculino,21,35.3,1,12,41.7,1,Comercio & Retail
0,9.46,50.2,36,Masculino,8,31.0,0,1,3.4,0,Manufactura
0,10.79,51.7,20,Masculino,10,66.3,0,2,42.5,1,Servicios Personales
1,46.22,57.5,26,Masculino,11,43.4,1,12,38.0,1,Manufactura
0,12.2,40.4,53,Masculino,11,45.2,0,1,23.4,0,Agroindustria
1,51.73,86.5,48,Masculino,14,35.5,1,45,15.6,0,Agroindustria
1,53.03,85.5,34,Masculino,17,37.0,1,45,20.2,1,Logística
0,8.28,44.8,40,Masculino,7,31.1,0,1,10.0,0,Servicios Personales
0,14.24,65.3,51,Masculino,12,43.9,0,1,30.6,0,Manufactura
0,11.51,32.2,58,Femenino,9,45.9,0,1,11.3,0,Logística
1,41.47,68.0,58,Masculino,11,46.6,1,45,26.5,1,Servicios Personales
1,46.9,66.1,22,Femenino,14,40.4,1,45,16.3,1,Comercio & Retail
1,54.15,79.3,32,Femenino,16,46.0,1,120,10.2,1,Comercio & Retail
0,13.25,60.1,64,Femenino,13,57.5,0,1,30.4,1,Comercio & Retail
0,9.36,45.8,20,Masculino,11,66.5,0,4,17.5,1,Manufactura
1,44.1,64.7,36,Masculino,14,44.9,1,120,29.2,1,Manufactura
0,7.86,40.2,45,Masculino,7,44.1,0,1,16.2,0,Manufactura
0,10.63,41.9,20,Femenino,7,65.7,0,4,6.8,0,Tecnología
1,39.06,53.0,55,Femenino,11,42.9,1,120,11.2,1,Comercio & Retail
0,15.93,69.0,21,Masculino,14,42.4,1,4,20.7,0,Manufactura
0,11.45,47.0,41,Femenino,9,80.0,0,2,9.4,0,Comercio & Retail
0,13.21,36.3,48,Femenino,9,52.5,0,1,17.9,0,Manufactura
0,7.94,21.7,62,Femenino,2,47.1,0,1,51.4,0,Manufactura
1,50.49,89.7,62,Masculino,19,38.0,1,12,14.1,1,Agroindustria
0,12.48,43.1,28,Femenino,9,58.1,0,1,54.3,1,Servicios Personales
0,9.04,23.4,54,Femenino,0,80.0,0,1,7.8,0,Comercio & Retail
0,11.19,58.0,18,Masculino,11,62.6,0,1,7.1,1,Manufactura
1,46.1,66.0,26,Femenino,12,34.7,1,45,15.7,1,Comercio & Retail
0,10.44,41.5,34,Masculino,9,39.4,0,2,37.7,1,Manufactura
0,12.43,35.3,18,Femenino,7,55.2,0,4,52.3,1,Comercio & Retail
1,43.31,63.3,20,Femenino,13,41.2,1,12,25.7,1,Manufactura
1,37.08,54.0,64,Masculino,13,41.5,1,45,2.7,1,Comercio & Retail
0,11.28,43.7,43,Masculino,12,57.4,0,2,35.4,0,Servicios Personales
0,11.81,55.8,48,Masculino,7,48.5,0,1,9.1,0,Manufactura
0,12.91,40.4,43,Masculino,8,58.3,0,1,24.6,0,Logística
0,11.0,48.8,40,Femenino,9,73.6,0,1,14.9,1,Logística
0,10.73,49.1,47,Femenino,8,52.7,0,1,22.7,0,Tecnología
0,11.62,60.1,27,Femenino,12,54.3,0,1,35.7,0,Servicios Personales
0,11.08,35.0,25,Masculino,8,51.2,0,2,27.9,1,Servicios Personales
0,12.18,48.7,61,Masculino,6,45.0,0,4,16.1,0,Comercio & Retail
0,11.78,57.5,42,Masculino,12,54.1,0,4,4.2,0,Comercio & Retail
0,16.46,96.7,39,Femenino,19,61.2,0,1,21.5,1,Tecnología
0,15.86,56.9,32,Masculino,7,43.1,0,4,56.6,0,Comercio & Retail
0,11.5,29.9,58,Masculino,7,42.4,0,2,15.2,0,Logística
0,13.6,63.1,27,Masculino,10,55.8,0,1,29.0,0,Servicios Personales
1,46.26,68.0,37,Masculino,13,42.4,1,120,29.6,1,Comercio & Retail
0,11.88,53.9,58,Masculino,12,78.5,0,4,18.7,1,Logística
0,13.16,59.2,64,Femenino,10,56.6,0,1,27.2,0,Comercio & Retail
0,13.38,48.0,40,Femenino,8,51.8,0,1,42.7,1,Comercio & Retail
0,15.83,80.9,18,Femenino,18,67.0,0,1,16.8,1,Manufactura
1,56.23,90.0,19,Femenino,14,38.7,1,45,22.8,1,Logística
1,50.8,86.8,36,Femenino,17,46.9,1,45,29.4,1,Tecnología
0,13.15,56.1,31,Femenino,13,74.9,0,1,22.9,0,Comercio & Retail
0,13.95,58.3,25,Femenino,10,50.4,0,1,13.3,1,Manufactura
1,42.66,61.2,55,Masculino,12,42.0,1,45,43.2,1,Tecnología
0,13.24,71.7,29,Masculino,17,41.9,0,2,38.3,0,Comercio & Retail
1,51.15,60.7,43,Masculino,12,43.8,1,45,49.8,1,Comercio & Retail
0,8.31,30.9,44,Femenino,3,57.7,0,1,28.0,1,Tecnología
1,54.16,65.7,46,Femenino,15,42.6,1,450,29.6,1,Comercio & Retail
0,14.13,65.0,32,Femenino,16,51.0,0,1,35.6,1,Comercio & Retail
1,47.82,61.2,63,Masculino,15,38.0,1,45,41.7,1,Comercio & Retail
0,8.38,21.8,18,Masculino,5,56.8,0,2,5.5,0,Comercio & Retail
1,45.69,64.3,60,Femenino,11,36.3,1,450,31.3,1,Tecnología
1,45.26,75.1,45,Masculino,14,40.7,1,12,23.9,1,Manufactura
0,12.65,45.8,20,Femenino,10,57.1,0,4,72.7,0,Tecnología
0,12.26,56.8,35,Masculino,11,44.4,0,1,31.8,0,Tecnología
0,11.51,49.9,51,Femenino,12,51.5,0,1,11.5,0,Servicios Personales
0,9.09,36.5,49,Femenino,7,58.6,0,2,31.5,0,Tecnología
1,42.63,56.4,46,Masculino,12,39.2,1,45,23.8,1,Manufactura
0,10.05,42.0,42,Masculino,6,45.8,0,1,22.5,0,Comercio & Retail
1,46.43,66.8,43,Masculino,10,46.2,1,12,51.5,0,Tecnología
0,10.83,36.1,56,Masculino,8,35.6,0,1,46.6,0,Comercio & Retail
1,43.18,58.7,25,Femenino,13,42.4,1,45,11.9,0,Tecnología
0,12.96,69.7,36,Femenino,13,46.3,0,1,44.8,0,Servicios Personales
0,7.65,48.6,64,Masculino,12,52.4,1,1,8.9,1,Comercio & Retail
0,12.89,49.9,59,Masculino,11,56.6,0,1,25.2,1,Comercio & Retail
1,44.97,71.6,39,Masculino,12,48.0,1,45,28.5,1,Servicios Personales
1,58.63,99.2,46,Femenino,18,39.1,1,120,23.0,1,Logística
0,13.91,65.7,50,Masculino,15,47.4,1,1,14.5,0,Comercio & Retail
0,10.14,30.7,55,Femenino,6,28.1,1,1,26.1,0,Manufactura
0,12.1,53.7,62,Masculino,8,45.3,0,1,6.1,0,Logística
0,14.35,60.6,63,Masculino,9,37.7,0,1,17.1,0,Logística
0,9.7,47.9,52,Masculino,9,66.0,0,1,39.0,0,Agroindustria
0,9.39,35.9,60,Femenino,7,53.4,0,1,34.5,1,Servicios Personales
0,12.03,68.0,20,Femenino,12,58.5,0,1,17.0,1,Comercio & Retail
0,11.71,58.2,36,Femenino,10,45.5,0,1,62.5,0,Comercio & Retail
0,11.42,58.2,27,Masculino,11,57.3,0,2,34.5,1,Tecnología
0,12.38,49.0,44,Femenino,4,55.1,0,1,21.1,1,Manufactura
0,6.81,33.1,32,Masculino,4,54.4,0,2,35.7,1,Comercio & Retail
0,10.63,35.2,28,Masculino,8,55.3,0,2,20.9,1,Servicios Personales
1,49.48,66.8,64,Masculino,12,50.7,1,45,3.0,1,Manufactura
1,41.59,55.8,43,Masculino,12,43.2,1,12,25.4,1,Tecnología
1,45.06,68.9,41,Masculino,14,46.2,1,12,25.5,1,Comercio & Retail
0,12.73,50.3,30,Masculino,7,49.0,0,2,50.5,0,Comercio & Retail
0,16.57,75.2,49,Femenino,13,64.7,0,2,8.9,0,Logística
0,11.54,49.1,54,Masculino,16,50.8,0,1,41.0,1,Comercio & Retail
0,15.87,64.9,21,Masculino,14,41.2,1,1,46.3,0,Servicios Personales
0,9.83,29.5,30,Femenino,5,42.4,1,1,51.5,1,Logística
0,15.51,70.6,26,Masculino,14,42.5,0,4,27.3,0,Agroindustria
0,11.06,49.8,51,Masculino,11,59.5,0,2,22.6,0,Manufactura
0,13.67,59.7,54,Masculino,12,40.2,0,1,40.4,0,Servicios Personales
0,16.34,89.8,24,Femenino,19,60.2,0,1,35.7,1,Servicios Personales
0,11.14,41.8,18,Masculino,11,56.0,0,2,20.1,1,Comercio & Retail
0,14.07,60.9,29,Femenino,12,80.0,0,1,20.0,1,Comercio & Retail
1,46.92,64.4,38,Masculino,10,40.4,1,450,6.4,1,Comercio & Retail
0,10.53,38.3,28,Femenino,9,37.1,0,2,35.8,1,Manufactura
1,50.14,60.1,61,Masculino,11,30.8,1,45,23.5,0,Manufactura
0,13.27,47.5,61,Femenino,8,57.3,0,2,48.8,0,Comercio & Retail
0,11.65,40.6,61,Femenino,11,46.8,0,1,16.1,1,Manufactura
0,11.91,47.2,31,Femenino,9,58.1,0,2,24.7,0,Logística
0,10.06,21.9,51,Femenino,2,68.9,0,2,22.2,1,Servicios Personales
1,46.3,59.3,51,Masculino,8,44.4,1,120,11.8,1,Servicios Personales
0,15.09,67.1,42,Masculino,14,32.8,0,1,34.1,0,Tecnología
0,12.41,66.6,21,Femenino,12,73.0,0,1,11.2,0,Manufactura
0,10.29,43.7,43,Femenino,9,33.8,0,4,47.4,0,Servicios Personales
0,12.42,57.8,33,Femenino,10,61.6,0,1,44.7,1,Manufactura
0,14.39,51.6,27,Masculino,7,59.3,0,1,46.0,1,Comercio & Retail
0,11.3,26.3,62,Femenino,7,62.0,0,1,21.6,1,Comercio & Retail
0,13.25,56.2,19,Femenino,10,36.8,0,2,16.1,0,Servicios Personales
1,41.34,56.2,52,Femenino,9,45.7,1,45,24.3,1,Manufactura
0,10.33,41.5,36,Femenino,7,55.4,0,4,6.7,0,Comercio & Retail
0,14.61,57.3,23,Femenino,10,36.9,0,1,13.0,1,Logística
0,11.54,46.4,36,Femenino,6,45.4,0,1,48.8,1,Servicios Personales
1,45.58,65.2,25,Masculino,16,38.2,1,45,32.4,1,Comercio & Retail
0,15.2,70.8,31,Masculino,13,59.6,1,1,28.6,0,Logística
0,13.3,34.8,27,Femenino,2,43.0,0,4,6.0,0,Tecnología
1,41.69,62.6,20,Masculino,13,40.2,1,12,25.4,1,Manufactura
0,11.74,44.6,55,Femenino,9,53.7,0,4,17.3,0,Tecnología
0,9.37,40.6,46,Masculino,8,53.8,0,4,7.0,1,Servicios Personales
1,47.79,69.9,32,Femenino,13,40.2,1,45,12.6,1,Manufactura
0,14.26,65.1,40,Masculino,9,44.8,0,1,58.8,0,Manufactura
0,15.62,71.7,40,Masculino,9,48.2,0,1,12.1,1,Manufactura
0,10.44,50.7,35,Femenino,5,28.5,0,1,30.1,1,Agroindustria
1,41.65,63.5,63,Masculino,13,49.8,1,45,3.4,1,Comercio & Retail
0,12.01,62.4,36,Masculino,14,41.6,0,1,38.8,0,Logística
0,10.63,43.6,45,Masculino,11,41.8,0,2,18.7,1,Logística
0,11.81,43.5,43,Femenino,6,42.9,0,4,39.0,1,Logística
0,14.2,88.4,27,Femenino,11,67.4,0,1,17.3,0,Agroindustria
0,13.22,65.1,64,Masculino,12,32.6,1,1,12.7,0,Comercio & Retail
0,13.55,58.4,21,Femenino,10,29.1,0,1,22.2,0,Tecnología
0,13.75,66.6,19,Masculino,13,30.4,0,1,27.4,0,Comercio & Retail
1,45.12,64.6,20,Femenino,11,43.0,1,45,67.2,1,Comercio & Retail
0,13.78,52.8,24,Masculino,11,47.3,0,2,18.5,0,Comercio & Retail
1,50.21,82.2,33,Femenino,16,44.1,1,120,14.8,1,Servicios Personales
0,9.62,44.0,48,Femenino,8,25.7,0,1,42.6,1,Logística
0,8.75,35.8,27,Masculino,4,46.7,0,2,32.1,0,Manufactura
0,13.47,50.9,36,Femenino,9,37.3,0,1,12.0,0,Comercio & Retail
0,11.57,52.2,45,Femenino,8,66.0,0,2,57.8,0,Comercio & Retail
0,10.72,25.9,34,Femenino,5,44.4,0,2,21.4,0,Tecnología
1,51.64,73.9,45,Femenino,12,39.6,1,12,18.1,1,Servicios Personales
1,48.22,64.7,36,Femenino,10,38.9,1,45,15.6,1,Servicios Personales
0,7.92,24.0,54,Masculino,3,43.4,0,2,41.1,0,Servicios Personales
1,50.39,73.4,40,Femenino,16,43.7,1,45,12.3,1,Manufactura
0,13.54,30.4,37,Femenino,7,36.5,0,1,21.8,0,Manufactura
0,12.16,35.4,30,Femenino,8,44.0,0,1,27.2,1,Tecnología
1,49.88,67.1,30,Femenino,14,42.5,1,450,33.3,1,Manufactura
1,40.84,64.5,60,Masculino,12,49.0,1,12,22.1,1,Manufactura
0,14.63,73.0,28,Femenino,14,44.1,0,2,22.8,1,Manufactura
0,12.3,40.4,32,Masculino,2,72.7,0,2,29.4,0,Comercio & Retail
0,13.07,45.9,34,Femenino,9,68.1,0,1,41.0,0,Servicios Personales
0,13.92,52.9,45,Masculino,11,74.0,0,1,30.8,0,Logística
0,15.91,74.1,36,Femenino,15,48.3,0,1,16.8,0,Servicios Personales
0,10.7,33.8,21,Femenino,7,54.2,0,1,8.1,0,Comercio & Retail
1,45.64,66.3,39,Masculino,9,44.8,1,12,45.4,1,Comercio & Retail
0,16.44,76.9,39,Femenino,11,53.4,0,4,31.4,0,Comercio & Retail
0,14.56,74.9,54,Masculino,13,37.9,0,1,19.6,1,Tecnología
0,13.73,48.3,56,Masculino,6,51.7,0,4,6.8,0,Comercio & Retail
1,48.9,65.4,51,Femenino,13,42.8,1,45,21.7,1,Comercio & Retail
0,12.44,53.7,50,Masculino,8,40.1,0,1,34.2,1,Servicios Personales
0,14.78,71.5,61,Masculino,11,57.2,1,8,28.2,1,Manufactura
0,11.43,47.8,59,Masculino,9,13.7,0,2,52.9,0,Tecnología
1,43.29,73.3,57,Masculino,11,43.7,1,12,49.9,1,Comercio & Retail
1,42.99,58.8,50,Femenino,11,47.4,1,45,22.5,1,Logística
1,44.68,74.0,29,Femenino,15,45.4,1,45,5.1,0,Comercio & Retail
0,10.2,42.2,19,Masculino,9,57.2,0,1,26.0,0,Manufactura
0,13.8,53.2,45,Femenino,9,49.8,0,1,18.6,0,Manufactura
0,17.53,82.2,27,Masculino,14,42.7,0,4,13.0,0,Manufactura
0,12.95,52.4,39,Femenino,15,62.2,0,4,22.4,0,Comercio & Retail
0,11.23,50.4,34,Masculino,8,32.6,1,1,62.7,1,Comercio & Retail
0,15.36,74.3,43,Femenino,13,52.9,0,2,16.5,0,Comercio & Retail
0,9.62,44.2,20,Femenino,7,47.5,0,4,31.7,0,Comercio & Retail
0,10.29,47.3,24,Masculino,13,44.2,0,1,25.7,0,Comercio & Retail
1,45.57,53.4,61,Femenino,13,46.5,1,45,83.9,1,Manufactura
0,12.68,50.2,25,Femenino,9,36.0,0,8,20.5,1,Logística
0,10.68,54.3,37,Femenino,14,38.4,0,8,46.0,0,Manufactura
1,49.34,77.9,29,Masculino,9,43.3,1,45,10.5,1,Tecnología
0,16.41,68.0,52,Masculino,10,69.1,0,2,21.1,0,Logística
0,12.15,48.6,34,Femenino,11,23.0,0,2,64.5,1,Tecnología
0,11.13,47.7,45,Femenino,6,30.8,0,2,59.9,0,Manufactura
0,10.28,41.7,58,Femenino,5,60.9,0,4,40.4,0,Agroindustria
1,42.91,55.4,27,Masculino,11,43.2,1,12,11.5,1,Tecnología
0,12.57,52.8,39,Femenino,7,61.4,0,1,52.8,0,Tecnología
0,7.85,14.1,55,Femenino,5,53.2,0,1,10.5,0,Servicios Personales
0,10.58,63.6,50,Femenino,13,37.4,0,1,27.2,0,Logística
0,17.27,73.8,39,Masculino,16,48.9,0,2,41.4,0,Comercio & Retail
0,18.24,85.0,61,Masculino,13,54.2,0,2,51.3,0,Comercio & Retail
0,9.39,25.4,54,Masculino,5,46.8,0,1,23.0,0,Agroindustria
1,42.45,65.9,30,Femenino,11,45.5,1,120,36.6,1,Comercio & Retail
0,14.32,44.1,44,Masculino,9,60.9,0,1,27.5,1,Servicios Personales
0,11.9,53.6,32,Masculino,7,58.9,0,2,27.3,1,Comercio & Retail
0,11.97,50.7,39,Femenino,10,37.4,0,4,8.9,0,Comercio & Retail
0,11.2,42.9,47,Femenino,10,41.6,0,4,26.0,0,Manufactura
0,10.32,50.7,60,Femenino,9,50.3,0,1,17.7,1,Servicios Personales
0,13.92,79.4,57,Masculino,14,46.0,0,2,11.0,1,Tecnología
0,16.36,80.2,54,Masculino,15,43.4,0,2,48.3,1,Comercio & Retail
0,10.72,36.1,51,Masculino,9,69.4,1,2,35.4,1,Comercio & Retail
0,13.2,35.0,61,Femenino,9,33.3,0,2,1.8,0,Comercio & Retail
0,11.84,44.6,51,Femenino,9,25.5,0,1,28.4,0,Manufactura
0,15.43,53.2,52,Masculino,12,61.1,0,1,33.2,0,Servicios Personales
1,43.01,50.0,59,Femenino,11,41.1,1,45,14.9,1,Manufactura
0,9.56,38.4,36,Masculino,7,36.3,0,8,42.0,0,Agroindustria
1,46.29,60.9,25,Masculino,10,35.5,1,12,47.0,1,Servicios Personales
0,11.1,28.2,56,Femenino,4,71.2,0,2,8.9,1,Comercio & Retail
0,7.85,19.2,50,Femenino,4,59.3,0,2,25.4,1,Logística
0,10.8,29.8,61,Masculino,6,54.0,0,2,33.0,1,Comercio & Retail
0,14.66,55.4,45,Femenino,9,41.0,0,2,42.1,0,Servicios Personales
1,47.57,61.9,54,Masculino,12,45.8,1,45,47.6,1,Comercio & Retail
0,13.39,35.9,42,Femenino,7,41.6,1,1,55.5,1,Comercio & Retail
0,11.13,61.3,53,Masculino,10,78.3,0,1,23.0,0,Manufactura
0,13.44,67.1,34,Masculino,11,55.2,0,1,31.7,0,Comercio & Retail
1,58.04,86.7,41,Masculino,16,41.7,1,45,15.7,1,Manufactura
0,11.32,54.0,38,Femenino,10,37.6,0,4,29.3,1,Comercio & Retail
0,10.62,46.0,19,Masculino,10,71.5,0,1,30.0,0,Servicios Personales
0,11.34,44.7,48,Femenino,8,42.9,0,1,17.1,1,Comercio & Retail
0,17.57,75.9,61,Femenino,17,65.1,0,1,19.1,0,Comercio & Retail
0,9.45,40.7,50,Femenino,13,48.7,0,4,29.9,1,Manufactura
0,8.48,36.6,47,Femenino,6,51.8,0,1,32.9,0,Servicios Personales
0,11.95,57.5,29,Femenino,16,50.1,0,1,12.8,0,Manufactura
0,15.16,59.7,61,Femenino,13,37.4,0,2,18.1,1,Comercio & Retail
0,12.93,53.2,29,Masculino,11,36.6,0,1,27.6,0,Manufactura
1,49.91,82.4,41,Masculino,13,39.0,1,45,23.6,1,Logística
0,13.27,59.1,41,Femenino,14,57.9,0,1,18.9,1,Logística
0,11.1,45.3,28,Masculino,7,61.7,0,2,37.1,1,Manufactura
0,12.78,47.8,30,Femenino,9,46.0,0,1,33.7,0,Manufactura
0,13.25,59.6,44,Femenino,10,40.1,0,2,14.5,0,Agroindustria
0,9.75,28.4,25,Masculino,5,66.4,0,8,39.6,1,Servicios Personales
0,12.08,51.2,27,Femenino,13,48.0,0,1,28.6,1,Tecnología
0,10.83,52.1,25,Masculino,9,22.3,0,2,56.0,1,Agroindustria
0,12.55,51.2,37,Femenino,9,60.0,0,1,23.4,1,Agroindustria
0,10.92,48.9,25,Femenino,8,45.7,0,4,14.7,1,Manufactura
0,12.37,52.0,26,Femenino,10,36.9,0,1,18.0,0,Servicios Personales
0,15.49,55.4,24,Masculino,11,64.3,0,2,20.2,1,Agroindustria
0,14.5,79.0,31,Masculino,14,56.1,0,2,24.4,1,Tecnología
1,53.29,78.1,45,Masculino,14,33.1,1,45,7.5,1,Manufactura
0,9.52,31.0,19,Masculino,6,10.0,1,1,50.7,1,Manufactura
0,12.19,61.5,60,Femenino,12,40.0,0,1,28.2,0,Comercio & Retail
1,44.71,63.0,25,Masculino,15,37.9,1,12,38.9,0,Servicios Personales
0,13.3,56.7,30,Femenino,9,45.4,0,2,51.9,0,Comercio & Retail
0,14.23,55.6,38,Femenino,9,57.3,0,4,32.4,0,Servicios Personales
1,50.04,61.2,64,Masculino,8,39.6,1,120,56.8,1,Manufactura
1,50.27,70.4,45,Femenino,12,42.7,1,45,53.5,1,Servicios Personales
1,44.91,60.8,52,Femenino,11,39.5,1,45,54.5,1,Comercio & Retail
1,57.67,96.8,40,Masculino,14,39.9,1,120,18.0,1,Manufactura
0,12.77,58.5,63,Masculino,10,50.5,0,1,42.6,1,Comercio & Retail
0,14.54,80.6,32,Masculino,15,45.1,0,2,14.8,0,Manufactura
0,11.93,44.9,19,Femenino,12,61.0,0,1,37.4,0,Comercio & Retail
1,52.97,79.1,29,Femenino,14,44.8,1,12,31.0,1,Agroindustria
1,43.62,71.2,53,Masculino,8,45.7,1,12,51.0,1,Comercio & Retail
0,16.12,81.9,20,Masculino,16,59.6,0,1,15.2,0,Servicios Personales
0,12.51,54.8,22,Masculino,8,37.8,0,2,32.1,1,Agroindustria
0,12.19,58.1,20,Masculino,8,45.7,0,1,63.4,1,Logística
0,15.7,69.0,64,Masculino,9,38.2,0,2,38.6,1,Manufactura
0,10.95,53.1,36,Femenino,8,59.8,0,1,24.1,0,Manufactura
1,47.77,67.2,19,Masculino,17,32.9,1,12,6.5,0,Servicios Personales
1,47.11,65.3,61,Masculino,12,44.8,0,12,7.5,1,Agroindustria
1,47.08,70.8,54,Masculino,12,39.2,0,45,42.4,1,Comercio & Retail
0,9.8,34.0,34,Femenino,3,47.2,0,2,17.7,1,Tecnología
1,49.23,73.5,31,Masculino,15,50.8,1,120,27.1,1,Servicios Personales
0,6.5,35.3,45,Masculino,6,70.3,0,2,0.8,1,Logística
0,12.24,51.4,44,Masculino,10,53.7,0,1,6.5,0,Manufactura
0,12.12,41.5,27,Masculino,7,59.0,0,2,18.2,0,Agroindustria
0,12.35,60.3,20,Femenino,11,40.0,0,1,26.9,0,Manufactura
1,55.58,84.4,53,Femenino,16,37.5,1,12,15.3,1,Manufactura
0,11.8,42.8,55,Femenino,6,50.5,0,4,34.1,0,Comercio & Retail
0,9.74,38.7,42,Femenino,7,50.7,0,1,12.1,1,Servicios Personales
0,11.48,47.1,39,Masculino,11,45.3,0,1,13.2,0,Comercio & Retail
0,16.62,82.8,56,Femenino,16,61.0,0,2,20.8,1,Servicios Personales
1,38.48,44.1,64,Masculino,8,33.6,1,120,26.0,1,Servicios Personales
1,42.69,59.1,47,Femenino,7,44.7,1,12,32.5,1,Manufactura
0,14.36,68.1,38,Femenino,11,37.8,0,2,44.2,1,Tecnología
0,13.79,58.4,47,Femenino,10,51.3,0,4,24.3,1,Logística
0,7.45,31.4,45,Masculino,6,45.2,0,1,9.2,0,Manufactura
0,10.27,33.5,48,Femenino,8,42.4,0,2,35.0,0,Logística
0,9.96,27.0,43,Femenino,3,38.0,0,1,54.3,0,Comercio & Retail
0,13.25,56.5,60,Masculino,10,43.1,0,1,37.1,0,Comercio & Retail
0,10.22,17.6,39,Masculino,5,54.1,0,1,41.7,1,Comercio & Retail
0,16.01,95.7,38,Masculino,19,36.4,0,4,37.5,0,Agroindustria
0,13.31,63.5,18,Femenino,12,79.1,0,1,53.9,0,Manufactura
0,12.53,32.3,54,Femenino,11,42.3,0,1,48.5,0,Comercio & Retail
1,39.87,54.4,30,Masculino,12,44.4,1,45,28.3,1,Comercio & Retail
0,9.48,39.1,38,Masculino,8,55.4,0,1,6.3,0,Tecnología
0,10.13,38.8,63,Masculino,9,57.1,0,1,33.3,0,Comercio & Retail
0,12.92,66.9,26,Femenino,12,38.7,0,1,15.2,1,Comercio & Retail
0,11.26,56.9,34,Femenino,6,69.4,0,1,30.9,0,Comercio & Retail
1,43.8,71.6,64,Femenino,13,45.0,1,120,39.6,1,Servicios Personales
1,52.96,93.3,38,Masculino,18,37.0,1,45,11.9,1,Servicios Personales
0,7.48,23.2,48,Femenino,4,53.8,0,1,12.0,0,Servicios Personales
0,15.72,68.1,56,Masculino,12,69.3,0,4,27.3,0,Servicios Personales
0,10.87,41.2,39,Femenino,7,30.0,0,1,39.3,1,Agroindustria
1,50.52,67.0,29,Masculino,13,49.3,1,12,15.8,1,Comercio & Retail
0,13.16,53.0,23,Femenino,11,53.1,0,2,30.8,1,Agroindustria
0,14.02,67.2,33,Masculino,17,49.0,0,2,11.6,1,Comercio & Retail
1,49.81,88.2,43,Femenino,16,41.5,1,12,19.8,1,Servicios Personales
0,9.7,32.6,22,Masculino,4,39.1,0,1,14.9,0,Comercio & Retail
0,12.57,64.7,26,Masculino,13,52.3,0,1,21.6,0,Manufactura
0,14.99,85.3,63,Femenino,13,60.8,0,1,51.0,1,Comercio & Retail
0,10.34,65.0,57,Masculino,15,46.6,0,1,32.3,0,Servicios Personales
0,15.1,69.4,31,Masculino,12,53.3,0,2,22.7,0,Comercio & Retail
0,13.63,83.5,61,Masculino,12,41.8,0,1,40.6,0,Logística
0,10.26,43.2,59,Masculino,6,50.3,1,2,32.5,1,Comercio & Retail
0,12.77,51.4,47,Masculino,12,52.7,0,1,2.7,0,Logística
0,10.96,60.8,43,Femenino,9,55.4,0,1,36.1,0,Agroindustria
0,13.8,61.5,62,Femenino,13,51.1,0,1,34.9,0,Comercio & Retail
0,10.63,48.9,46,Masculino,10,58.0,0,2,62.3,1,Servicios Personales
0,13.26,54.0,36,Femenino,12,40.1,0,1,32.7,1,Comercio & Retail
1,51.88,79.3,64,Femenino,12,43.7,0,12,9.2,1,Manufactura
0,11.73,59.0,25,Masculino,12,49.4,0,2,11.7,1,Servicios Personales
0,12.08,33.8,40,Femenino,7,51.6,0,1,33.1,0,Comercio & Retail
1,57.95,100.0,59,Masculino,19,36.2,1,45,32.4,1,Tecnología
0,10.03,43.1,52,Masculino,11,42.0,0,1,23.7,0,Agroindustria
1,50.25,63.6,48,Masculino,12,38.9,1,12,26.1,1,Comercio & Retail
0,12.32,48.2,52,Femenino,10,31.7,0,2,24.8,0,Manufactura
0,13.63,45.1,49,Femenino,6,49.6,0,1,30.6,0,Comercio & Retail
0,11.02,62.8,22,Femenino,13,52.3,0,2,27.7,0,Logística
0,12.45,44.9,33,Masculino,11,58.7,0,4,14.6,0,Comercio & Retail
0,13.01,68.4,34,Femenino,13,40.8,0,1,22.2,0,Logística
0,10.03,38.4,49,Femenino,7,30.9,0,2,35.5,1,Comercio & Retail
1,43.37,59.4,55,Masculino,9,41.3,1,45,11.9,1,Comercio & Retail
0,14.01,59.7,49,Masculino,11,45.3,0,1,25.6,0,Comercio & Retail
1,49.31,76.4,37,Masculino,10,39.9,1,450,55.2,1,Agroindustria
0,9.95,45.4,19,Masculino,9,38.9,1,4,18.8,1,Servicios Personales
1,51.02,70.7,37,Femenino,11,45.7,1,120,21.8,1,Comercio & Retail
0,15.77,71.5,64,Masculino,15,57.9,0,2,25.6,1,Comercio & Retail
1,50.8,61.8,35,Masculino,12,34.9,1,45,15.5,1,Servicios Personales
1,55.67,78.6,18,Femenino,14,43.7,1,120,64.4,1,Agroindustria
0,10.66,41.6,46,Masculino,9,38.3,0,1,21.2,0,Comercio & Retail
1,46.62,66.9,46,Femenino,10,40.1,1,12,23.1,1,Comercio & Retail
1,50.21,65.9,36,Femenino,11,40.9,1,120,8.9,1,Comercio & Retail
0,12.57,54.9,61,Masculino,8,63.7,0,1,49.1,0,Manufactura
1,50.6,68.4,57,Masculino,11,48.6,1,45,3.0,1,Manufactura
1,53.13,84.8,23,Masculino,16,47.0,1,45,34.0,1,Comercio & Retail
1,47.01,89.8,61,Masculino,17,41.3,1,12,38.3,1,Manufactura
1,57.61,88.2,56,Masculino,15,42.7,1,45,23.2,1,Manufactura
1,44.91,59.1,63,Masculino,11,43.1,1,45,29.9,1,Agroindustria
0,14.25,41.2,25,Femenino,7,47.1,0,1,16.0,0,Tecnología
1,55.65,95.8,41,Masculino,19,42.1,1,45,9.9,1,Servicios Personales
0,12.29,48.0,37,Femenino,8,55.3,0,4,15.8,0,Comercio & Retail
1,49.8,88.4,31,Femenino,16,37.3,1,45,24.5,1,Agroindustria
0,14.98,77.7,22,Femenino,11,62.3,0,1,14.5,0,Manufactura
0,8.73,29.5,58,Masculino,6,29.8,0,2,71.3,1,Servicios Personales
0,10.95,32.0,57,Masculino,4,60.0,0,2,77.5,1,Comercio & Retail
0,17.24,64.4,51,Masculino,15,56.7,0,1,14.7,0,Tecnología
0,12.83,44.9,33,Femenino,8,62.4,0,4,6.4,1,Servicios Personales
0,10.11,33.5,62,Masculino,5,28.9,0,1,39.9,0,Comercio & Retail
0,11.23,47.1,24,Femenino,9,50.4,0,1,38.0,0,Servicios Personales
0,14.22,64.0,33,Femenino,10,43.8,0,1,21.6,0,Servicios Personales
1,44.54,62.6,24,Masculino,11,42.4,1,45,41.0,1,Servicios Personales
1,42.29,53.0,44,Masculino,11,51.1,1,120,15.7,1,Comercio & Retail
0,10.95,52.1,31,Masculino,7,47.9,0,1,30.5,0,Comercio & Retail
0,13.16,53.9,31,Femenino,10,51.9,0,2,46.8,0,Comercio & Retail
1,57.73,77.7,61,Femenino,17,39.2,1,45,19.0,1,Comercio & Retail
0,9.96,28.8,50,Masculino,6,52.8,0,1,45.0,1,Tecnología
0,10.25,48.3,50,Femenino,12,59.8,0,1,50.7,1,Manufactura
0,9.23,34.4,61,Femenino,6,58.4,0,1,30.3,0,Servicios Personales
0,15.04,47.6,37,Femenino,8,61.1,0,1,60.2,0,Comercio & Retail
0,14.38,80.3,64,Masculino,14,45.8,0,2,61.3,1,Logística
0,8.41,5.0,53,Masculino,2,40.0,0,1,36.1,0,Comercio & Retail
1,56.14,100.0,24,Masculino,18,44.4,1,450,24.3,1,Tecnología
0,8.38,27.3,49,Masculino,5,50.7,0,1,66.8,0,Comercio & Retail
0,10.17,19.1,20,Masculino,2,41.2,0,1,25.4,0,Manufactura
1,43.09,51.5,56,Masculino,10,40.6,1,120,21.2,1,Servicios Personales
0,10.91,40.7,46,Masculino,8,66.9,0,2,30.7,0,Tecnología
0,10.36,44.0,41,Masculino,8,57.3,0,2,36.9,0,Servicios Personales
0,15.19,60.6,39,Femenino,12,51.7,0,1,24.3,1,Tecnología
0,9.55,37.5,23,Masculino,6,44.8,0,8,16.1,0,Logística
1,53.79,78.9,41,Femenino,12,41.1,1,12,11.6,1,Manufactura
1,44.09,59.7,57,Femenino,13,48.9,1,12,18.0,1,Manufactura
0,11.44,53.3,40,Masculino,5,63.4,0,1,29.7,1,Logística
0,14.8,76.5,55,Femenino,14,60.6,0,2,40.0,1,Comercio & Retail
0,14.44,51.5,27,Masculino,13,59.2,0,2,19.1,1,Logística
1,46.21,70.7,33,Masculino,16,39.2,0,45,20.4,1,Comercio & Retail
0,11.27,45.5,28,Femenino,10,41.2,0,1,33.1,1,Servicios Personales
0,11.9,42.8,49,Masculino,7,75.0,0,1,50.5,0,Manufactura
0,16.51,88.2,62,Masculino,15,20.9,0,2,12.5,0,Manufactura
0,11.54,63.1,23,Femenino,10,62.9,0,1,8.7,0,Comercio & Retail
1,48.13,72.8,41,Masculino,17,48.4,1,12,4.0,1,Comercio & Retail
0,16.77,79.2,50,Masculino,13,62.8,0,1,8.2,0,Logística
0,12.14,44.6,29,Femenino,10,59.1,0,1,35.7,0,Manufactura
0,8.87,34.1,44,Femenino,7,46.2,0,4,57.8,0,Manufactura
1,46.99,65.5,55,Femenino,10,44.7,1,45,76.4,1,Comercio & Retail
0,16.09,81.3,35,Femenino,14,37.6,0,1,5.7,0,Comercio & Retail
0,12.4,39.2,62,Femenino,4,47.3,0,1,37.6,1,Comercio & Retail
0,10.93,47.2,56,Masculino,8,35.1,0,1,50.8,0,Agroindustria
0,12.41,30.3,30,Femenino,4,55.5,0,1,13.6,1,Servicios Personales
0,7.95,27.3,57,Masculino,6,60.5,0,2,12.4,0,Servicios Personales
0,13.36,46.9,47,Femenino,8,70.6,0,1,46.4,0,Comercio & Retail
0,8.36,44.3,58,Femenino,9,67.0,0,1,52.2,1,Agroindustria
0,14.93,57.2,30,Masculino,11,32.8,0,8,27.0,0,Servicios Personales
1,57.73,89.9,51,Masculino,13,35.2,1,45,18.9,1,Tecnología
1,50.02,78.2,53,Masculino,15,41.9,0,12,24.3,1,Agroindustria
0,13.74,67.9,47,Femenino,16,66.1,0,2,23.4,1,Servicios Personales
1,51.23,87.4,42,Masculino,15,41.2,1,45,26.9,1,Comercio & Retail
1,44.83,64.4,19,Femenino,9,38.5,1,450,40.5,1,Comercio & Retail
0,14.12,73.3,53,Femenino,11,40.2,0,1,46.7,1,Servicios Personales
0,12.55,42.2,35,Femenino,8,49.3,0,4,5.3,0,Comercio & Retail
0,14.82,57.9,22,Masculino,11,55.6,0,1,43.0,0,Manufactura
0,9.03,38.4,36,Femenino,9,56.1,0,4,24.0,0,Comercio & Retail
0,14.58,54.6,59,Masculino,6,43.0,0,1,33.3,0,Logística
1,48.58,80.2,35,Masculino,16,42.0,1,120,18.0,1,Servicios Personales
0,14.7,65.3,49,Masculino,16,64.3,0,4,38.9,1,Agroindustria
0,13.58,59.5,38,Femenino,7,48.6,0,2,26.6,1,Servicios Personales
0,11.99,56.2,27,Femenino,12,48.6,0,2,36.3,0,Comercio & Retail
0,13.08,39.1,54,Femenino,7,32.4,0,1,14.6,1,Agroindustria
0,10.91,44.5,39,Femenino,10,43.3,0,1,52.7,0,Servicios Personales
0,12.49,34.9,30,Masculino,8,60.6,0,4,9.8,0,Comercio & Retail
0,12.4,50.9,34,Masculino,8,50.7,0,1,46.7,0,Tecnología
0,11.64,52.0,26,Masculino,11,10.5,0,2,31.5,0,Tecnología
0,9.0,11.8,41,Masculino,3,34.8,0,2,7.1,1,Manufactura
0,11.27,56.9,61,Masculino,8,62.3,0,1,13.1,0,Servicios Personales
1,52.4,100.0,31,Femenino,22,38.6,1,120,38.9,1,Manufactura
0,13.37,48.9,63,Masculino,4,42.7,0,1,6.3,0,Tecnología
0,10.26,47.3,25,Femenino,9,69.8,0,1,45.7,0,Servicios Personales
1,39.47,59.4,54,Masculino,11,47.4,1,12,25.4,1,Comercio & Retail
0,13.55,53.1,36,Masculino,9,53.3,0,2,32.3,1,Comercio & Retail
0,12.78,44.4,45,Masculino,7,45.1,0,1,41.4,1,Servicios Personales
1,47.55,73.5,63,Femenino,14,45.8,1,12,40.1,1,Tecnología
0,14.04,55.8,58,Masculino,11,35.3,1,1,25.1,0,Comercio & Retail
0,10.74,29.0,47,Masculino,8,42.3,1,4,11.0,0,Comercio & Retail
0,14.06,69.9,24,Masculino,13,57.0,1,1,45.2,0,Logística
0,11.58,52.8,43,Masculino,8,62.9,0,1,43.6,1,Logística
0,10.95,39.6,57,Femenino,7,64.9,0,2,24.8,1,Servicios Personales
1,60.22,87.9,63,Femenino,12,41.5,1,45,41.6,1,Tecnología
0,9.67,30.2,63,Masculino,5,60.2,0,4,11.5,1,Logística
1,52.11,76.7,28,Masculino,17,43.8,1,450,57.9,0,Logística
0,15.53,83.4,31,Masculino,16,50.3,1,4,19.6,0,Servicios Personales
1,44.77,65.4,38,Femenino,12,44.3,1,12,21.2,1,Agroindustria
0,11.74,31.3,25,Femenino,8,41.5,0,8,48.7,0,Manufactura
0,12.72,47.0,20,Femenino,6,46.9,0,1,12.2,0,Comercio & Retail
0,6.81,10.4,45,Masculino,0,29.7,0,8,14.2,0,Comercio & Retail
1,51.62,91.4,46,Femenino,16,36.0,1,45,33.8,1,Logística
0,12.96,43.0,40,Femenino,6,52.6,0,1,28.5,1,Manufactura
0,11.78,56.6,35,Masculino,11,27.0,1,1,11.5,0,Agroindustria
1,52.3,71.7,52,Masculino,11,42.1,1,45,66.0,1,Agroindustria
0,11.6,25.5,30,Femenino,4,41.0,0,1,7.9,0,Agroindustria
0,11.52,33.6,29,Masculino,8,48.5,0,4,19.0,0,Comercio & Retail
0,9.04,25.4,64,Masculino,6,34.5,0,8,20.2,0,Servicios Personales
0,14.68,69.4,22,Femenino,13,44.7,0,2,53.1,1,Agroindustria
1,52.95,85.2,56,Masculino,13,40.3,0,120,39.7,1,Comercio & Retail
0,11.55,49.6,28,Masculino,9,45.5,0,2,13.8,1,Manufactura
0,13.34,50.6,28,Femenino,7,14.1,0,2,53.4,0,Agroindustria
0,15.67,62.1,64,Femenino,11,52.0,0,1,25.8,0,Comercio & Retail
0,15.5,66.9,59,Femenino,14,77.9,0,1,31.2,0,Comercio & Retail
0,7.56,14.4,64,Masculino,4,38.6,0,4,29.0,1,Manufactura
1,54.58,88.7,48,Femenino,18,40.2,1,45,6.9,1,Comercio & Retail
0,11.88,59.0,48,Femenino,9,62.5,0,1,45.4,1,Comercio & Retail
1,43.18,59.6,30,Masculino,10,40.9,1,45,16.7,1,Comercio & Retail
0,12.36,75.6,31,Femenino,16,64.8,0,1,42.9,1,Manufactura
1,38.21,49.7,62,Masculino,10,42.0,1,120,27.3,1,Comercio & Retail
0,10.48,48.7,59,Femenino,10,39.8,1,2,16.9,1,Comercio & Retail
0,9.25,36.4,42,Masculino,7,47.4,1,4,20.9,0,Manufactura
0,11.72,47.5,50,Femenino,8,28.0,0,1,18.3,1,Comercio & Retail
0,10.2,41.4,50,Femenino,7,48.5,0,1,10.4,1,Comercio & Retail
0,9.29,32.1,32,Femenino,3,41.6,0,1,25.3,1,Manufactura
0,4.88,13.3,33,Masculino,2,43.7,0,1,36.2,0,Manufactura
0,11.78,50.7,61,Femenino,9,42.9,1,1,20.9,0,Comercio & Retail
0,14.26,34.6,55,Masculino,5,51.0,0,1,4.2,0,Manufactura
1,46.13,57.9,23,Masculino,12,35.7,1,120,45.2,1,Manufactura
0,12.76,54.1,61,Masculino,9,43.8,0,2,38.0,0,Manufactura
0,8.36,22.1,42,Femenino,4,55.4,0,2,7.8,0,Comercio & Retail
1,56.53,90.9,32,Masculino,16,40.5,1,12,6.0,0,Tecnología
0,12.52,51.2,21,Masculino,8,40.9,0,2,28.7,0,Manufactura
0,15.15,68.4,21,Femenino,12,38.5,0,2,16.7,0,Tecnología
1,51.92,78.3,47,Masculino,16,49.7,1,12,2.5,1,Tecnología
0,10.23,51.7,51,Masculino,10,46.5,0,1,3.2,0,Servicios Personales
0,13.34,47.8,44,Masculino,10,42.5,0,4,27.2,0,Manufactura
1,49.69,66.7,48,Femenino,15,38.6,1,450,38.8,1,Logística
0,6.76,35.7,49,Masculino,9,47.8,0,1,8.9,0,Manufactura
1,43.75,71.9,61,Femenino,14,36.3,1,45,13.0,1,Comercio & Retail
1,48.45,62.0,56,Femenino,10,39.1,1,450,13.1,0,Servicios Personales
0,13.29,46.8,26,Femenino,11,51.3,0,1,11.7,0,Servicios Personales
0,14.58,72.2,58,Femenino,11,47.8,0,1,31.6,1,Servicios Personales
0,10.15,35.3,25,Masculino,9,52.6,0,1,19.4,0,Manufactura
0,14.81,55.5,31,Masculino,8,40.8,1,1,31.4,0,Comercio & Retail
0,9.86,38.5,50,Femenino,8,48.5,0,2,17.2,0,Manufactura
0,11.78,45.8,40,Femenino,5,55.8,0,4,51.6,0,Servicios Personales
1,43.07,54.6,38,Femenino,8,43.1,1,45,27.0,1,Manufactura
1,46.57,77.5,29,Masculino,9,37.7,1,45,23.2,1,Manufactura
0,13.09,56.8,19,Masculino,12,58.1,1,1,19.9,0,Servicios Personales
0,10.63,32.6,30,Femenino,10,52.2,0,1,32.3,1,Manufactura
0,13.43,52.1,21,Masculino,14,33.5,0,2,19.1,0,Comercio & Retail
0,14.62,68.9,37,Femenino,14,51.5,0,4,29.1,1,Logística
0,14.44,76.6,31,Masculino,15,65.4,0,4,9.1,1,Agroindustria
0,13.56,43.8,47,Masculino,9,59.0,0,1,37.4,1,Manufactura
0,14.2,50.6,46,Femenino,8,59.9,0,1,77.7,0,Comercio & Retail
0,11.62,43.9,25,Masculino,5,39.5,0,1,28.2,0,Servicios Personales
1,51.47,80.8,29,Femenino,15,52.3,1,45,48.1,1,Servicios Personales
0,12.91,38.6,58,Femenino,6,32.4,0,4,21.7,0,Comercio & Retail
0,10.86,34.5,55,Masculino,7,39.6,0,4,26.7,0,Servicios Personales
0,15.06,67.3,43,Masculino,11,57.5,0,1,45.7,0,Agroindustria
1,45.74,64.8,19,Femenino,9,44.0,1,120,30.8,1,Agroindustria
1,48.0,69.0,57,Masculino,15,36.1,1,45,36.7,1,Agroindustria
0,7.81,31.3,31,Masculino,7,64.4,0,4,43.3,1,Tecnología
0,11.54,66.5,23,Femenino,10,48.1,0,1,37.9,1,Comercio & Retail
0,8.41,30.2,59,Femenino,3,63.3,1,1,48.7,1,Comercio & Retail
1,44.8,78.0,57,Masculino,15,46.0,1,450,27.9,1,Logística
0,12.8,48.2,48,Masculino,4,73.2,0,4,24.5,0,Logística
0,15.7,73.1,34,Femenino,19,52.4,0,1,17.9,0,Servicios Personales
0,11.15,52.9,42,Masculino,10,34.7,0,1,29.0,0,Manufactura
0,14.72,54.8,49,Masculino,9,52.9,0,2,51.0,0,Comercio & Retail
0,18.81,75.1,29,Femenino,10,67.0,0,4,35.0,0,Manufactura
0,8.53,38.5,30,Masculino,6,37.7,0,2,42.2,1,Servicios Personales
0,12.5,58.2,36,Femenino,12,36.8,0,1,14.5,1,Comercio & Retail
0,10.52,49.2,61,Masculino,8,55.5,0,1,9.1,1,Comercio & Retail
0,12.23,58.3,42,Masculino,9,37.4,0,1,8.7,0,Manufactura
1,48.19,86.9,48,Masculino,15,42.5,1,120,26.3,1,Comercio & Retail
0,7.93,41.7,54,Femenino,3,57.7,0,1,22.2,0,Comercio & Retail
0,12.38,31.9,42,Masculino,9,59.2,0,2,28.3,1,Agroindustria
0,12.02,47.3,33,Masculino,10,42.5,0,1,47.8,0,Servicios Personales
1,46.26,67.6,55,Femenino,11,49.5,1,45,23.8,0,Comercio & Retail
0,12.56,49.6,60,Femenino,8,34.2,1,2,7.8,0,Agroindustria
0,7.96,55.4,40,Masculino,9,34.5,0,2,32.2,0,Manufactura
1,47.79,76.7,31,Masculino,17,39.3,1,45,20.6,1,Manufactura
1,38.86,65.4,23,Femenino,12,45.8,1,450,23.0,1,Comercio & Retail
0,12.7,40.7,42,Femenino,7,29.4,0,4,27.3,1,Manufactura
1,51.66,67.7,40,Femenino,12,43.6,1,120,53.0,1,Agroindustria
1,41.67,60.1,60,Femenino,10,42.0,1,12,26.0,1,Servicios Personales
0,16.76,70.2,29,Masculino,13,43.8,0,8,37.5,1,Comercio & Retail
0,10.86,53.8,30,Femenino,9,55.8,0,1,59.0,0,Manufactura
0,10.54,41.3,53,Femenino,7,27.2,0,1,40.6,0,Comercio & Retail
0,12.24,46.9,56,Masculino,4,31.5,1,1,33.3,0,Manufactura
1,46.51,82.2,51,Femenino,14,42.0,1,45,25.1,1,Comercio & Retail
0,13.16,67.6,23,Masculino,13,41.9,0,2,20.5,0,Tecnología
1,42.68,67.6,55,Masculino,11,34.0,1,450,7.0,0,Manufactura
1,53.53,83.3,57,Masculino,12,46.9,1,12,26.3,1,Manufactura
1,49.28,66.0,25,Masculino,15,42.6,1,120,17.9,1,Manufactura
0,8.25,24.0,25,Femenino,4,48.7,0,1,31.9,0,Logística
0,13.23,55.9,57,Femenino,10,34.7,0,1,52.6,0,Logística
0,9.51,30.1,50,Masculino,3,25.2,0,2,17.1,0,Logística
0,9.97,45.7,51,Masculino,9,57.3,0,1,30.7,0,Comercio & Retail
1,46.26,66.1,61,Femenino,11,41.3,1,450,24.9,1,Servicios Personales
0,16.5,50.2,32,Femenino,9,52.9,0,1,49.4,0,Comercio & Retail
1,52.18,93.9,53,Masculino,17,39.1,1,120,35.8,1,Tecnología
0,11.33,44.3,52,Femenino,9,52.4,0,2,16.3,0,Comercio & Retail
0,9.52,34.4,63,Femenino,7,52.2,0,1,43.2,0,Comercio & Retail
0,12.22,53.0,39,Femenino,10,60.9,0,1,13.8,0,Logística
0,10.48,37.5,40,Masculino,6,27.3,0,2,68.5,1,Manufactura
0,9.99,34.0,57,Masculino,7,60.7,0,1,18.9,0,Tecnología
1,46.3,72.1,62,Masculino,14,42.3,1,45,12.7,1,Servicios Personales
1,42.18,64.4,39,Femenino,14,42.4,1,12,41.3,1,Comercio & Retail
0,17.97,78.0,22,Femenino,11,47.4,0,2,3.0,1,Logística
0,14.4,62.4,48,Femenino,12,49.6,0,4,16.5,0,Comercio & Retail
1,55.19,90.7,30,Masculino,18,37.8,1,45,24.1,1,Servicios Personales
0,9.81,42.5,45,Masculino,10,49.0,0,1,27.1,0,Logística
0,12.18,48.5,37,Masculino,7,39.3,0,1,26.6,0,Agroindustria
0,12.44,54.9,50,Femenino,12,67.1,0,1,22.9,0,Manufactura
1,48.56,76.1,33,Masculino,13,36.5,0,45,6.0,1,Servicios Personales
0,13.73,55.6,46,Masculino,14,22.9,0,2,14.3,1,Comercio & Retail
0,13.19,70.7,40,Femenino,14,39.5,0,8,22.8,0,Servicios Personales
1,48.35,81.3,41,Femenino,14,46.8,1,45,16.1,1,Manufactura
1,48.61,64.8,51,Masculino,12,36.5,1,12,43.1,1,Tecnología
0,16.06,61.6,24,Masculino,12,41.8,0,2,41.3,1,Manufactura
0,14.01,76.4,55,Femenino,12,45.8,0,2,25.0,0,Comercio & Retail
0,6.85,22.8,54,Masculino,4,44.7,1,1,53.6,0,Servicios Personales
0,7.11,15.3,21,Masculino,3,42.7,0,4,32.1,0,Tecnología
0,7.49,28.6,51,Femenino,6,55.8,0,1,53.4,0,Servicios Personales
1,41.57,56.9,59,Femenino,13,43.7,1,12,9.9,1,Comercio & Retail
0,12.87,51.2,39,Femenino,8,57.5,0,1,12.7,1,Manufactura
0,12.82,56.0,22,Femenino,11,30.9,0,1,21.6,0,Comercio & Retail
1,51.18,88.8,59,Femenino,16,44.9,1,45,6.3,1,Manufactura
1,48.69,75.6,40,Femenino,14,47.6,1,450,34.4,1,Comercio & Retail
0,9.55,26.7,32,Masculino,2,43.7,0,1,17.8,0,Logística
0,13.19,49.6,48,Masculino,13,34.1,0,1,7.8,1,Logística
0,13.02,60.7,26,Masculino,10,54.1,1,1,21.2,1,Agroindustria
1,47.1,59.5,60,Femenino,8,42.0,1,12,47.8,1,Tecnología
0,12.29,52.0,42,Femenino,9,66.3,0,1,21.7,0,Manufactura
0,10.39,41.3,42,Femenino,9,47.1,0,1,48.3,0,Agroindustria
0,7.4,19.5,38,Masculino,5,39.7,0,2,9.5,1,Comercio & Retail
0,14.04,69.0,26,Femenino,11,43.8,0,4,9.1,0,Comercio & Retail
1,55.9,88.0,55,Femenino,18,49.7,1,12,9.9,1,Manufactura
0,14.44,57.4,39,Masculino,14,22.4,0,1,38.2,0,Servicios Personales
0,9.29,26.8,60,Masculino,2,50.2,0,1,5.5,0,Manufactura
0,11.3,58.8,40,Masculino,11,44.1,0,8,18.7,0,Manufactura
1,50.26,74.9,21,Femenino,11,42.4,1,45,41.6,1,Comercio & Retail
0,9.85,30.9,46,Femenino,6,59.4,0,2,4.2,1,Servicios Personales
0,12.1,38.7,32,Masculino,5,51.6,0,1,32.9,0,Comercio & Retail
1,52.44,78.9,18,Masculino,13,43.6,1,45,6.0,1,Logística
0,11.33,59.6,47,Femenino,10,53.8,0,1,13.9,0,Servicios Personales
0,7.43,45.4,46,Femenino,8,42.4,0,2,19.4,0,Servicios Personales
1,41.8,59.6,37,Masculino,12,49.0,1,12,32.6,1,Agroindustria
1,55.52,83.9,50,Masculino,18,44.4,1,120,22.1,1,Servicios Personales
0,12.79,53.9,58,Masculino,11,52.2,0,4,36.6,0,Comercio & Retail
1,39.38,52.0,61,Masculino,11,48.1,1,45,16.0,1,Agroindustria
0,16.39,66.4,53,Masculino,10,44.3,0,8,11.5,0,Comercio & Retail
0,13.92,61.5,39,Femenino,9,56.1,0,1,52.5,0,Servicios Personales
0,14.94,74.3,30,Femenino,13,52.6,0,4,23.3,0,Comercio & Retail
0,10.26,53.2,24,Masculino,9,28.8,0,1,18.6,1,Comercio & Retail
1,47.81,64.9,25,Masculino,12,37.1,1,45,50.8,1,Comercio & Retail
1,40.01,63.4,45,Masculino,16,39.7,1,45,26.3,1,Servicios Personales
1,42.5,74.0,62,Masculino,13,42.0,1,120,37.5,1,Comercio & Retail
0,10.61,35.1,60,Masculino,5,31.3,0,2,52.9,1,Comercio & Retail
0,8.05,23.0,26,Masculino,5,46.8,0,1,8.8,0,Comercio & Retail
1,54.22,85.5,42,Femenino,15,37.9,1,12,33.0,1,Tecnología
0,11.25,53.4,33,Femenino,10,52.7,0,2,0.9,1,Servicios Personales
1,46.95,66.5,27,Femenino,11,38.3,1,45,34.3,1,Manufactura
0,10.94,47.4,28,Masculino,7,43.3,0,2,36.4,0,Manufactura
1,41.25,53.9,48,Femenino,12,40.0,1,45,33.4,1,Comercio & Retail
0,16.91,90.5,29,Masculino,17,40.4,0,4,48.3,0,Comercio & Retail
0,11.17,52.3,48,Masculino,11,66.0,0,1,13.6,1,Servicios Personales
0,12.68,46.4,31,Masculino,12,31.8,0,1,24.7,1,Comercio & Retail
1,52.21,82.4,61,Femenino,15,43.3,1,120,5.5,1,Logística
1,48.51,81.0,49,Femenino,16,42.4,1,120,37.5,1,Servicios Personales
0,14.68,44.1,34,Femenino,7,43.1,0,1,8.6,0,Manufactura
0,13.66,70.6,52,Femenino,12,72.4,0,2,32.2,0,Tecnología
0,12.1,63.5,18,Femenino,15,57.8,0,2,25.0,0,Comercio & Retail
1,49.04,69.5,46,Femenino,16,33.9,1,12,26.9,1,Logística
0,8.35,35.9,21,Masculino,8,47.8,1,1,37.3,1,Comercio & Retail
0,9.1,38.3,40,Femenino,7,59.4,0,1,42.1,1,Agroindustria
0,11.08,54.3,45,Femenino,9,53.4,0,1,24.6,0,Manufactura
0,16.28,71.4,33,Masculino,9,62.2,0,1,15.1,1,Comercio & Retail
0,7.17,48.6,29,Masculino,9,38.8,1,2,48.2,0,Logística
0,12.53,64.6,38,Masculino,12,53.5,0,2,18.4,0,Agroindustria
0,12.14,32.7,62,Masculino,8,34.0,0,2,9.9,1,Logística
1,53.2,73.5,34,Masculino,16,37.2,1,45,12.4,1,Comercio & Retail
0,9.54,26.4,57,Masculino,8,48.6,0,2,30.8,0,Servicios Personales
1,45.8,69.8,30,Masculino,8,40.9,1,120,16.3,0,Manufactura
0,4.79,20.1,49,Femenino,6,43.4,0,4,27.7,0,Manufactura
1,49.94,69.8,54,Masculino,15,40.7,1,120,39.7,1,Tecnología
0,6.1,33.6,32,Femenino,5,79.7,0,2,27.0,0,Agroindustria
1,50.42,80.7,29,Masculino,12,45.1,1,45,17.6,1,Agroindustria
0,13.65,69.2,32,Femenino,13,41.3,0,2,53.4,1,Logística
0,6.34,5.0,51,Masculino,0,43.4,0,2,34.5,1,Manufactura
0,11.54,32.0,23,Masculino,5,57.6,0,2,21.3,0,Servicios Personales
0,13.56,51.6,34,Femenino,9,58.6,0,2,16.6,0,Manufactura
1,47.65,76.5,37,Masculino,17,43.5,1,45,55.4,1,Servicios Personales
0,12.34,43.6,26,Femenino,9,37.2,0,2,44.0,0,Comercio & Retail
0,12.74,38.8,22,Femenino,8,55.0,0,4,27.5,0,Servicios Personales
0,12.26,35.1,40,Femenino,7,32.6,1,1,11.6,0,Comercio & Retail
0,10.43,33.7,50,Masculino,7,36.0,0,4,30.9,0,Servicios Personales
0,10.02,38.0,55,Femenino,8,63.7,0,8,49.7,1,Logística
0,10.65,39.6,31,Masculino,7,54.8,0,1,81.4,0,Servicios Personales
0,15.94,50.3,34,Masculino,7,29.2,0,1,32.5,1,Tecnología
0,9.54,30.1,36,Masculino,7,70.0,0,2,12.5,1,Agroindustria
0,10.29,42.7,50,Masculino,9,54.9,0,1,30.4,0,Logística
0,14.01,71.4,18,Femenino,14,33.1,0,1,65.3,0,Logística
0,12.81,44.1,30,Femenino,6,40.9,0,2,27.0,1,Comercio & Retail
1,49.18,61.6,63,Femenino,8,45.9,1,450,28.7,1,Manufactura
0,14.29,53.9,44,Masculino,8,65.9,1,2,27.4,1,Servicios Personales
0,11.72,56.4,23,Femenino,10,30.8,1,2,50.9,1,Tecnología
0,8.75,42.5,23,Femenino,7,45.2,0,4,23.4,0,Servicios Personales
1,49.62,85.6,50,Masculino,18,46.5,0,450,38.0,1,Tecnología
0,12.55,51.2,47,Femenino,12,31.7,0,1,14.8,1,Manufactura
1,49.32,74.7,63,Masculino,14,47.2,1,120,46.6,1,Comercio & Retail
1,41.47,54.4,52,Femenino,11,39.0,1,450,30.2,1,Comercio & Retail
0,16.27,76.3,40,Femenino,15,56.6,0,1,33.4,0,Manufactura
0,7.51,29.5,27,Femenino,6,52.2,0,1,23.2,1,Tecnología
0,11.19,45.9,36,Femenino,8,67.9,0,2,9.7,0,Comercio & Retail
0,8.97,33.5,45,Masculino,7,75.8,0,2,52.7,0,Manufactura
0,13.57,56.1,40,Femenino,9,54.3,0,1,55.5,1,Comercio & Retail
1,47.11,76.2,21,Femenino,16,31.3,1,45,33.5,1,Manufactura
0,15.39,88.5,37,Masculino,18,54.4,0,2,32.5,0,Tecnología
1,49.64,66.4,36,Masculino,14,41.4,1,45,10.8,1,Agroindustria
0,15.62,61.7,59,Masculino,10,61.2,0,2,32.9,0,Agroindustria
1,49.65,74.3,44,Masculino,14,41.7,1,120,5.6,1,Manufactura
0,14.71,70.4,51,Masculino,16,57.4,0,1,38.4,0,Servicios Personales
0,11.98,61.6,21,Femenino,14,29.3,0,1,10.3,1,Servicios Personales
0,12.01,59.5,55,Masculino,9,33.2,0,2,15.4,1,Tecnología
0,10.82,31.8,24,Masculino,10,59.8,1,1,22.2,1,Comercio & Retail
0,12.93,56.6,24,Femenino,7,50.0,0,4,30.7,1,Tecnología
0,12.36,43.5,43,Femenino,9,43.3,0,1,48.2,0,Comercio & Retail
0,9.76,49.2,43,Femenino,7,18.4,0,4,35.2,0,Logística
0,14.95,58.5,36,Femenino,10,47.9,0,4,17.2,0,Servicios Personales
0,12.88,51.1,26,Femenino,10,59.7,0,1,65.7,1,Comercio & Retail
0,13.57,45.8,37,Femenino,7,58.8,0,1,15.4,0,Agroindustria
1,49.54,95.4,59,Masculino,20,37.3,1,45,23.7,1,Logística
0,15.24,66.4,62,Masculino,11,46.0,0,2,8.3,1,Comercio & Retail
1,51.68,67.0,33,Masculino,15,45.4,1,45,31.0,1,Comercio & Retail
0,18.62,81.4,34,Masculino,15,42.4,0,4,29.3,0,Agroindustria
0,16.11,63.4,39,Femenino,17,55.0,0,1,26.6,0,Comercio & Retail
0,12.74,48.6,30,Masculino,7,55.9,0,4,6.5,1,Logística
0,11.95,46.8,29,Masculino,8,71.6,0,2,47.1,1,Agroindustria
0,8.47,31.5,27,Femenino,3,59.5,0,1,44.7,1,Agroindustria
0,8.41,36.8,18,Femenino,4,50.9,0,2,37.8,0,Manufactura
0,9.1,53.3,49,Femenino,6,33.5,0,4,25.8,0,Logística
0,10.8,51.9,47,Femenino,9,32.3,0,2,15.6,0,Servicios Personales
0,11.28,46.0,25,Femenino,10,50.1,0,1,63.2,0,Logística
1,63.59,100.0,38,Femenino,22,42.2,1,45,61.1,1,Logística
0,12.37,66.3,39,Femenino,12,32.5,0,1,65.8,0,Tecnología
1,46.91,79.4,35,Femenino,14,42.5,1,12,11.8,1,Comercio & Retail
1,37.54,54.9,19,Masculino,11,44.5,1,45,24.5,1,Agroindustria
0,10.42,30.8,61,Femenino,5,45.4,0,1,24.9,0,Logística
0,13.59,60.1,26,Femenino,11,56.2,0,2,38.8,0,Manufactura
0,10.8,36.4,20,Masculino,4,58.1,0,4,43.4,0,Comercio & Retail
0,12.91,53.7,43,Masculino,9,47.5,0,2,26.7,1,Servicios Personales
0,12.75,53.0,38,Femenino,12,72.9,0,2,38.4,1,Servicios Personales
0,13.77,62.2,47,Masculino,8,56.8,0,2,8.5,0,Manufactura
0,10.41,47.1,45,Femenino,11,56.1,0,1,9.3,0,Comercio & Retail
0,12.08,50.3,53,Femenino,8,40.3,0,1,43.4,0,Comercio & Retail
0,12.45,39.2,43,Femenino,6,62.7,0,1,35.1,1,Manufactura
0,16.93,88.3,51,Masculino,12,48.1,0,2,42.3,0,Manufactura
0,15.46,66.7,25,Femenino,14,43.8,0,1,35.9,0,Comercio & Retail
0,15.08,58.7,27,Masculino,14,15.9,0,4,20.3,1,Servicios Personales
0,13.42,57.5,60,Femenino,9,49.2,0,1,7.4,1,Manufactura
0,9.37,18.0,31,Masculino,2,51.0,0,1,12.3,1,Logística
1,44.02,65.6,57,Femenino,10,37.1,1,12,17.7,1,Comercio & Retail
1,50.21,83.8,32,Femenino,15,36.3,1,45,29.9,1,Comercio & Retail
0,11.95,42.1,34,Masculino,5,55.7,0,1,35.3,0,Comercio & Retail
1,51.41,75.2,35,Masculino,17,45.6,1,12,17.8,1,Comercio & Retail
0,10.53,31.6,49,Femenino,2,41.0,0,2,13.8,1,Logística
0,14.11,86.1,55,Masculino,12,48.9,0,4,63.0,0,Comercio & Retail
1,40.21,63.2,40,Masculino,13,43.0,1,12,10.5,1,Servicios Personales
1,50.15,77.0,63,Femenino,16,36.1,1,12,36.3,1,Logística
0,14.2,61.6,40,Masculino,12,47.7,0,2,26.0,0,Logística
0,13.02,48.0,52,Masculino,9,49.9,1,1,21.3,1,Comercio & Retail
0,14.22,60.4,56,Femenino,11,52.1,0,4,27.2,1,Servicios Personales
0,10.65,43.2,32,Femenino,7,55.0,0,4,47.1,0,Agroindustria
0,9.95,22.4,41,Masculino,2,41.2,0,1,81.7,0,Tecnología
0,10.12,42.1,45,Femenino,9,45.0,0,1,16.1,0,Comercio & Retail
0,15.3,74.9,33,Femenino,12,49.6,0,8,5.5,0,Agroindustria
1,47.66,74.7,33,Femenino,14,50.1,1,12,37.0,1,Tecnología
0,13.05,56.7,57,Masculino,8,55.0,0,1,22.4,1,Manufactura
1,47.59,85.0,56,Femenino,16,43.3,1,120,24.0,1,Servicios Personales
0,8.74,24.4,23,Masculino,9,46.2,0,1,31.7,0,Manufactura
0,15.71,72.0,19,Femenino,12,55.5,0,4,25.4,0,Manufactura
0,13.88,75.1,30,Femenino,13,36.3,0,1,22.8,0,Comercio & Retail
0,11.7,57.4,61,Masculino,10,34.4,0,1,33.6,0,Tecnología
1,54.06,76.7,64,Masculino,10,41.6,1,45,46.6,1,Manufactura
1,52.47,89.5,26,Femenino,16,39.7,1,45,22.4,1,Comercio & Retail
0,13.17,41.1,51,Femenino,4,31.6,0,2,8.4,0,Tecnología
0,10.91,38.0,34,Femenino,10,52.9,0,4,33.7,0,Agroindustria
0,11.69,40.4,44,Masculino,3,41.7,1,2,27.2,1,Servicios Personales
0,9.66,33.8,46,Femenino,3,52.1,0,2,23.8,0,Servicios Personales
0,11.76,41.6,54,Masculino,10,33.5,0,1,36.2,1,Comercio & Retail
0,13.05,50.2,60,Masculino,8,53.5,0,2,43.3,0,Logística
1,45.88,70.1,39,Femenino,18,40.9,1,120,53.4,1,Comercio & Retail
0,12.09,57.8,41,Femenino,9,69.5,0,4,12.3,1,Agroindustria
0,13.03,72.8,24,Femenino,14,60.1,0,2,2.7,0,Comercio & Retail
0,13.43,49.0,51,Femenino,10,37.8,0,1,54.2,0,Logística
0,8.72,42.1,29,Masculino,5,21.2,0,4,21.6,0,Comercio & Retail
0,7.87,19.4,40,Masculino,3,43.3,1,2,20.1,0,Comercio & Retail
0,8.88,36.2,32,Masculino,5,36.8,0,1,35.6,0,Tecnología
0,13.84,70.1,50,Femenino,11,36.8,0,1,12.3,0,Logística
0,14.97,75.6,30,Masculino,16,45.5,0,1,43.3,1,Servicios Personales
0,10.0,33.5,40,Femenino,7,46.2,1,1,62.2,0,Manufactura
1,51.72,77.9,55,Femenino,13,43.0,1,120,31.1,1,Comercio & Retail
0,11.04,52.1,49,Masculino,9,76.8,0,1,28.6,1,Servicios Personales
0,14.09,59.1,62,Masculino,6,42.9,0,1,36.6,1,Comercio & Retail
0,11.93,64.2,52,Femenino,11,74.8,0,1,17.3,0,Comercio & Retail
1,57.73,86.6,18,Masculino,16,43.5,1,12,29.0,1,Manufactura
0,12.91,58.6,64,Masculino,10,51.6,0,1,5.1,0,Agroindustria
0,18.04,72.6,62,Masculino,13,49.0,0,4,28.5,0,Agroindustria
0,14.55,65.1,22,Femenino,11,40.4,0,1,6.2,1,Manufactura
1,40.81,65.8,30,Masculino,11,43.3,1,450,27.6,0,Manufactura
0,10.39,31.8,22,Masculino,7,40.5,0,8,35.7,1,Manufactura
0,12.42,54.4,49,Masculino,12,55.9,0,1,47.1,0,Tecnología
0,9.9,37.6,38,Masculino,4,43.2,1,1,37.0,0,Comercio & Retail
0,12.37,59.9,41,Masculino,11,51.5,0,1,24.6,0,Comercio & Retail
1,38.09,67.4,35,Femenino,15,37.3,1,45,27.7,1,Manufactura
1,54.71,86.0,38,Femenino,17,40.4,1,450,18.6,1,Comercio & Retail
0,13.57,55.1,27,Femenino,6,44.1,0,2,68.9,0,Logística
0,11.83,64.9,41,Femenino,12,51.7,0,1,45.2,0,Manufactura
0,9.86,47.2,57,Femenino,7,28.0,0,1,12.4,0,Comercio & Retail
0,13.93,63.5,64,Masculino,11,42.7,0,4,31.3,0,Logística
1,56.54,76.9,38,Femenino,17,38.6,1,45,14.2,1,Servicios Personales
1,46.41,66.5,42,Masculino,13,39.9,1,45,35.8,1,Comercio & Retail
0,7.82,26.1,40,Masculino,8,63.9,0,2,28.3,1,Comercio & Retail
0,8.73,33.6,39,Femenino,7,40.9,0,1,7.4,0,Comercio & Retail
0,10.31,54.2,21,Masculino,10,49.8,0,1,27.3,0,Tecnología
0,11.3,43.1,51,Femenino,10,53.5,0,1,21.1,0,Manufactura
0,11.32,58.8,23,Masculino,11,53.6,0,1,21.0,0,Comercio & Retail
0,10.25,28.0,45,Masculino,4,47.9,0,2,33.2,0,Manufactura
1,58.26,100.0,48,Femenino,18,42.2,1,450,12.7,1,Manufactura
1,52.93,100.0,52,Femenino,18,37.5,1,45,18.6,0,Agroindustria
0,11.86,62.4,56,Femenino,12,46.6,0,1,36.6,1,Manufactura
0,12.6,46.8,59,Masculino,7,40.6,0,4,23.9,1,Comercio & Retail
0,16.33,59.1,40,Masculino,8,56.5,0,1,31.9,0,Manufactura
0,10.12,38.9,23,Femenino,6,51.1,0,2,46.5,1,Manufactura
0,11.96,43.2,33,Masculino,6,50.9,0,4,51.9,0,Logística
0,9.05,33.1,19,Femenino,8,50.2,0,1,68.1,1,Manufactura
1,45.96,68.2,41,Femenino,12,41.1,1,120,7.6,1,Comercio & Retail
0,13.67,67.8,34,Masculino,10,35.5,0,8,8.4,0,Agroindustria
0,14.21,67.8,62,Femenino,16,33.1,0,1,40.2,0,Comercio & Retail
0,8.09,14.4,18,Masculino,4,44.4,0,1,48.0,1,Tecnología
0,13.22,55.9,23,Masculino,7,53.6,1,2,17.0,0,Comercio & Retail
0,10.05,19.8,22,Masculino,2,38.5,0,2,15.9,0,Servicios Personales
1,43.33,51.2,62,Femenino,11,44.5,1,45,23.6,1,Manufactura
1,55.39,80.0,46,Femenino,16,32.5,1,12,28.8,1,Comercio & Retail
0,11.14,41.5,29,Femenino,8,67.6,0,2,3.2,0,Comercio & Retail
1,46.7,64.6,56,Masculino,15,40.8,1,45,18.2,1,Logística
0,16.33,51.8,64,Masculino,13,61.8,0,2,7.6,0,Servicios Personales
1,50.31,85.0,20,Femenino,13,46.3,1,12,61.5,1,Manufactura
1,53.11,79.7,18,Masculino,12,43.4,1,120,35.4,0,Servicios Personales
0,16.45,80.5,44,Femenino,17,33.6,0,2,45.3,1,Servicios Personales
0,15.01,77.2,41,Femenino,9,56.4,0,2,48.2,0,Manufactura
1,45.9,80.3,61,Femenino,13,43.1,1,12,49.2,1,Logística
0,15.13,82.5,36,Femenino,17,34.8,0,1,16.3,0,Tecnología
0,12.26,61.7,25,Femenino,6,51.8,0,2,17.6,1,Servicios Personales
0,8.64,30.6,61,Femenino,9,18.7,0,2,60.6,0,Manufactura
0,14.96,60.9,64,Masculino,12,58.0,0,2,7.2,1,Manufactura
0,13.26,60.6,19,Masculino,7,39.0,0,1,45.4,0,Servicios Personales
0,12.93,39.6,47,Femenino,7,61.1,0,2,5.3,0,Servicios Personales
0,18.06,98.7,47,Masculino,18,69.9,0,2,28.3,1,Manufactura
0,12.45,33.2,56,Masculino,7,59.8,0,2,12.9,0,Manufactura
0,11.08,44.4,62,Femenino,9,57.6,0,2,25.8,0,Agroindustria
1,42.86,62.9,49,Masculino,11,42.3,1,120,21.5,1,Servicios Personales
0,13.52,69.6,18,Masculino,12,50.0,0,4,9.5,0,Logística
0,10.95,49.1,55,Masculino,8,42.3,0,4,34.3,0,Comercio & Retail
0,12.63,46.9,30,Masculino,9,44.6,0,1,35.3,0,Tecnología
0,10.41,29.7,28,Masculino,6,70.1,0,2,29.0,0,Servicios Personales
0,15.12,70.6,27,Femenino,8,51.1,0,1,25.9,1,Servicios Personales
1,48.0,70.5,43,Masculino,13,40.5,1,120,25.5,1,Comercio & Retail
1,47.65,78.1,37,Femenino,13,38.3,1,45,36.6,1,Manufactura
1,55.35,80.9,34,Masculino,14,42.5,1,450,59.9,1,Comercio & Retail
0,11.37,50.3,34,Femenino,10,52.8,0,4,27.5,1,Servicios Personales
0,12.69,51.5,21,Femenino,9,26.8,0,1,58.7,0,Servicios Personales
0,8.87,27.3,22,Masculino,5,41.2,1,4,11.3,0,Comercio & Retail
0,13.77,58.7,40,Femenino,9,65.2,0,1,67.8,0,Manufactura
1,39.14,57.4,63,Masculino,11,38.3,1,120,30.4,1,Comercio & Retail
1,50.04,87.3,27,Femenino,14,45.5,0,120,54.9,1,Servicios Personales
0,7.93,10.9,63,Masculino,3,63.3,0,2,26.7,0,Agroindustria
0,10.71,56.0,45,Femenino,9,44.3,1,1,27.8,1,Tecnología
0,11.52,44.5,50,Femenino,1,44.6,0,1,36.1,0,Comercio & Retail
0,6.7,23.7,60,Femenino,4,51.5,0,1,18.2,0,Logística
1,47.11,76.6,43,Masculino,15,44.6,1,45,48.7,1,Manufactura
0,10.68,31.5,46,Masculino,5,54.6,0,1,3.4,0,Comercio & Retail
0,10.76,64.0,44,Masculino,10,33.0,0,1,5.5,0,Manufactura
0,11.62,51.0,35,Masculino,14,56.6,0,1,42.8,0,Servicios Personales
0,8.91,35.0,57,Masculino,8,41.8,0,4,42.1,0,Manufactura
0,10.43,25.1,27,Masculino,5,57.9,0,1,38.2,0,Tecnología
0,10.99,63.8,59,Femenino,10,53.4,0,1,48.0,0,Servicios Personales
1,47.57,77.2,22,Femenino,16,45.3,1,12,30.6,1,Agroindustria
0,15.66,64.7,27,Femenino,14,32.0,0,1,43.3,0,Logística
0,13.15,55.1,38,Femenino,9,42.7,0,1,63.4,0,Comercio & Retail
0,13.28,49.3,41,Masculino,8,44.3,1,1,12.2,0,Logística
0,14.75,69.1,55,Masculino,14,44.1,1,2,21.0,0,Logística
0,11.13,26.0,20,Masculino,4,55.0,1,2,38.9,1,Manufactura
0,11.21,62.0,57,Masculino,14,37.7,0,2,16.7,0,Tecnología
1,43.49,61.3,48,Masculino,8,37.8,1,12,34.5,1,Tecnología
0,12.29,46.0,58,Masculino,4,49.8,0,1,21.2,0,Comercio & Retail
0,6.98,13.9,54,Femenino,3,47.7,0,1,43.4,1,Comercio & Retail
1,48.47,75.1,19,Femenino,16,44.0,1,45,36.0,1,Manufactura
0,13.28,55.5,19,Femenino,9,43.6,0,2,41.8,1,Comercio & Retail
0,12.27,34.0,56,Femenino,7,41.8,0,4,36.0,0,Manufactura
1,45.1,62.4,59,Masculino,10,37.4,1,45,35.3,1,Manufactura
0,11.86,49.2,61,Masculino,8,19.6,0,8,28.0,0,Logística
1,42.95,55.3,51,Femenino,8,32.1,1,45,31.6,1,Servicios Personales
0,12.99,70.2,59,Masculino,8,52.1,0,4,36.8,0,Comercio & Retail
0,7.42,38.3,37,Masculino,10,37.3,0,2,11.3,0,Servicios Personales
1,50.42,81.6,50,Femenino,13,46.2,1,45,39.2,1,Agroindustria
0,12.34,25.8,21,Femenino,4,53.5,1,1,39.0,1,Logística
1,54.1,82.0,62,Masculino,15,35.4,1,45,9.4,1,Comercio & Retail
0,9.17,44.6,61,Masculino,6,52.6,0,1,12.9,0,Servicios Personales
0,14.92,73.2,28,Femenino,11,51.5,1,1,18.0,0,Servicios Personales
0,16.11,56.1,59,Femenino,10,40.6,0,4,25.2,0,Manufactura
0,10.12,35.3,64,Femenino,7,35.4,0,1,28.5,0,Logística
1,48.66,73.9,22,Femenino,14,35.3,1,45,27.5,1,Tecnología
0,11.69,60.3,42,Masculino,7,62.6,0,4,16.8,0,Agroindustria
1,45.83,79.0,54,Femenino,15,46.2,1,450,27.0,1,Manufactura
1,43.54,61.8,51,Femenino,13,37.5,1,45,26.7,1,Servicios Personales
0,10.25,41.9,26,Femenino,7,58.0,0,1,47.8,0,Comercio & Retail
0,13.7,38.0,23,Masculino,5,38.2,0,1,4.3,0,Manufactura
1,45.96,72.7,35,Femenino,14,40.8,1,450,39.2,1,Logística
0,11.44,39.3,31,Femenino,6,71.3,0,1,29.1,1,Servicios Personales
0,16.37,61.3,36,Masculino,9,35.0,0,4,25.8,0,Logística
0,17.08,87.7,31,Femenino,13,58.1,0,1,71.3,0,Comercio & Retail
0,16.52,73.0,57,Femenino,12,57.8,0,8,41.6,1,Comercio & Retail
0,11.8,57.7,34,Femenino,9,40.3,0,1,26.2,1,Manufactura
0,11.15,53.8,52,Masculino,7,71.6,0,1,57.7,0,Manufactura
1,53.42,74.0,46,Masculino,13,45.9,1,12,42.7,1,Tecnología
0,8.34,29.0,59,Femenino,3,58.4,0,2,12.5,0,Comercio & Retail
1,41.3,53.7,34,Femenino,11,41.5,1,120,15.8,1,Comercio & Retail
0,10.06,29.7,60,Femenino,5,39.5,0,2,60.1,0,Logística
0,13.22,43.4,25,Masculino,7,61.7,0,1,5.8,0,Comercio & Retail
0,13.29,62.4,18,Masculino,11,32.5,0,1,29.9,0,Logística
0,13.68,54.9,62,Masculino,7,42.3,1,1,42.5,0,Servicios Personales
1,52.38,70.4,53,Masculino,14,41.4,1,45,43.8,1,Agroindustria
0,10.31,64.0,24,Masculino,13,29.5,0,1,47.3,1,Comercio & Retail
0,12.29,46.2,63,Masculino,7,57.1,0,2,7.3,1,Tecnología
0,10.08,55.8,22,Masculino,9,36.0,0,1,12.1,0,Manufactura
0,9.25,33.7,41,Femenino,6,44.6,0,2,21.4,1,Manufactura
0,14.46,56.3,45,Femenino,12,51.8,0,2,13.8,0,Comercio & Retail
1,51.21,85.9,60,Masculino,16,35.2,1,120,36.6,1,Servicios Personales
0,9.14,34.3,34,Masculino,5,59.4,1,1,2.2,0,Manufactura
1,48.8,71.3,54,Masculino,11,38.1,1,120,32.9,1,Comercio & Retail
1,42.93,62.3,37,Femenino,11,46.9,1,120,33.2,1,Tecnología
0,13.08,34.8,20,Masculino,5,47.0,0,2,31.8,0,Servicios Personales
0,10.04,27.7,54,Femenino,6,47.4,0,2,9.5,1,Logística
0,11.15,27.6,43,Masculino,3,49.8,0,2,27.8,0,Manufactura
0,13.06,53.7,32,Femenino,12,30.7,0,1,31.0,0,Comercio & Retail
0,8.21,38.7,25,Femenino,9,34.7,0,1,30.8,1,Servicios Personales
0,14.15,58.6,30,Femenino,7,51.6,0,4,16.2,0,Manufactura
1,52.82,82.6,20,Masculino,18,31.9,1,120,52.3,1,Manufactura
0,9.93,36.4,18,Femenino,3,54.1,0,1,32.9,1,Manufactura
1,47.5,64.4,26,Femenino,15,38.2,1,450,12.7,1,Tecnología
0,6.87,16.4,48,Femenino,2,40.4,0,1,42.7,1,Manufactura
0,10.54,39.5,58,Masculino,8,47.2,0,1,11.8,1,Tecnología
0,8.46,38.4,43,Femenino,4,35.8,0,2,26.6,0,Comercio & Retail
0,9.18,48.0,34,Masculino,7,42.9,0,2,41.4,0,Tecnología
0,11.66,34.3,51,Masculino,8,70.8,0,1,8.0,0,Servicios Personales
0,8.96,29.4,26,Femenino,7,53.3,0,1,13.1,0,Manufactura
0,13.49,64.3,30,Masculino,11,61.2,0,1,11.4,0,Manufactura
1,49.48,80.6,22,Femenino,13,38.4,1,12,6.4,1,Logística
1,42.64,68.1,58,Masculino,10,37.5,1,120,12.3,1,Servicios Personales
0,14.71,51.7,30,Femenino,11,61.2,0,2,48.9,1,Manufactura
1,49.78,75.2,18,Masculino,16,40.1,1,12,21.1,1,Comercio & Retail
0,13.45,48.2,42,Masculino,7,41.0,0,1,31.5,0,Comercio & Retail
0,16.07,73.0,64,Masculino,13,56.8,0,1,11.1,0,Comercio & Retail
1,56.62,97.5,21,Femenino,20,46.4,1,450,47.9,1,Comercio & Retail
1,46.83,79.4,53,Femenino,17,47.2,1,120,38.1,1,Manufactura
0,15.91,83.8,27,Masculino,16,55.8,0,1,47.4,1,Logística
0,13.58,68.6,45,Masculino,13,46.9,0,8,19.4,1,Servicios Personales
0,13.21,73.0,23,Femenino,14,47.3,0,2,25.3,0,Manufactura
0,11.74,55.9,44,Femenino,8,47.2,0,2,46.7,0,Comercio & Retail
0,15.32,66.1,29,Femenino,10,35.2,0,4,52.6,0,Servicios Personales
0,11.03,54.5,20,Masculino,9,38.4,0,2,14.4,1,Servicios Personales
0,12.72,46.0,63,Femenino,7,45.7,0,8,8.4,1,Manufactura
0,13.09,57.4,50,Femenino,11,56.4,0,2,22.3,1,Manufactura
0,11.87,48.3,27,Femenino,8,53.8,0,4,14.3,1,Manufactura
1,44.19,62.6,48,Femenino,10,35.6,1,45,24.5,1,Agroindustria
0,7.52,39.9,32,Femenino,5,45.8,0,1,28.2,1,Tecnología
0,9.71,41.6,24,Masculino,8,40.3,0,1,43.6,0,Comercio & Retail
1,38.89,69.0,53,Femenino,15,43.4,1,12,41.8,1,Logística
1,42.28,52.7,31,Masculino,11,47.8,1,120,22.3,1,Agroindustria
0,17.16,86.5,31,Femenino,15,49.9,0,1,14.6,0,Comercio & Retail
0,10.42,30.4,20,Femenino,8,60.2,0,1,28.4,0,Comercio & Retail
0,8.48,37.4,63,Femenino,9,47.4,0,1,16.3,0,Manufactura
0,10.18,52.9,20,Masculino,11,21.1,0,1,6.0,1,Comercio & Retail
0,14.14,58.5,39,Masculino,9,50.2,0,1,17.9,0,Logística
0,8.74,32.3,36,Femenino,5,40.2,0,2,51.4,0,Manufactura
0,14.34,54.7,52,Femenino,12,33.7,0,1,37.5,0,Comercio & Retail
0,10.86,42.5,29,Masculino,6,44.0,0,1,44.5,0,Comercio & Retail
0,14.68,59.1,22,Masculino,10,56.0,0,2,19.7,1,Servicios Personales
0,9.17,30.9,27,Femenino,2,62.5,0,8,7.8,0,Servicios Personales
0,13.1,60.6,58,Masculino,8,41.4,1,2,25.0,1,Manufactura
0,15.3,67.3,50,Femenino,10,49.3,0,1,35.9,1,Manufactura
0,12.34,68.6,30,Femenino,12,41.8,0,1,39.1,1,Comercio & Retail
0,9.13,34.2,52,Femenino,5,34.7,0,1,16.2,0,Manufactura
0,14.51,47.3,49,Femenino,7,41.8,0,1,29.5,0,Servicios Personales
1,49.93,78.9,28,Masculino,17,42.6,1,120,34.2,1,Tecnología
1,57.98,91.9,55,Femenino,17,40.8,1,45,21.0,0,Servicios Personales
0,12.99,58.0,41,Masculino,12,57.0,0,1,25.2,1,Comercio & Retail
1,50.2,67.4,52,Masculino,15,48.2,1,12,34.3,1,Comercio & Retail
0,13.83,56.5,36,Femenino,8,46.7,0,1,46.7,1,Tecnología
0,11.29,48.6,23,Femenino,12,29.7,0,1,24.8,1,Tecnología
0,13.47,57.0,57,Masculino,12,47.8,0,1,19.9,0,Comercio & Retail
0,10.26,45.0,62,Femenino,6,51.6,0,2,24.1,1,Agroindustria
1,43.07,58.1,61,Femenino,11,39.7,1,12,8.9,1,Servicios Personales
0,11.1,49.7,59,Femenino,9,48.2,0,1,29.1,0,Manufactura
0,13.82,48.5,52,Femenino,11,46.3,0,1,38.3,1,Tecnología
0,13.4,37.3,21,Masculino,8,64.1,0,2,38.4,0,Servicios Personales
0,6.72,29.2,50,Masculino,4,61.4,0,2,4.5,1,Agroindustria
0,13.59,40.0,30,Femenino,10,35.2,0,1,48.9,0,Tecnología
0,13.73,66.9,53,Masculino,13,52.9,1,2,39.8,1,Comercio & Retail
1,53.28,78.4,60,Masculino,13,41.9,1,45,19.4,1,Comercio & Retail
0,11.92,37.5,36,Femenino,3,58.4,0,4,60.5,0,Comercio & Retail
1,45.08,64.3,60,Femenino,11,43.5,1,120,29.6,1,Logística
1,47.9,68.9,29,Masculino,13,40.3,1,120,31.6,1,Manufactura
0,10.8,58.2,28,Masculino,11,40.2,0,2,12.1,0,Logística
0,11.97,67.6,23,Femenino,13,46.0,0,2,8.1,0,Logística
0,11.34,26.5,29,Femenino,5,41.6,0,1,27.7,1,Manufactura
0,11.26,33.3,44,Femenino,6,40.1,0,1,20.8,1,Tecnología
0,9.2,47.9,58,Femenino,12,34.5,0,2,10.9,1,Servicios Personales
0,10.91,59.4,42,Masculino,9,55.7,0,1,6.9,0,Servicios Personales
0,15.89,70.0,59,Femenino,14,38.3,0,2,28.3,0,Servicios Personales
0,16.73,77.0,20,Femenino,11,51.2,0,1,20.3,1,Servicios Personales
0,11.16,37.7,20,Femenino,7,32.8,0,2,11.4,0,Comercio & Retail
0,10.73,38.9,37,Masculino,6,30.4,0,2,40.3,0,Servicios Personales
0,8.87,33.4,45,Femenino,3,60.5,0,2,40.7,1,Manufactura
0,14.11,70.8,40,Femenino,13,67.1,0,1,5.0,1,Manufactura
0,13.14,54.3,20,Masculino,10,78.4,0,1,48.9,1,Manufactura
1,55.82,83.0,59,Masculino,13,40.8,1,12,57.7,0,Manufactura
0,12.14,50.6,41,Femenino,11,36.7,0,1,11.5,1,Agroindustria
1,42.85,60.7,60,Femenino,10,38.1,1,12,47.4,1,Servicios Personales
0,13.03,63.1,57,Femenino,13,65.6,0,2,10.0,0,Tecnología
1,44.84,53.8,23,Masculino,10,39.4,1,12,28.4,1,Comercio & Retail
0,12.64,53.3,37,Femenino,9,61.9,0,1,13.4,1,Manufactura
0,12.4,53.9,28,Femenino,10,63.5,0,1,5.8,0,Comercio & Retail
0,13.28,65.5,49,Femenino,13,36.6,0,1,20.4,1,Manufactura
0,8.32,25.2,44,Femenino,6,46.7,1,1,27.8,0,Tecnología
0,13.81,79.1,38,Masculino,14,66.2,0,1,26.3,1,Manufactura
0,11.19,41.1,61,Femenino,10,38.1,1,1,40.9,0,Servicios Personales
1,41.15,63.9,30,Femenino,9,35.8,0,120,30.9,1,Comercio & Retail
1,44.08,58.1,39,Masculino,11,38.3,1,120,34.7,1,Comercio & Retail
0,14.87,79.3,52,Masculino,14,30.9,0,1,37.8,0,Manufactura
0,11.06,49.2,64,Femenino,14,26.6,0,1,38.9,0,Comercio & Retail
1,39.66,58.7,39,Masculino,11,44.6,1,120,23.1,1,Logística
1,44.61,62.9,45,Femenino,12,39.5,1,45,46.9,1,Comercio & Retail
0,12.16,47.1,38,Masculino,10,57.2,0,1,31.7,1,Manufactura
0,12.9,54.7,63,Masculino,8,43.3,0,1,16.2,0,Agroindustria
0,11.12,57.4,35,Masculino,12,34.6,0,1,18.8,0,Manufactura
0,12.84,39.1,48,Masculino,8,52.0,0,8,54.4,1,Manufactura
0,9.98,35.8,63,Femenino,6,58.5,0,1,19.0,0,Logística
0,15.57,55.6,54,Masculino,8,58.2,0,1,15.6,1,Comercio & Retail
0,10.87,33.4,38,Femenino,4,10.8,0,1,41.6,1,Comercio & Retail
0,7.53,38.5,31,Femenino,5,67.6,0,1,45.5,0,Comercio & Retail
1,50.86,93.8,42,Masculino,18,42.9,1,12,4.0,1,Tecnología
0,15.02,69.1,44,Masculino,14,30.7,0,1,32.2,0,Logística
1,43.43,60.3,57,Masculino,9,40.7,1,120,22.2,1,Manufactura
1,40.24,66.4,40,Femenino,12,39.7,1,450,42.6,1,Servicios Personales
0,10.96,46.5,48,Femenino,6,64.3,0,1,7.0,0,Comercio & Retail
1,41.74,60.0,64,Femenino,13,37.6,1,45,4.9,1,Servicios Personales
0,13.49,59.9,46,Masculino,11,56.0,0,1,26.2,0,Manufactura
0,12.66,51.5,64,Femenino,7,53.1,0,4,9.8,1,Tecnología
0,17.34,67.4,47,Femenino,9,56.5,1,2,17.3,0,Logística
0,12.68,60.5,43,Femenino,9,52.8,0,1,35.9,1,Servicios Personales
0,14.99,76.9,37,Masculino,13,40.1,0,1,55.8,1,Agroindustria
0,10.43,41.0,55,Femenino,10,32.8,0,2,60.9,1,Logística
0,13.3,28.3,36,Masculino,4,38.9,0,1,17.3,1,Comercio & Retail
0,12.66,52.6,44,Femenino,8,52.5,0,1,40.4,0,Manufactura
0,8.94,30.7,42,Femenino,7,26.8,0,1,39.0,0,Comercio & Retail
0,10.23,35.0,57,Femenino,4,36.9,0,8,26.8,1,Manufactura
0,10.35,39.7,55,Masculino,7,44.0,0,2,6.2,0,Agroindustria
0,7.97,20.2,40,Femenino,2,66.6,0,1,38.8,0,Comercio & Retail
0,9.76,39.6,46,Femenino,6,37.3,0,4,16.2,1,Manufactura
0,14.76,62.5,32,Masculino,11,44.1,0,2,9.0,1,Agroindustria
0,13.77,70.3,20,Femenino,12,40.6,1,1,11.9,1,Agroindustria
0,11.77,52.2,27,Masculino,12,46.2,0,2,31.9,0,Agroindustria
1,55.15,80.4,32,Femenino,14,40.6,0,45,24.4,1,Comercio & Retail
1,52.26,81.3,33,Femenino,15,47.0,1,12,2.9,1,Agroindustria
0,12.3,36.5,34,Femenino,6,70.5,0,1,64.3,0,Comercio & Retail
0,10.85,44.5,36,Femenino,5,58.7,0,2,28.6,0,Servicios Personales
0,10.61,38.3,28,Masculino,10,37.3,0,4,19.4,0,Servicios Personales
0,12.75,64.7,22,Masculino,12,43.6,0,1,33.1,0,Agroindustria
0,10.73,37.4,22,Masculino,7,46.3,0,1,31.2,1,Servicios Personales
0,12.01,48.6,31,Masculino,11,33.0,1,2,43.0,1,Servicios Personales
0,13.82,68.2,43,Femenino,17,33.4,0,2,22.9,0,Agroindustria
0,10.37,41.3,25,Femenino,5,43.9,0,2,15.6,0,Manufactura
0,9.51,60.1,22,Masculino,10,62.0,0,4,15.5,1,Manufactura
1,54.47,83.0,24,Masculino,14,39.6,1,120,46.3,1,Manufactura
0,11.49,57.7,33,Femenino,9,49.6,0,1,12.7,1,Servicios Personales
1,53.06,60.1,31,Masculino,12,47.3,1,12,2.7,1,Comercio & Retail
1,52.89,94.1,54,Femenino,13,48.0,1,45,60.9,1,Manufactura
0,15.56,61.1,58,Masculino,9,45.5,0,1,2.9,1,Comercio & Retail
0,9.28,27.5,21,Masculino,6,19.9,0,4,22.9,1,Comercio & Retail
0,13.03,53.7,53,Masculino,10,56.0,0,2,29.2,1,Agroindustria
0,11.57,41.3,34,Femenino,6,47.8,0,2,39.6,0,Comercio & Retail
1,38.22,44.4,64,Masculino,8,45.4,1,45,18.9,1,Comercio & Retail
0,16.48,83.5,53,Masculino,12,47.6,0,1,58.4,0,Logística
0,10.58,56.1,23,Femenino,11,49.4,0,4,29.8,0,Manufactura
1,49.8,67.1,33,Femenino,14,49.0,1,120,51.8,0,Comercio & Retail
0,12.89,66.4,46,Masculino,11,42.5,0,1,30.4,1,Comercio & Retail
0,12.27,44.2,53,Femenino,7,58.3,0,1,39.7,0,Logística
0,9.4,36.8,55,Femenino,6,41.7,0,1,15.9,0,Tecnología
1,52.95,84.7,54,Femenino,12,44.6,1,45,11.5,1,Comercio & Retail
0,14.0,74.4,27,Masculino,11,64.0,0,1,7.5,1,Comercio & Retail
0,11.93,36.9,58,Masculino,9,50.4,0,4,39.1,1,Comercio & Retail
1,48.91,77.7,53,Masculino,11,48.7,1,45,3.9,1,Comercio & Retail
0,11.63,41.2,46,Femenino,7,34.8,0,1,5.9,0,Comercio & Retail
0,8.79,30.3,31,Masculino,1,48.5,0,1,39.5,0,Comercio & Retail
0,16.35,90.8,21,Masculino,14,50.6,0,1,46.6,0,Agroindustria
0,14.49,71.1,61,Masculino,12,53.3,0,1,33.0,0,Tecnología
0,15.56,77.8,59,Femenino,10,61.9,0,1,2.3,0,Comercio & Retail
0,10.33,51.5,53,Masculino,7,34.0,0,2,27.2,0,Manufactura
0,14.6,57.3,62,Femenino,9,33.3,0,2,61.6,1,Servicios Personales
0,11.02,37.1,30,Femenino,3,60.2,0,1,7.2,1,Tecnología
0,8.93,42.6,63,Masculino,10,62.0,0,2,55.5,1,Logística
0,8.33,25.0,35,Masculino,3,52.4,0,1,38.9,0,Tecnología
0,7.64,44.3,50,Femenino,10,67.7,0,4,15.1,1,Agroindustria
0,9.38,41.2,38,Masculino,7,37.2,1,2,22.6,1,Comercio & Retail
0,14.14,55.5,33,Femenino,9,56.9,0,1,41.8,0,Manufactura
0,10.7,37.5,32,Masculino,6,70.3,0,2,20.6,0,Comercio & Retail
0,13.51,77.6,22,Femenino,16,49.5,0,2,21.1,0,Comercio & Retail
0,11.97,45.4,23,Femenino,11,55.4,0,1,38.3,0,Tecnología
0,9.41,37.8,55,Masculino,7,57.6,0,1,32.7,1,Servicios Personales
0,11.97,67.7,20,Masculino,9,39.9,0,4,62.8,0,Servicios Personales
1,46.54,73.4,29,Masculino,16,39.7,1,12,30.9,1,Agroindustria
0,9.06,35.6,53,Masculino,6,32.5,0,4,19.2,0,Servicios Personales
0,10.07,41.3,50,Masculino,6,56.5,0,2,9.3,0,Comercio & Retail
0,10.64,42.7,53,Masculino,6,43.3,0,1,35.2,1,Manufactura
0,12.04,41.6,50,Femenino,7,34.9,0,1,35.0,1,Tecnología
0,15.02,65.0,48,Femenino,16,66.0,0,2,40.2,1,Comercio & Retail
0,11.97,52.4,38,Femenino,8,74.8,0,2,44.4,0,Servicios Personales
1,46.35,66.2,44,Femenino,8,45.8,1,45,25.3,1,Manufactura
0,15.47,77.4,44,Masculino,11,60.5,0,1,18.6,0,Agroindustria
0,10.11,47.8,25,Femenino,10,57.6,0,1,25.5,0,Comercio & Retail
1,51.8,75.0,54,Femenino,14,45.2,1,120,2.6,1,Comercio & Retail
1,54.57,92.3,49,Femenino,13,44.5,1,120,24.3,1,Comercio & Retail
0,11.4,59.0,43,Masculino,11,46.3,0,2,22.0,0,Manufactura
0,11.94,53.5,19,Femenino,9,61.4,0,1,10.8,1,Comercio & Retail
1,43.78,56.1,29,Femenino,14,43.9,1,120,17.7,1,Manufactura
0,10.81,53.4,39,Masculino,7,55.3,0,1,39.4,0,Comercio & Retail
0,12.58,45.8,34,Masculino,7,64.6,0,1,17.1,0,Logística
0,9.17,38.1,24,Femenino,8,46.0,0,4,14.6,0,Comercio & Retail
1,49.87,77.9,60,Masculino,14,44.9,1,450,18.8,1,Comercio & Retail
0,12.89,52.8,21,Femenino,7,41.4,0,1,58.4,0,Comercio & Retail
0,9.47,40.1,54,Masculino,8,60.2,0,1,17.2,0,Manufactura
0,10.48,42.4,55,Femenino,11,36.4,0,1,30.8,1,Comercio & Retail
0,13.66,56.4,49,Masculino,10,40.2,0,2,51.9,1,Comercio & Retail
0,13.52,57.9,28,Masculino,9,38.3,0,2,38.7,0,Manufactura
0,14.79,65.7,18,Masculino,12,53.8,0,2,8.2,0,Manufactura
0,13.79,58.6,42,Femenino,8,80.0,0,2,31.0,0,Tecnología
1,36.78,53.9,59,Masculino,14,44.2,1,45,4.2,1,Servicios Personales
0,12.26,48.9,41,Femenino,11,46.2,0,2,14.6,0,Servicios Personales
0,14.74,73.2,60,Masculino,14,62.6,0,1,22.1,1,Servicios Personales
0,12.03,27.4,34,Masculino,7,41.3,0,4,8.0,0,Comercio & Retail
0,13.33,43.4,25,Masculino,9,58.0,1,8,30.8,0,Servicios Personales
0,12.08,21.7,62,Masculino,3,51.0,0,2,44.0,0,Comercio & Retail
0,16.0,85.2,44,Masculino,15,45.6,0,1,8.0,1,Tecnología
1,54.22,100.0,35,Masculino,19,44.3,1,120,19.7,1,Manufactura
1,43.27,58.2,44,Femenino,9,42.5,1,45,9.4,1,Logística
1,45.42,77.7,39,Femenino,11,47.3,1,120,27.8,1,Manufactura
0,13.75,69.0,33,Masculino,10,41.8,0,1,33.9,0,Tecnología
0,13.55,42.9,19,Masculino,5,45.0,0,1,10.8,0,Servicios Personales
0,17.38,82.6,22,Masculino,15,36.2,0,1,6.1,0,Servicios Personales
0,10.91,45.1,35,Masculino,9,57.3,0,4,39.0,0,Agroindustria
0,7.74,9.1,20,Masculino,2,60.8,0,2,9.2,1,Comercio & Retail
0,8.78,35.9,44,Masculino,7,49.5,0,2,23.9,0,Logística
0,12.12,43.4,34,Femenino,5,29.0,0,2,20.7,0,Agroindustria
0,12.36,51.9,33,Masculino,10,67.9,0,8,24.8,0,Tecnología
0,15.3,61.1,23,Femenino,10,45.1,0,1,15.1,1,Manufactura
1,43.85,56.7,24,Femenino,15,37.8,1,45,41.2,1,Servicios Personales
1,53.75,88.3,31,Femenino,17,39.6,1,45,18.5,0,Manufactura
1,48.02,74.4,55,Masculino,17,46.9,1,45,27.6,1,Manufactura
0,9.56,31.7,57,Femenino,6,34.7,0,1,8.8,0,Comercio & Retail
1,50.31,79.7,32,Masculino,12,44.5,1,12,34.2,1,Manufactura
0,13.75,88.5,64,Masculino,13,42.9,0,2,21.9,0,Agroindustria
0,13.57,36.3,64,Masculino,8,35.5,0,8,12.5,0,Comercio & Retail
0,12.99,56.7,50,Masculino,11,59.1,0,2,3.7,0,Servicios Personales
0,13.12,61.8,60,Masculino,12,47.2,0,1,23.1,0,Logística
1,44.88,54.4,44,Femenino,8,37.5,1,12,3.3,1,Servicios Personales
1,42.42,70.3,46,Femenino,15,38.5,1,45,4.8,0,Tecnología
0,9.93,50.9,54,Masculino,11,56.0,0,2,27.4,0,Logística
0,14.27,53.9,22,Femenino,9,41.0,0,1,25.6,1,Servicios Personales
0,10.34,35.8,46,Masculino,5,48.3,0,2,34.7,1,Servicios Personales
1,47.97,79.7,49,Masculino,14,41.3,1,12,19.6,1,Manufactura
0,13.48,48.2,23,Femenino,10,43.4,0,4,16.5,1,Manufactura
0,11.67,53.0,19,Masculino,10,58.7,0,8,43.2,1,Logística
0,14.11,50.8,23,Masculino,7,41.6,0,1,3.8,1,Comercio & Retail
1,47.41,66.4,63,Femenino,13,46.8,1,45,13.5,1,Comercio & Retail
0,7.53,22.2,60,Masculino,6,67.2,0,2,10.8,1,Agroindustria
0,10.23,39.2,21,Masculino,2,68.4,0,1,6.4,1,Agroindustria
0,10.88,42.2,46,Femenino,7,42.7,0,1,9.5,0,Manufactura
1,42.24,58.3,42,Masculino,11,43.2,1,12,45.9,1,Tecnología
1,50.44,84.3,26,Femenino,11,40.6,1,45,2.3,0,Comercio & Retail
1,46.9,80.1,20,Masculino,11,45.7,1,45,18.9,1,Servicios Personales
0,11.44,60.5,43,Femenino,9,45.7,0,1,61.2,0,Comercio & Retail
0,12.05,48.1,60,Masculino,11,45.7,0,2,47.7,0,Comercio & Retail
0,15.59,100.0,44,Masculino,21,57.4,0,1,42.4,0,Manufactura
0,9.98,41.3,53,Masculino,11,41.8,0,1,6.3,0,Agroindustria
0,11.88,48.4,49,Masculino,8,56.5,0,4,20.1,0,Comercio & Retail
0,10.13,50.4,18,Femenino,10,52.1,0,2,15.7,0,Servicios Personales
0,14.75,44.0,33,Masculino,9,45.4,0,2,41.4,0,Comercio & Retail
0,12.15,57.3,28,Masculino,10,30.2,0,4,12.5,1,Tecnología
0,13.7,49.1,43,Masculino,7,40.9,0,1,50.2,0,Manufactura
0,16.31,74.9,57,Femenino,13,25.2,0,2,16.4,1,Tecnología
0,14.1,58.2,18,Masculino,11,46.2,1,2,29.9,1,Comercio & Retail
0,11.64,40.9,43,Masculino,7,47.8,0,1,37.3,0,Logística
1,54.9,79.5,45,Masculino,14,41.3,1,45,33.2,1,Manufactura
0,11.16,35.8,26,Masculino,3,43.4,0,2,8.7,1,Comercio & Retail
1,53.84,88.4,61,Femenino,18,41.1,1,45,8.5,0,Comercio & Retail
1,46.94,74.3,39,Masculino,17,51.5,1,120,43.2,1,Comercio & Retail
0,14.9,66.1,25,Femenino,17,56.6,0,1,51.6,1,Servicios Personales
0,12.21,53.6,59,Femenino,8,50.1,0,1,42.6,0,Comercio & Retail
0,11.67,68.7,44,Masculino,11,54.7,0,1,6.2,0,Comercio & Retail
0,14.88,45.0,56,Masculino,8,53.7,0,1,7.2,0,Manufactura
1,48.18,66.7,36,Femenino,12,49.2,1,450,33.3,1,Comercio & Retail
1,47.52,68.2,42,Femenino,10,45.8,1,120,19.9,1,Comercio & Retail
1,48.24,67.1,55,Femenino,8,41.7,1,120,7.4,1,Comercio & Retail
0,11.42,43.0,38,Femenino,8,54.1,0,1,44.9,0,Manufactura
0,9.18,54.1,41,Femenino,10,38.3,0,4,39.0,0,Manufactura
1,59.26,100.0,41,Femenino,21,38.9,1,450,34.1,1,Comercio & Retail
0,14.08,62.9,36,Femenino,15,50.1,0,4,13.0,0,Manufactura
0,10.71,33.6,64,Masculino,10,60.4,0,1,68.3,0,Comercio & Retail
0,9.55,37.7,19,Masculino,9,55.1,0,2,21.1,1,Agroindustria
0,12.99,60.2,31,Femenino,12,56.3,0,4,29.5,0,Comercio & Retail
0,11.18,39.8,49,Masculino,8,59.5,1,8,23.7,0,Agroindustria
0,10.92,42.8,59,Masculino,9,48.7,0,2,22.8,0,Comercio & Retail
0,9.3,27.5,49,Femenino,3,64.3,1,1,14.8,0,Servicios Personales
0,13.12,54.9,45,Femenino,10,53.1,0,1,42.0,1,Servicios Personales
0,12.2,47.4,56,Femenino,10,40.8,0,4,56.4,0,Manufactura
0,10.04,30.9,57,Femenino,8,50.0,0,1,22.7,1,Agroindustria
0,14.66,67.1,59,Femenino,12,46.7,0,1,42.5,0,Comercio & Retail
1,48.19,65.5,64,Masculino,10,41.2,1,45,4.6,1,Tecnología
0,10.11,40.8,57,Masculino,8,33.1,0,1,23.3,0,Comercio & Retail
0,11.84,63.2,30,Masculino,13,29.0,0,2,26.6,0,Servicios Personales
1,40.05,59.1,29,Femenino,9,31.1,1,12,55.0,1,Manufactura
0,11.81,49.5,25,Masculino,6,38.2,0,2,15.0,0,Logística
0,7.23,22.4,32,Masculino,3,31.0,0,1,20.0,0,Manufactura
1,49.09,74.0,43,Masculino,15,44.5,0,12,12.4,1,Tecnología
0,16.85,69.8,29,Femenino,10,44.1,0,1,24.6,0,Tecnología
1,43.85,63.8,60,Masculino,10,41.5,1,12,19.0,1,Comercio & Retail
0,11.28,43.6,63,Masculino,10,50.4,0,4,22.1,0,Servicios Personales
0,15.47,57.8,44,Masculino,15,52.0,0,1,34.3,0,Logística
1,35.45,56.2,35,Masculino,11,46.2,1,120,19.0,1,Servicios Personales
1,43.31,69.3,62,Femenino,16,43.2,1,12,39.6,1,Servicios Personales
0,15.96,63.7,53,Masculino,11,38.2,0,1,18.9,0,Agroindustria
0,9.24,22.1,44,Femenino,0,55.3,0,2,34.4,1,Servicios Personales
1,48.36,77.6,26,Masculino,15,41.1,1,12,28.9,1,Comercio & Retail
0,10.14,50.9,56,Femenino,11,41.1,0,1,28.9,1,Manufactura
0,9.31,34.3,18,Femenino,8,54.7,0,2,6.1,0,Logística
0,12.83,57.6,24,Masculino,9,49.9,0,2,50.2,0,Logística
0,12.91,59.3,43,Masculino,9,42.5,0,4,35.7,0,Comercio & Retail
0,13.1,46.1,24,Femenino,5,39.2,0,2,9.8,0,Tecnología
1,40.37,64.1,24,Masculino,13,39.8,1,120,20.6,0,Manufactura
0,11.65,46.1,25,Masculino,8,37.4,1,2,20.4,0,Tecnología
0,9.16,51.1,33,Femenino,7,73.9,0,2,13.8,0,Logística
1,58.44,100.0,20,Femenino,22,41.9,1,45,38.2,1,Manufactura
0,8.2,33.3,62,Masculino,6,51.1,0,1,5.7,0,Agroindustria
0,10.49,46.6,27,Femenino,10,56.5,0,4,5.2,0,Comercio & Retail
0,8.47,26.2,24,Femenino,1,55.0,1,1,22.2,0,Logística
0,15.61,72.1,38,Femenino,15,54.8,0,1,36.1,0,Servicios Personales
0,11.45,45.6,54,Femenino,9,42.3,0,2,27.9,0,Logística
0,16.84,71.5,48,Masculino,13,41.7,0,2,20.5,0,Logística
0,10.98,31.9,40,Femenino,6,38.3,0,1,38.0,0,Manufactura
0,8.47,25.2,44,Femenino,4,56.6,0,1,15.1,0,Tecnología
0,9.05,43.4,39,Femenino,7,50.8,0,4,12.0,0,Comercio & Retail
1,45.52,70.3,56,Femenino,15,38.9,1,45,15.3,1,Comercio & Retail
0,16.81,77.1,44,Femenino,12,55.4,0,1,27.3,1,Manufactura
0,9.07,36.3,21,Masculino,4,48.2,0,1,25.5,1,Comercio & Retail
0,7.71,20.3,41,Masculino,1,22.8,0,1,20.7,0,Comercio & Retail
0,12.72,65.0,40,Femenino,9,54.4,0,4,17.7,0,Logística
1,42.76,71.8,36,Femenino,14,42.7,1,45,18.7,1,Agroindustria
0,11.66,53.8,59,Femenino,7,50.5,0,1,24.7,0,Servicios Personales
0,12.49,61.1,20,Femenino,14,68.0,0,1,54.1,0,Comercio & Retail
0,11.66,48.7,44,Masculino,10,30.0,0,1,15.7,0,Agroindustria
1,52.51,73.4,20,Femenino,17,43.9,1,45,17.1,1,Servicios Personales
0,12.5,48.0,45,Femenino,7,38.0,0,1,33.7,1,Tecnología
0,10.69,39.6,34,Masculino,10,41.6,0,2,28.7,0,Agroindustria
0,14.05,50.2,48,Femenino,8,21.9,0,4,38.5,1,Comercio & Retail
0,13.64,66.1,27,Masculino,14,53.8,0,1,9.4,1,Comercio & Retail
0,10.98,64.3,39,Masculino,12,38.4,0,1,30.0,0,Comercio & Retail
0,9.16,30.8,47,Femenino,4,49.0,0,1,27.9,0,Servicios Personales
1,47.03,72.6,38,Masculino,13,40.7,1,12,56.4,1,Comercio & Retail
0,13.15,53.4,53,Masculino,4,66.7,0,2,20.4,0,Agroindustria
0,14.19,63.2,40,Femenino,7,65.3,0,2,45.1,0,Manufactura
0,15.49,75.2,55,Masculino,13,33.4,0,2,26.4,0,Tecnología
0,10.88,31.6,29,Masculino,5,50.8,0,1,32.6,0,Manufactura
1,39.02,52.9,42,Masculino,9,46.8,1,120,34.5,1,Servicios Personales
1,40.61,63.0,37,Masculino,13,39.7,1,120,25.7,1,Agroindustria
1,41.67,55.6,59,Masculino,12,45.8,1,45,22.6,1,Manufactura
0,10.85,39.5,24,Femenino,11,53.9,1,4,36.7,0,Comercio & Retail
1,46.6,64.7,46,Masculino,13,39.7,1,12,23.2,1,Manufactura
0,16.03,77.8,46,Femenino,15,62.5,0,1,10.4,1,Servicios Personales
0,11.74,41.1,30,Femenino,5,45.2,0,1,42.5,0,Manufactura
1,41.5,60.1,20,Masculino,11,43.4,0,450,7.8,1,Servicios Personales
0,12.35,64.1,19,Masculino,14,33.2,0,2,20.2,0,Comercio & Retail
0,13.05,62.0,33,Femenino,13,24.8,1,1,5.1,0,Logística
0,14.66,60.2,47,Masculino,9,45.3,0,4,45.8,1,Comercio & Retail
0,9.88,33.9,55,Femenino,9,34.0,0,1,12.5,0,Tecnología
1,44.54,61.9,23,Femenino,13,39.3,1,45,23.0,1,Agroindustria
0,12.29,59.2,62,Femenino,11,67.5,0,1,17.8,1,Servicios Personales
0,15.86,66.9,24,Femenino,14,55.8,0,2,15.7,1,Comercio & Retail
0,8.52,39.8,22,Femenino,10,49.0,0,8,28.3,1,Logística
0,11.45,60.3,24,Masculino,9,45.6,1,2,31.0,0,Comercio & Retail
0,9.07,38.6,51,Femenino,3,59.4,0,1,11.6,1,Manufactura
0,10.06,41.1,49,Femenino,9,62.0,1,1,20.1,0,Comercio & Retail
0,7.42,5.0,30,Masculino,5,35.8,0,1,31.1,0,Comercio & Retail
0,10.78,47.0,47,Masculino,3,42.9,0,8,18.5,1,Logística
0,8.46,38.8,42,Femenino,7,45.0,1,2,20.2,0,Comercio & Retail
0,13.99,57.3,38,Femenino,13,57.8,0,1,14.0,0,Comercio & Retail
0,12.68,49.9,38,Femenino,9,44.5,0,4,18.9,0,Manufactura
0,15.51,62.2,45,Masculino,11,51.7,0,2,28.3,0,Agroindustria
0,16.8,60.7,37,Masculino,13,46.0,0,4,42.4,0,Comercio & Retail
0,12.07,56.3,51,Masculino,10,58.6,0,1,7.5,0,Logística
0,12.62,41.8,22,Femenino,7,56.5,0,4,6.4,0,Manufactura
0,9.51,40.1,35,Masculino,8,42.1,0,1,24.3,0,Agroindustria
0,12.58,50.7,56,Femenino,13,38.1,0,4,17.3,0,Tecnología
1,49.8,68.3,60,Femenino,10,42.9,1,450,42.7,1,Servicios Personales
0,8.6,20.6,28,Femenino,0,67.5,0,1,26.4,0,Comercio & Retail
0,13.02,43.3,34,Masculino,9,79.0,0,4,25.5,0,Tecnología
1,45.31,67.1,62,Masculino,12,42.6,1,120,44.3,1,Tecnología
0,12.2,50.3,39,Masculino,11,27.5,0,2,31.8,0,Tecnología
0,9.1,38.6,54,Masculino,6,39.6,1,1,8.7,0,Manufactura
0,13.75,48.9,37,Femenino,7,38.1,0,1,63.8,0,Manufactura
0,11.12,31.6,63,Femenino,3,44.3,0,2,25.3,0,Servicios Personales
0,13.54,58.9,23,Masculino,12,22.1,0,4,39.2,0,Comercio & Retail
0,13.85,71.2,51,Masculino,12,34.8,0,1,14.8,0,Manufactura
0,10.81,51.1,31,Masculino,9,67.8,0,4,21.0,0,Manufactura
0,11.73,45.7,40,Femenino,9,55.3,0,4,24.3,0,Manufactura
0,13.4,55.8,37,Masculino,6,48.7,0,1,14.9,1,Comercio & Retail
0,11.45,47.8,30,Femenino,11,42.9,0,2,30.7,1,Servicios Personales
0,10.68,35.0,64,Masculino,4,43.2,0,1,22.3,0,Agroindustria
1,54.86,81.2,61,Femenino,13,33.8,1,45,28.4,1,Comercio & Retail
1,41.41,46.0,58,Masculino,12,40.7,1,12,10.2,1,Comercio & Retail
1,54.24,87.4,49,Femenino,14,41.8,1,120,5.0,1,Logística
1,54.62,71.9,43,Masculino,10,37.1,1,45,37.3,1,Comercio & Retail
0,9.81,42.3,31,Masculino,8,40.1,0,2,17.6,0,Servicios Personales
0,14.9,65.9,53,Femenino,12,60.9,0,1,35.7,0,Servicios Personales
0,13.17,59.6,25,Femenino,13,33.6,0,4,14.9,0,Tecnología
0,10.36,30.7,57,Masculino,6,37.1,0,2,27.6,0,Manufactura
0,10.58,43.7,39,Femenino,10,59.2,0,2,3.7,0,Servicios Personales
1,52.18,75.9,39,Femenino,11,44.5,1,45,24.8,1,Tecnología
1,42.52,60.7,33,Masculino,12,34.6,1,45,8.3,1,Servicios Personales
0,12.13,37.1,44,Masculino,9,55.2,1,1,11.2,0,Agroindustria
1,46.52,73.4,27,Femenino,12,40.3,1,120,54.6,1,Comercio & Retail
0,12.0,45.7,42,Masculino,6,46.4,1,4,21.6,1,Comercio & Retail
1,58.48,90.8,48,Masculino,18,38.8,1,45,6.1,1,Manufactura
0,9.98,40.4,38,Masculino,8,36.2,0,2,31.8,0,Comercio & Retail
0,13.5,59.0,44,Masculino,12,60.2,0,1,57.9,1,Comercio & Retail
0,13.38,67.7,34,Masculino,8,41.5,0,1,8.4,0,Logística
0,12.12,58.9,50,Femenino,10,49.2,0,1,25.3,0,Servicios Personales
0,11.13,33.7,48,Masculino,6,34.9,0,1,22.4,1,Manufactura
1,51.37,78.4,59,Femenino,14,37.5,1,45,8.9,1,Manufactura
0,12.55,51.4,43,Femenino,7,29.1,0,1,9.0,0,Servicios Personales
1,46.9,73.1,38,Masculino,10,43.9,0,45,35.1,1,Comercio & Retail
1,37.44,55.7,53,Femenino,10,50.1,0,12,29.5,1,Comercio & Retail
0,10.06,50.3,18,Masculino,7,35.8,0,1,28.3,0,Logística
0,10.12,20.3,21,Masculino,0,46.5,0,1,0.5,0,Agroindustria
0,14.59,63.9,21,Femenino,14,74.9,0,1,14.4,0,Agroindustria
0,12.17,45.3,43,Femenino,11,42.8,0,8,49.0,0,Comercio & Retail
0,10.93,33.2,21,Masculino,3,42.8,0,1,24.4,1,Comercio & Retail
0,8.6,33.9,26,Masculino,3,44.2,0,1,38.8,0,Comercio & Retail
0,9.62,26.7,47,Masculino,9,67.9,0,4,11.2,0,Comercio & Retail
0,13.85,60.3,62,Masculino,10,69.8,0,2,15.3,0,Tecnología
0,11.06,50.2,21,Femenino,9,57.8,0,1,7.0,1,Servicios Personales
0,16.58,79.4,22,Femenino,15,58.0,0,1,33.0,0,Comercio & Retail
0,9.19,26.2,62,Masculino,4,41.5,0,4,20.8,0,Agroindustria
1,44.0,73.5,40,Femenino,11,41.8,1,12,10.5,0,Servicios Personales
0,15.84,73.3,33,Masculino,12,63.2,0,2,54.4,0,Manufactura
0,12.92,49.1,39,Femenino,12,56.7,0,4,44.2,0,Comercio & Retail
0,12.11,57.2,54,Masculino,13,49.0,0,2,33.2,1,Comercio & Retail
0,14.95,55.6,25,Masculino,10,45.8,0,1,28.7,0,Logística
0,12.55,52.8,50,Masculino,11,47.0,0,2,46.7,0,Comercio & Retail
0,13.19,61.8,55,Masculino,9,55.0,1,1,8.6,1,Logística
0,9.85,20.9,60,Masculino,4,68.6,0,1,33.1,1,Agroindustria
0,13.61,69.7,33,Masculino,11,47.3,0,1,13.4,1,Manufactura
0,11.02,22.7,22,Masculino,8,27.7,0,1,40.8,1,Comercio & Retail
0,14.23,39.0,33,Masculino,7,56.7,1,1,29.7,0,Servicios Personales
1,49.08,72.9,24,Masculino,11,44.3,1,120,18.3,1,Logística
1,46.67,62.4,18,Masculino,12,45.2,1,45,50.8,1,Servicios Personales
0,11.5,43.3,26,Femenino,7,52.5,0,2,3.8,1,Comercio & Retail
1,46.76,66.8,35,Femenino,11,43.4,1,45,40.6,1,Agroindustria
0,11.41,60.3,62,Femenino,10,40.4,0,1,18.3,1,Tecnología
0,9.44,57.9,64,Femenino,11,49.9,1,1,16.2,1,Comercio & Retail
0,15.01,88.2,20,Femenino,15,36.0,0,1,25.5,1,Manufactura
0,14.16,64.3,41,Femenino,12,50.3,0,1,28.2,0,Comercio & Retail
0,12.54,64.4,45,Masculino,11,60.9,0,1,35.1,0,Agroindustria
0,10.83,52.5,27,Masculino,7,71.6,1,2,28.1,0,Comercio & Retail
0,7.05,18.7,26,Femenino,7,49.4,0,4,75.8,0,Comercio & Retail
0,12.33,55.8,30,Femenino,12,28.8,0,4,30.1,0,Servicios Personales
0,8.3,25.1,52,Masculino,4,49.6,0,1,9.4,0,Comercio & Retail
0,11.9,57.6,40,Masculino,9,30.3,0,1,46.0,0,Manufactura
0,14.86,60.4,64,Masculino,7,55.2,0,1,19.1,0,Logística
0,11.71,32.3,34,Masculino,9,64.0,0,4,28.0,0,Comercio & Retail
0,7.49,46.8,63,Masculino,9,60.6,0,2,40.6,0,Comercio & Retail
1,46.65,65.9,24,Femenino,10,41.4,1,450,23.3,1,Servicios Personales
0,11.48,45.6,33,Femenino,12,33.0,0,8,20.3,1,Comercio & Retail
0,12.15,74.8,57,Masculino,14,39.4,0,1,9.6,0,Logística
1,52.33,75.6,53,Femenino,14,39.2,1,12,15.6,1,Comercio & Retail
0,12.31,56.4,37,Masculino,9,21.7,0,1,30.3,1,Agroindustria
0,11.16,35.8,41,Masculino,8,49.1,0,1,57.4,0,Manufactura
0,10.21,42.6,64,Masculino,7,39.2,0,1,11.6,1,Comercio & Retail
0,8.94,39.0,22,Femenino,9,41.4,0,2,38.6,1,Comercio & Retail
1,40.68,50.1,62,Masculino,6,47.6,1,45,11.3,1,Servicios Personales
0,11.8,52.4,23,Masculino,12,24.0,0,1,38.8,1,Comercio & Retail
1,43.52,71.4,45,Masculino,14,49.4,1,120,20.7,1,Tecnología
0,9.86,51.9,22,Femenino,4,66.3,0,2,41.9,0,Comercio & Retail
1,47.3,66.3,56,Masculino,10,37.5,1,45,6.0,1,Comercio & Retail
0,13.9,61.3,55,Masculino,16,48.5,0,1,65.0,0,Comercio & Retail
0,9.13,28.0,19,Masculino,4,52.2,0,2,45.1,0,Agroindustria
1,49.69,79.7,60,Masculino,16,41.1,1,12,30.8,1,Servicios Personales
0,10.41,41.1,56,Masculino,7,62.7,0,1,10.3,1,Servicios Personales
0,11.64,50.9,38,Femenino,8,54.9,0,1,19.0,0,Manufactura
0,14.14,69.2,57,Femenino,12,73.6,0,4,30.8,0,Logística
1,54.33,81.3,54,Masculino,12,40.4,1,120,33.0,0,Logística
1,43.71,50.3,35,Masculino,10,40.5,1,45,11.2,1,Logística
0,13.79,50.4,63,Femenino,7,46.7,0,1,25.7,1,Servicios Personales
0,6.71,33.2,29,Masculino,5,59.6,0,1,24.0,0,Servicios Personales
0,14.07,70.7,34,Femenino,10,53.1,1,1,25.6,1,Comercio & Retail
0,13.11,54.9,54,Femenino,9,47.4,0,1,10.9,0,Servicios Personales
0,10.44,43.4,63,Masculino,7,49.7,0,1,3.4,1,Comercio & Retail
0,10.74,48.4,55,Femenino,9,62.7,0,2,17.4,0,Servicios Personales
0,12.65,50.3,32,Femenino,11,29.1,0,2,21.7,1,Manufactura
0,15.1,79.7,24,Femenino,14,35.6,0,2,61.7,0,Manufactura
0,11.87,50.8,31,Masculino,11,47.0,0,2,44.6,1,Servicios Personales
0,10.79,32.3,18,Femenino,9,60.3,0,1,38.3,0,Comercio & Retail
0,14.06,33.4,55,Femenino,7,36.2,0,1,64.7,0,Logística
0,11.11,44.5,20,Femenino,7,47.0,0,1,43.9,0,Comercio & Retail
0,12.68,46.8,54,Femenino,11,40.0,0,2,19.7,1,Manufactura
1,36.78,50.9,61,Femenino,11,35.8,1,45,21.1,1,Comercio & Retail
0,11.65,32.1,48,Femenino,9,52.1,0,2,13.6,1,Comercio & Retail
0,12.29,58.7,60,Femenino,13,43.6,0,1,7.7,0,Comercio & Retail
1,49.63,72.1,30,Masculino,10,35.4,1,120,40.0,1,Manufactura
0,11.4,40.7,35,Femenino,8,49.7,0,1,16.0,1,Manufactura
0,10.93,45.9,34,Femenino,8,75.9,0,1,13.9,1,Agroindustria
1,48.74,65.4,34,Femenino,7,36.9,1,45,4.2,1,Comercio & Retail
1,47.01,66.3,28,Femenino,12,41.3,1,45,35.8,1,Comercio & Retail
0,10.56,49.9,37,Masculino,8,22.3,0,1,28.6,1,Comercio & Retail
0,11.68,45.5,27,Femenino,10,39.3,0,1,49.8,0,Manufactura
0,11.64,45.3,46,Femenino,7,44.6,0,1,33.1,1,Comercio & Retail
0,12.81,68.3,51,Femenino,9,45.2,0,1,9.2,1,Comercio & Retail
0,10.65,42.9,34,Masculino,10,40.7,0,2,1.8,0,Comercio & Retail
1,49.9,89.1,59,Femenino,19,38.8,1,45,22.2,1,Servicios Personales
0,7.08,23.3,30,Masculino,5,39.3,0,2,23.0,0,Logística
1,52.06,83.2,61,Femenino,13,38.1,1,120,23.9,1,Comercio & Retail
0,11.32,31.2,64,Femenino,7,47.2,0,1,34.8,0,Logística
0,14.52,68.0,56,Masculino,15,55.8,1,1,25.8,0,Servicios Personales
0,10.82,31.4,44,Masculino,7,34.4,0,1,30.0,0,Agroindustria
0,13.22,57.2,43,Masculino,14,54.1,0,1,27.2,1,Comercio & Retail
0,11.73,59.9,45,Femenino,11,53.4,1,1,35.8,1,Comercio & Retail
0,8.78,31.5,30,Masculino,5,53.8,0,1,57.7,0,Comercio & Retail
0,13.22,62.5,29,Femenino,11,37.8,0,1,42.6,0,Manufactura
0,15.55,69.2,61,Masculino,12,42.5,0,8,30.9,0,Servicios Personales
0,10.07,46.2,45,Masculino,12,46.9,0,2,37.1,0,Comercio & Retail
0,14.41,54.0,19,Femenino,9,49.4,0,1,14.1,0,Agroindustria
0,14.29,85.9,54,Masculino,20,46.5,0,1,1.5,0,Servicios Personales
1,52.18,84.4,51,Masculino,17,44.7,1,12,30.7,1,Logística
0,14.71,62.3,40,Femenino,11,49.0,0,1,4.5,1,Manufactura
0,9.69,32.4,62,Masculino,5,33.4,0,2,24.9,1,Servicios Personales
0,12.84,52.2,46,Masculino,6,50.0,0,4,19.0,0,Comercio & Retail
0,7.02,36.7,52,Femenino,9,40.8,1,2,67.7,0,Tecnología
0,11.7,43.7,28,Masculino,10,60.6,0,1,52.9,0,Comercio & Retail
0,10.03,45.4,50,Femenino,7,41.8,0,1,31.1,1,Manufactura
0,11.38,68.1,28,Masculino,8,32.3,0,2,33.2,0,Logística
0,6.53,13.6,26,Masculino,2,39.9,0,4,45.7,1,Comercio & Retail
0,11.58,22.3,31,Masculino,2,57.7,0,8,26.1,1,Agroindustria
1,44.61,66.9,26,Femenino,10,36.2,1,45,38.9,1,Manufactura
1,52.23,88.2,56,Masculino,16,42.1,1,12,11.0,1,Comercio & Retail
0,12.0,37.2,20,Femenino,4,59.7,0,2,29.1,1,Manufactura
0,10.38,43.8,46,Femenino,9,31.5,0,1,21.8,0,Servicios Personales
0,13.51,54.7,36,Femenino,10,48.7,0,1,18.6,1,Comercio & Retail
0,15.17,59.3,53,Masculino,11,55.4,0,2,44.3,0,Servicios Personales
0,12.93,57.4,49,Masculino,8,53.6,0,1,16.6,1,Manufactura
0,8.47,37.7,24,Femenino,6,34.9,0,1,32.5,0,Comercio & Retail
0,14.62,76.6,45,Masculino,12,40.8,0,1,18.9,0,Servicios Personales
0,9.12,26.5,61,Femenino,3,32.7,0,1,35.8,0,Comercio & Retail
0,14.92,60.4,35,Masculino,11,47.9,1,2,36.9,0,Comercio & Retail
0,8.18,41.7,22,Masculino,7,36.8,0,1,13.1,1,Tecnología
0,12.93,57.2,40,Femenino,11,55.1,0,1,26.5,1,Manufactura
1,46.29,70.3,39,Femenino,14,39.2,1,45,16.3,1,Manufactura
0,11.78,43.3,43,Femenino,7,50.9,0,4,11.5,0,Logística
0,10.22,34.8,59,Femenino,9,20.8,0,2,40.9,0,Servicios Personales
0,11.89,44.2,29,Masculino,8,62.3,0,1,19.8,0,Comercio & Retail
1,60.4,100.0,57,Femenino,19,38.5,1,45,21.1,1,Comercio & Retail
0,9.39,36.9,36,Masculino,10,46.1,1,1,11.2,0,Agroindustria
1,38.05,48.6,64,Masculino,9,45.7,1,45,21.3,1,Comercio & Retail
0,12.04,49.4,18,Masculino,10,80.0,0,1,34.6,1,Comercio & Retail
1,50.59,78.3,20,Femenino,15,44.5,1,12,32.0,1,Tecnología
0,13.32,52.1,44,Masculino,8,54.5,1,1,47.2,1,Comercio & Retail
1,46.24,68.5,35,Masculino,13,44.5,1,45,14.5,0,Comercio & Retail
0,7.39,22.9,47,Masculino,7,38.7,0,1,37.0,1,Servicios Personales
0,9.09,22.7,19,Masculino,7,65.9,0,2,11.9,1,Comercio & Retail
0,10.23,32.4,22,Femenino,11,22.8,0,4,18.0,0,Manufactura
0,15.15,73.6,46,Femenino,15,43.4,0,4,39.4,0,Manufactura
0,7.09,34.6,50,Masculino,9,46.4,0,1,34.0,1,Comercio & Retail
0,11.51,27.5,59,Masculino,9,44.4,0,1,7.4,0,Servicios Personales
0,15.05,53.8,37,Masculino,12,40.9,0,8,47.7,0,Servicios Personales
1,40.25,48.2,47,Femenino,10,38.4,1,450,6.3,1,Tecnología
0,13.03,66.2,59,Masculino,13,51.0,0,1,10.4,0,Tecnología
0,11.51,31.1,22,Femenino,4,42.4,0,1,46.3,0,Logística
0,13.07,39.6,38,Femenino,6,47.8,0,2,44.3,0,Logística
0,12.59,63.2,32,Femenino,10,56.9,1,1,8.0,0,Logística
0,13.99,60.1,37,Femenino,12,27.7,0,1,25.9,0,Comercio & Retail
0,13.86,62.5,25,Femenino,10,51.3,0,8,12.5,0,Comercio & Retail
0,11.14,51.5,48,Masculino,10,47.4,0,2,57.5,0,Servicios Personales
0,15.02,59.0,29,Masculino,12,43.6,1,1,16.1,0,Comercio & Retail
0,8.42,29.3,38,Masculino,5,49.6,0,2,67.4,1,Tecnología
1,40.66,62.6,47,Masculino,12,47.6,1,12,18.9,0,Comercio & Retail
1,51.59,77.6,44,Femenino,14,46.3,1,12,43.2,1,Logística
1,41.09,57.4,61,Masculino,9,38.1,1,120,20.8,1,Comercio & Retail
0,12.64,49.1,43,Masculino,7,51.1,0,1,7.8,1,Manufactura
0,16.96,70.1,50,Masculino,13,39.4,0,2,29.9,0,Logística
0,14.83,71.5,43,Masculino,17,46.3,0,2,28.0,1,Servicios Personales
0,17.33,86.6,43,Femenino,11,24.4,0,2,32.5,0,Agroindustria
0,10.51,29.7,53,Femenino,7,54.9,0,1,38.0,0,Manufactura
0,13.59,56.2,57,Femenino,10,50.5,0,1,32.2,1,Comercio & Retail
1,51.18,73.0,18,Masculino,7,45.7,1,12,55.1,1,Logística
0,14.26,75.8,32,Femenino,13,41.7,0,1,13.7,0,Servicios Personales
0,6.85,48.0,18,Masculino,10,67.9,0,1,23.5,0,Agroindustria
0,12.39,51.2,28,Femenino,6,67.5,1,2,6.7,0,Tecnología
1,46.01,61.0,19,Masculino,11,40.6,1,120,14.2,1,Comercio & Retail
0,11.55,38.8,18,Femenino,8,36.4,0,2,41.9,0,Servicios Personales
0,12.34,37.2,48,Femenino,5,42.5,0,4,14.0,0,Comercio & Retail
0,13.14,63.4,61,Femenino,13,58.0,0,2,8.5,0,Manufactura
1,44.42,56.9,33,Masculino,11,42.3,1,120,27.5,1,Servicios Personales
0,10.73,47.4,39,Femenino,8,62.5,0,2,55.1,0,Tecnología
1,55.64,82.0,59,Masculino,15,39.1,1,12,32.2,1,Logística
0,10.05,52.0,35,Femenino,7,25.8,0,4,35.2,0,Manufactura
0,10.68,39.7,64,Masculino,8,67.3,0,2,22.6,0,Tecnología
0,14.81,62.6,34,Femenino,11,66.3,0,4,31.6,0,Comercio & Retail
1,47.89,64.3,47,Masculino,13,47.0,1,12,29.4,1,Manufactura
0,14.96,66.7,27,Femenino,11,61.9,0,1,43.4,0,Servicios Personales
0,10.65,36.8,52,Masculino,8,58.1,0,1,32.5,0,Servicios Personales
0,11.72,50.8,38,Femenino,9,52.9,0,1,14.7,1,Agroindustria
0,10.68,28.7,33,Masculino,8,59.6,0,1,18.0,1,Servicios Personales
1,46.23,58.0,23,Masculino,9,44.7,1,12,31.3,1,Manufactura
0,14.87,69.0,20,Femenino,9,38.0,0,1,27.1,0,Manufactura
1,44.9,78.5,58,Femenino,12,45.4,1,12,54.8,0,Manufactura
1,41.34,51.4,60,Masculino,7,39.4,1,12,15.0,1,Comercio & Retail
1,46.16,76.7,38,Masculino,14,37.7,1,120,15.3,1,Comercio & Retail
1,52.13,75.7,30,Femenino,10,42.9,1,12,25.0,1,Comercio & Retail
0,11.16,37.4,35,Masculino,7,44.1,0,2,33.7,1,Comercio & Retail
1,35.7,56.5,41,Femenino,11,41.8,1,12,27.8,1,Logística
0,16.37,69.1,44,Femenino,10,57.2,0,1,56.4,0,Agroindustria
0,11.42,45.6,21,Femenino,8,61.7,0,1,11.6,0,Comercio & Retail
0,14.5,65.7,39,Masculino,15,29.3,0,1,21.8,1,Manufactura
0,12.95,35.8,41,Femenino,9,37.0,0,2,50.6,0,Servicios Personales
0,11.33,38.6,57,Masculino,8,42.5,0,1,9.5,1,Manufactura
1,55.65,88.6,62,Masculino,14,50.2,1,120,18.2,1,Manufactura
0,15.64,62.0,27,Femenino,12,46.0,0,4,33.9,0,Tecnología
0,15.41,59.4,19,Masculino,13,22.8,0,1,40.7,0,Manufactura
0,11.13,46.1,57,Masculino,8,51.8,0,1,46.5,1,Comercio & Retail
0,12.43,62.3,23,Femenino,11,39.0,0,1,57.8,0,Servicios Personales
0,8.7,16.4,35,Femenino,5,40.0,0,1,14.1,0,Comercio & Retail
0,5.71,18.1,34,Masculino,3,30.1,0,1,50.0,1,Manufactura
0,10.74,32.1,55,Masculino,8,44.5,0,1,28.8,0,Comercio & Retail
0,12.27,69.6,62,Femenino,10,38.3,0,1,19.3,0,Comercio & Retail
0,17.22,89.8,40,Femenino,19,28.3,0,8,28.3,1,Manufactura
0,14.36,73.2,63,Femenino,15,61.4,0,1,37.6,0,Manufactura
0,9.95,37.2,47,Femenino,6,47.7,0,4,15.1,0,Comercio & Retail
0,11.43,55.8,38,Femenino,13,50.0,1,1,24.4,0,Comercio & Retail
0,11.03,40.2,27,Masculino,5,28.8,0,4,19.2,0,Servicios Personales
1,59.11,97.4,60,Masculino,16,43.6,1,12,42.5,1,Comercio & Retail
0,11.14,40.8,30,Femenino,8,53.8,0,1,46.3,0,Manufactura
0,15.04,55.9,29,Masculino,8,22.0,0,1,32.7,1,Servicios Personales
0,14.74,69.9,26,Femenino,14,51.5,0,4,51.1,0,Tecnología
0,9.39,39.4,21,Femenino,8,53.9,0,1,9.8,1,Manufactura
1,50.52,92.1,56,Masculino,17,40.6,1,12,28.8,1,Agroindustria
0,7.87,30.8,41,Femenino,8,51.6,0,1,16.8,1,Manufactura
1,38.02,52.8,51,Femenino,13,42.9,1,450,24.0,1,Servicios Personales
0,15.02,72.7,56,Masculino,10,37.0,0,1,68.2,0,Comercio & Retail
1,44.01,63.0,58,Femenino,13,48.6,1,45,17.1,1,Comercio & Retail
0,13.32,50.9,22,Masculino,6,65.1,0,1,16.2,1,Tecnología
0,8.25,25.8,32,Femenino,3,50.5,0,2,22.7,0,Manufactura
0,8.87,13.6,21,Femenino,6,31.6,0,1,32.5,0,Agroindustria
1,42.27,53.8,56,Masculino,8,42.9,1,45,13.7,1,Comercio & Retail
1,39.06,54.7,25,Masculino,9,39.2,1,45,61.7,1,Manufactura
0,11.48,39.5,62,Femenino,8,54.8,0,1,10.1,0,Agroindustria
0,10.43,34.0,41,Masculino,2,44.8,0,1,22.8,0,Servicios Personales
0,12.61,56.4,45,Masculino,8,35.6,0,2,16.6,1,Comercio & Retail
1,39.43,47.4,60,Masculino,10,38.5,1,12,45.3,1,Manufactura
0,14.11,61.8,44,Femenino,9,51.3,0,1,9.3,1,Tecnología
0,12.4,53.2,18,Masculino,9,66.7,0,1,17.8,0,Comercio & Retail
0,10.32,47.7,51,Masculino,8,41.5,0,2,29.2,0,Tecnología
0,11.68,47.6,34,Masculino,10,62.0,0,1,38.5,0,Comercio & Retail
0,8.0,29.8,54,Masculino,6,43.2,0,4,4.2,0,Comercio & Retail
0,17.12,65.2,55,Femenino,9,43.0,1,2,14.5,0,Servicios Personales
0,14.2,50.8,43,Masculino,8,44.4,0,1,26.1,1,Logística
0,14.06,44.4,41,Masculino,5,54.0,1,1,40.5,1,Tecnología
0,11.0,46.2,56,Masculino,9,49.0,0,1,21.5,0,Servicios Personales
0,9.82,28.0,38,Masculino,2,51.5,0,1,4.3,0,Servicios Personales
0,10.01,39.5,47,Masculino,7,28.0,0,4,40.0,1,Agroindustria
0,16.32,65.7,64,Femenino,11,38.4,0,4,13.0,0,Comercio & Retail
0,11.28,49.0,30,Femenino,12,63.5,0,8,19.8,0,Manufactura
0,11.19,41.1,54,Masculino,10,62.9,0,1,35.9,1,Tecnología
0,12.23,47.9,20,Masculino,11,33.1,0,2,26.6,1,Comercio & Retail
0,15.81,62.9,49,Masculino,12,57.7,0,2,34.4,0,Comercio & Retail
0,11.2,32.8,52,Masculino,10,46.8,1,1,10.8,0,Comercio & Retail
1,43.4,75.6,36,Femenino,14,46.9,1,45,26.3,1,Agroindustria
0,12.06,29.1,31,Masculino,2,35.7,0,2,30.2,0,Manufactura
0,12.24,49.5,39,Masculino,13,25.2,0,1,1.1,1,Comercio & Retail
0,10.11,18.9,34,Masculino,2,34.9,0,2,19.9,0,Tecnología
0,12.24,65.6,21,Masculino,8,46.2,0,1,12.7,0,Manufactura
1,45.02,62.6,62,Femenino,13,40.8,1,12,25.7,1,Servicios Personales
0,12.38,52.9,57,Femenino,12,59.2,0,2,39.4,1,Comercio & Retail
0,11.17,35.2,36,Femenino,6,50.4,0,1,27.4,0,Servicios Personales
1,44.83,66.7,54,Femenino,10,44.6,0,120,28.1,1,Manufactura
0,8.68,35.5,19,Femenino,8,35.1,0,2,45.1,0,Manufactura
1,46.88,72.5,32,Masculino,13,40.3,1,12,36.9,1,Comercio & Retail
0,13.9,59.2,19,Femenino,10,56.5,0,1,32.6,0,Servicios Personales
0,10.15,46.9,28,Masculino,8,45.3,1,1,35.6,1,Servicios Personales
0,12.74,55.2,62,Femenino,11,54.3,1,4,20.1,0,Comercio & Retail
1,50.34,72.3,40,Femenino,12,36.8,1,45,14.5,1,Comercio & Retail
0,9.65,39.6,27,Femenino,9,26.7,0,2,34.3,1,Tecnología
0,13.44,67.0,20,Femenino,12,38.2,1,1,25.9,0,Agroindustria
0,10.68,63.5,22,Masculino,16,39.7,0,4,13.4,1,Comercio & Retail
0,10.76,32.6,20,Femenino,2,34.3,0,1,30.9,0,Manufactura
1,57.48,82.6,55,Femenino,15,44.5,1,45,51.6,1,Comercio & Retail
1,46.59,70.8,30,Masculino,15,46.5,1,45,13.4,1,Agroindustria
0,11.84,60.7,59,Femenino,12,41.1,0,1,22.5,0,Agroindustria
0,12.69,55.8,36,Femenino,9,59.4,0,2,15.2,1,Servicios Personales
0,8.33,17.4,57,Femenino,4,42.6,0,1,15.3,0,Manufactura
0,12.53,52.0,52,Masculino,10,48.0,0,2,42.2,0,Manufactura
0,11.74,47.0,41,Femenino,8,38.7,0,2,32.1,0,Agroindustria
0,7.87,17.9,41,Femenino,5,44.4,0,2,14.7,0,Manufactura
0,11.86,56.0,34,Masculino,8,42.2,0,1,49.9,1,Comercio & Retail
1,50.42,75.8,57,Masculino,10,39.1,1,12,37.5,0,Comercio & Retail
1,57.63,83.0,27,Femenino,11,47.6,1,45,42.6,0,Servicios Personales
0,7.48,19.5,19,Femenino,6,27.2,0,2,39.1,1,Servicios Personales
0,7.91,30.6,61,Femenino,1,26.5,0,1,41.8,0,Servicios Personales
0,13.03,44.7,40,Masculino,9,55.2,0,1,52.2,0,Manufactura
0,11.09,41.9,23,Femenino,7,41.8,0,1,37.3,0,Logística
0,8.33,37.2,19,Masculino,8,53.7,0,1,5.0,0,Manufactura
0,8.61,29.1,38,Masculino,2,40.7,0,1,59.8,0,Manufactura
0,11.47,26.0,52,Femenino,9,44.7,0,1,38.2,0,Manufactura
0,11.53,47.0,46,Masculino,11,56.7,0,1,33.8,0,Manufactura
0,10.15,24.4,24,Femenino,8,61.0,0,1,49.3,0,Manufactura
0,9.48,49.2,46,Femenino,10,57.1,0,1,27.8,0,Comercio & Retail
0,10.59,47.9,54,Femenino,9,41.2,0,1,15.4,1,Comercio & Retail
0,9.38,11.3,40,Femenino,3,22.2,0,2,42.3,0,Comercio & Retail
0,13.11,60.2,50,Masculino,10,28.9,0,1,36.2,0,Manufactura
0,12.92,47.3,25,Masculino,7,49.8,1,1,34.2,0,Tecnología
0,12.76,43.7,29,Femenino,5,38.8,0,2,19.8,0,Servicios Personales
1,48.77,81.1,63,Masculino,13,38.9,1,450,27.5,0,Comercio & Retail
0,12.99,56.3,27,Femenino,11,53.7,0,1,25.2,0,Servicios Personales
0,10.97,49.2,32,Femenino,8,73.6,1,2,49.0,1,Manufactura
0,7.79,40.8,41,Femenino,9,47.1,0,2,19.7,0,Agroindustria
0,15.05,59.7,43,Masculino,11,35.2,0,4,15.1,0,Tecnología
0,12.55,32.1,64,Masculino,4,45.4,0,1,24.3,0,Manufactura
1,41.6,54.3,59,Masculino,6,45.7,1,12,5.6,1,Manufactura
0,14.17,44.4,56,Masculino,6,48.2,0,1,17.4,0,Tecnología
1,45.84,68.6,20,Femenino,12,37.4,1,45,22.7,1,Manufactura
1,50.78,76.0,19,Femenino,16,37.3,1,120,29.6,1,Manufactura
0,7.73,30.3,23,Masculino,12,45.9,0,1,49.0,0,Comercio & Retail
0,8.65,55.2,38,Masculino,10,51.0,0,2,13.4,0,Comercio & Retail
0,11.14,34.2,26,Femenino,6,32.1,0,2,3.8,1,Servicios Personales
0,11.98,55.9,27,Masculino,13,55.4,0,2,50.6,1,Comercio & Retail
0,12.64,58.4,53,Femenino,9,46.6,0,1,29.4,1,Agroindustria
0,11.27,48.9,20,Femenino,6,50.8,0,2,29.9,1,Comercio & Retail
0,12.88,56.9,58,Masculino,13,55.5,0,1,9.0,0,Tecnología
0,15.97,75.4,41,Masculino,15,43.6,0,1,41.0,0,Manufactura
0,15.68,65.9,39,Femenino,13,53.8,0,1,6.7,1,Servicios Personales
1,51.96,100.0,31,Femenino,19,43.7,1,120,81.1,1,Manufactura
0,10.05,47.4,59,Femenino,7,47.6,0,1,24.5,0,Comercio & Retail
0,13.23,54.1,62,Masculino,8,66.0,0,1,14.7,1,Agroindustria
0,10.38,39.3,61,Masculino,7,32.3,0,4,46.2,1,Tecnología
0,11.9,47.1,44,Masculino,7,53.8,1,1,16.3,1,Manufactura
1,47.62,83.7,50,Femenino,15,40.3,1,45,25.1,1,Manufactura
0,12.55,62.2,39,Masculino,6,40.5,0,4,49.3,0,Manufactura
0,7.74,41.6,46,Masculino,8,46.8,0,2,35.8,0,Logística
1,50.21,71.3,36,Femenino,15,43.8,1,450,33.5,1,Comercio & Retail
0,16.4,51.6,36,Femenino,11,55.8,0,2,36.0,0,Agroindustria
0,10.05,34.5,23,Femenino,6,67.1,0,1,25.6,1,Logística
0,13.18,68.8,62,Femenino,10,64.1,0,4,18.0,0,Comercio & Retail
0,8.48,22.7,36,Masculino,4,46.7,0,4,26.7,0,Manufactura
0,13.73,54.9,30,Masculino,9,68.6,0,2,44.2,0,Servicios Personales
0,12.46,65.0,43,Masculino,10,43.5,0,1,30.4,0,Comercio & Retail
0,18.77,71.0,39,Femenino,11,62.1,0,1,43.6,0,Servicios Personales
1,61.01,97.5,38,Masculino,17,37.3,0,45,18.7,1,Comercio & Retail
0,13.47,71.7,53,Femenino,13,23.1,0,2,25.9,0,Comercio & Retail
0,13.98,42.7,19,Femenino,6,52.5,0,1,59.5,0,Comercio & Retail
0,12.82,49.3,64,Masculino,10,55.3,0,2,16.6,0,Logística
0,13.21,35.3,61,Femenino,10,65.7,0,1,7.3,1,Manufactura
0,17.74,77.0,47,Masculino,17,58.7,0,4,10.3,0,Agroindustria
0,13.05,48.6,44,Masculino,8,56.0,0,2,21.5,0,Manufactura
1,46.24,65.1,24,Masculino,10,44.3,0,45,52.1,1,Manufactura
1,47.63,74.0,37,Femenino,11,43.6,1,12,8.3,1,Comercio & Retail
0,9.13,39.1,48,Masculino,6,45.7,1,1,32.3,1,Agroindustria
0,10.44,42.2,40,Masculino,4,50.3,0,1,8.2,0,Servicios Personales
0,10.96,52.7,30,Masculino,9,52.5,0,1,8.0,1,Comercio & Retail
1,55.0,69.1,34,Masculino,13,42.2,1,12,52.2,1,Servicios Personales
0,11.96,32.0,21,Masculino,5,44.3,0,1,11.1,0,Comercio & Retail
0,13.45,50.2,31,Femenino,10,56.3,0,1,25.5,1,Manufactura
0,8.21,37.2,37,Masculino,7,65.8,0,2,9.3,0,Manufactura
0,9.28,21.5,30,Masculino,3,39.7,0,1,34.4,0,Tecnología
0,9.85,52.3,20,Masculino,11,16.4,0,2,49.7,0,Logística
0,14.96,71.5,43,Masculino,12,79.1,0,1,9.3,0,Comercio & Retail
1,49.71,79.7,43,Femenino,13,43.4,1,45,35.5,1,Servicios Personales
0,12.56,59.4,35,Femenino,13,36.7,0,2,10.2,1,Logística
0,9.79,46.1,49,Masculino,10,25.2,0,2,24.7,0,Manufactura
1,45.23,61.1,31,Femenino,12,39.9,1,12,24.8,1,Logística
0,11.07,50.3,64,Femenino,11,47.4,0,4,49.0,1,Comercio & Retail
0,6.27,5.0,20,Femenino,0,68.0,0,1,23.7,0,Comercio & Retail
0,7.85,27.5,18,Femenino,4,46.1,0,1,27.8,0,Manufactura
0,10.82,45.4,43,Masculino,7,61.8,0,2,33.6,0,Agroindustria
0,13.32,57.3,41,Masculino,10,45.2,0,4,26.6,1,Comercio & Retail
0,11.98,55.9,52,Femenino,11,34.1,0,2,24.9,1,Servicios Personales
0,10.08,57.8,31,Femenino,12,35.9,0,2,53.2,0,Manufactura
0,15.88,73.1,20,Femenino,13,47.5,1,1,9.6,0,Comercio & Retail
0,14.56,62.9,30,Femenino,11,41.0,0,4,41.2,0,Manufactura
1,47.0,64.7,64,Femenino,12,40.0,1,12,21.0,1,Comercio & Retail
0,16.01,73.4,31,Masculino,16,58.3,0,1,33.6,0,Agroindustria
0,14.58,76.3,38,Femenino,12,35.0,0,1,50.4,0,Logística
0,9.29,41.9,43,Masculino,10,41.5,0,2,28.6,1,Comercio & Retail
0,13.56,57.4,20,Masculino,12,60.2,0,1,14.2,0,Servicios Personales
0,14.71,57.1,57,Masculino,13,50.2,0,1,26.3,0,Servicios Personales
1,47.02,79.0,21,Femenino,16,46.7,1,45,18.3,1,Manufactura
0,11.16,32.3,53,Masculino,6,80.0,0,1,3.8,0,Tecnología
0,9.27,31.9,60,Femenino,4,35.1,0,1,18.9,1,Agroindustria
1,51.72,64.2,18,Masculino,11,44.7,1,45,30.3,1,Comercio & Retail
0,13.72,47.6,57,Femenino,5,66.9,0,8,50.4,0,Servicios Personales
0,13.75,53.1,64,Masculino,9,40.9,0,1,48.7,0,Servicios Personales
1,56.12,85.0,50,Femenino,17,38.7,1,45,52.1,1,Servicios Personales
0,12.47,59.3,24,Masculino,10,52.2,0,1,11.1,1,Manufactura
0,9.66,32.2,28,Masculino,10,48.2,0,2,20.1,0,Servicios Personales
0,12.15,47.6,44,Masculino,8,46.8,0,1,36.4,1,Comercio & Retail
0,12.5,67.9,31,Masculino,16,54.6,0,2,23.0,1,Comercio & Retail
1,45.8,56.5,39,Femenino,12,44.9,1,12,15.0,1,Servicios Personales
0,12.81,45.8,33,Femenino,8,38.2,0,1,38.8,0,Tecnología
1,56.79,88.5,63,Femenino,16,40.8,1,45,33.7,1,Comercio & Retail
0,10.73,41.3,29,Masculino,11,47.6,0,2,10.3,0,Servicios Personales
1,37.87,49.4,63,Masculino,8,42.8,1,12,31.1,1,Comercio & Retail
0,8.16,24.0,27,Masculino,2,36.6,0,1,36.3,0,Comercio & Retail
0,12.83,63.3,41,Femenino,11,55.0,0,2,16.6,1,Comercio & Retail
1,45.47,69.4,63,Masculino,8,38.0,1,45,43.4,1,Servicios Personales
0,15.35,66.6,35,Masculino,9,52.3,0,4,50.2,0,Comercio & Retail
1,39.57,53.9,39,Masculino,9,43.5,1,45,30.6,1,Logística
0,9.69,32.6,26,Masculino,3,36.2,0,8,20.1,0,Servicios Personales
1,61.95,94.6,34,Femenino,20,51.1,1,12,46.8,1,Manufactura
1,41.39,50.6,55,Femenino,7,45.4,1,12,47.7,1,Manufactura
1,44.91,67.4,57,Femenino,13,41.2,1,45,26.2,1,Servicios Personales
0,10.92,55.3,30,Masculino,9,24.8,0,4,28.9,1,Comercio & Retail
0,7.58,8.4,54,Masculino,0,44.5,0,1,39.2,0,Servicios Personales
0,10.62,53.3,23,Femenino,9,60.7,0,1,9.8,0,Comercio & Retail
1,46.24,68.6,38,Femenino,10,38.9,1,120,37.5,1,Comercio & Retail
0,11.49,52.7,53,Femenino,8,48.4,0,2,27.1,0,Comercio & Retail
1,50.56,80.2,24,Masculino,16,46.6,1,45,40.4,1,Comercio & Retail
1,37.69,54.0,53,Femenino,17,47.0,1,12,32.9,1,Logística
1,44.65,62.8,42,Femenino,11,39.9,1,45,17.2,1,Comercio & Retail
0,12.2,62.1,28,Femenino,12,40.6,0,1,22.9,1,Manufactura
0,7.48,28.3,61,Femenino,6,49.8,0,1,37.1,0,Comercio & Retail
0,13.35,38.3,31,Masculino,6,67.7,1,8,17.8,0,Comercio & Retail
0,15.14,46.4,62,Masculino,8,59.8,0,1,5.8,1,Servicios Personales
1,50.55,87.1,46,Femenino,18,43.5,1,45,38.1,1,Tecnología
0,12.22,54.4,27,Masculino,8,38.9,0,1,11.0,0,Logística
0,14.0,72.9,22,Femenino,15,53.1,0,2,29.6,1,Manufactura
0,11.4,40.5,25,Masculino,7,68.8,0,8,60.2,0,Manufactura
0,11.13,35.5,63,Femenino,6,45.6,0,4,17.2,1,Manufactura
0,11.58,49.4,22,Femenino,8,49.5,0,1,15.3,0,Logística
0,11.64,52.4,41,Masculino,8,27.4,0,8,53.5,1,Servicios Personales
1,46.34,55.9,57,Femenino,7,44.0,1,45,16.5,1,Comercio & Retail
0,14.26,84.3,43,Femenino,16,45.7,0,1,37.1,0,Manufactura
0,13.96,65.8,23,Masculino,10,41.6,0,1,7.8,1,Comercio & Retail
0,13.59,59.5,33,Masculino,9,48.6,0,1,60.5,0,Logística
1,38.32,56.5,53,Femenino,10,36.5,1,45,15.4,1,Servicios Personales
1,47.12,59.7,29,Masculino,13,41.4,1,45,13.3,1,Comercio & Retail
0,14.67,59.0,28,Masculino,10,47.8,0,4,30.5,0,Agroindustria
0,15.33,74.6,20,Masculino,11,53.3,0,8,20.6,0,Comercio & Retail
1,50.88,81.9,61,Masculino,14,37.0,1,45,43.4,1,Manufactura
0,12.16,51.8,54,Masculino,6,49.2,0,1,18.2,0,Tecnología
0,8.93,24.6,23,Femenino,7,49.3,0,1,44.3,1,Comercio & Retail
0,11.49,35.3,36,Femenino,10,44.0,0,1,6.1,1,Servicios Personales
0,10.01,38.2,35,Femenino,7,49.1,0,2,9.9,0,Tecnología
0,12.46,55.7,33,Femenino,9,36.6,0,4,15.5,0,Logística
0,10.01,35.3,40,Masculino,6,57.3,1,1,56.6,0,Comercio & Retail
0,10.65,41.0,60,Femenino,7,71.8,0,1,31.3,0,Comercio & Retail
1,43.68,56.2,54,Femenino,14,41.2,1,120,21.2,1,Agroindustria
0,10.67,44.9,26,Femenino,9,50.2,0,2,34.0,0,Manufactura
0,13.91,38.1,20,Femenino,8,39.6,0,2,42.1,0,Manufactura
0,12.26,34.4,25,Masculino,7,47.0,1,4,28.9,0,Comercio & Retail
0,9.61,35.6,55,Femenino,7,44.9,0,1,13.0,0,Tecnología
0,9.03,28.0,21,Masculino,6,80.0,0,1,7.1,1,Servicios Personales
0,9.75,11.0,29,Femenino,5,31.7,0,2,10.4,1,Servicios Personales
1,40.05,57.1,61,Masculino,7,44.6,1,450,25.5,1,Logística
0,13.12,53.8,48,Masculino,10,54.2,0,2,15.7,1,Comercio & Retail
0,13.04,56.1,42,Masculino,12,40.6,1,8,10.5,0,Manufactura
0,12.14,53.6,33,Masculino,10,60.6,0,2,23.7,1,Tecnología
0,11.12,42.3,59,Masculino,6,59.7,0,8,17.2,0,Manufactura
0,11.58,48.1,31,Masculino,8,46.7,0,4,32.4,0,Servicios Personales
0,9.93,39.6,30,Masculino,8,52.8,0,2,11.4,1,Agroindustria
0,15.03,52.9,58,Masculino,7,58.2,0,1,13.4,0,Comercio & Retail
0,12.5,45.1,24,Masculino,9,58.9,0,1,11.9,0,Manufactura
0,14.75,64.7,29,Masculino,13,48.8,0,2,24.3,1,Manufactura
1,51.75,84.2,54,Masculino,13,42.5,1,120,25.9,1,Comercio & Retail
1,52.66,99.6,21,Femenino,16,50.6,1,45,25.6,1,Comercio & Retail
0,9.45,54.5,19,Femenino,7,48.9,1,8,59.1,0,Manufactura
0,8.11,32.3,52,Masculino,6,54.4,0,1,38.6,1,Comercio & Retail
0,12.81,46.7,61,Femenino,9,32.5,0,4,11.4,0,Servicios Personales
0,14.74,63.2,20,Masculino,14,16.7,0,2,15.3,1,Manufactura
0,5.4,20.6,21,Femenino,2,53.5,0,4,43.5,0,Logística
0,14.46,60.3,55,Femenino,10,64.0,0,1,37.8,1,Manufactura
0,11.98,32.2,29,Masculino,9,38.0,0,2,27.4,1,Tecnología
0,10.97,52.7,36,Masculino,12,65.3,1,2,17.1,0,Agroindustria
0,14.86,64.1,27,Masculino,12,45.2,0,2,9.0,0,Manufactura
0,13.58,62.0,18,Femenino,12,33.7,0,1,7.2,1,Logística
0,13.4,58.5,34,Femenino,12,47.7,0,2,7.9,1,Servicios Personales
1,50.5,85.0,33,Femenino,21,43.6,1,45,69.3,1,Tecnología
1,47.8,77.0,26,Femenino,17,38.5,1,45,58.4,1,Logística
0,16.26,62.2,26,Femenino,13,52.4,0,4,29.8,0,Tecnología
0,11.92,33.7,26,Masculino,8,34.9,0,2,23.2,1,Comercio & Retail
0,13.72,42.6,29,Femenino,9,45.4,0,2,21.1,0,Manufactura
0,14.43,69.1,58,Masculino,14,62.0,0,2,51.6,0,Servicios Personales
0,15.39,79.7,32,Femenino,15,49.5,0,2,37.3,0,Comercio & Retail
0,12.9,52.1,19,Femenino,7,47.4,0,2,12.5,0,Tecnología
0,9.16,12.5,28,Femenino,2,36.6,0,1,21.8,0,Logística
0,9.2,23.5,28,Masculino,3,66.2,0,1,59.2,0,Comercio & Retail
1,48.57,68.5,25,Masculino,14,45.2,1,45,32.8,1,Agroindustria
1,42.42,73.0,49,Femenino,15,43.5,1,45,42.7,1,Manufactura
0,13.34,52.3,23,Masculino,10,23.5,0,4,47.6,1,Tecnología
0,11.82,47.3,37,Masculino,11,42.7,0,1,30.7,1,Comercio & Retail
1,56.41,87.7,56,Masculino,17,45.1,1,45,59.1,1,Tecnología
1,50.81,83.9,52,Masculino,18,40.7,1,12,24.2,1,Servicios Personales
1,47.73,67.3,25,Femenino,13,40.7,1,45,15.7,1,Manufactura
0,10.66,55.8,60,Masculino,10,46.7,0,4,31.3,0,Tecnología
0,9.63,40.9,51,Masculino,8,50.6,0,2,17.0,1,Manufactura
1,42.0,58.6,36,Masculino,9,40.1,1,45,27.5,1,Logística
0,11.44,38.5,24,Masculino,7,48.8,0,2,7.8,1,Tecnología
0,14.68,64.7,48,Femenino,12,46.8,0,1,32.9,0,Agroindustria
0,12.18,56.0,35,Femenino,10,41.6,0,1,11.2,0,Comercio & Retail
0,8.41,45.6,57,Masculino,7,38.7,0,1,25.4,1,Manufactura
1,48.26,81.8,31,Masculino,14,43.1,1,120,27.3,1,Comercio & Retail
0,13.33,55.8,56,Femenino,12,48.3,0,1,30.0,0,Manufactura
0,13.86,58.9,53,Femenino,11,49.4,0,1,24.0,1,Servicios Personales
0,12.41,50.6,34,Masculino,9,65.0,0,2,43.8,0,Manufactura
1,39.01,60.1,54,Femenino,12,41.7,1,12,38.2,1,Logística
0,15.28,55.9,61,Femenino,9,59.4,0,2,22.5,0,Tecnología
1,56.7,87.4,26,Femenino,21,44.0,1,45,46.4,1,Manufactura
1,69.37,100.0,37,Masculino,19,45.7,1,450,33.6,1,Logística
1,45.42,57.4,62,Masculino,7,42.8,1,12,30.4,1,Comercio & Retail
0,12.11,44.7,45,Masculino,9,55.3,0,2,15.0,0,Comercio & Retail
0,12.64,42.0,37,Masculino,7,50.4,0,2,28.8,1,Manufactura
0,7.98,9.1,58,Femenino,3,42.5,0,2,13.5,1,Manufactura
1,43.62,72.5,53,Femenino,16,44.1,1,45,24.6,1,Logística
1,49.94,74.1,44,Masculino,9,41.1,1,45,20.3,1,Comercio & Retail
0,12.53,45.0,25,Femenino,6,24.0,1,4,24.0,0,Tecnología
0,11.0,33.8,49,Femenino,3,40.5,0,4,28.7,0,Comercio & Retail
0,10.9,54.0,18,Masculino,11,43.3,0,2,14.8,0,Tecnología
0,15.24,58.0,34,Femenino,11,44.3,0,1,23.7,1,Manufactura
0,15.7,62.4,26,Masculino,12,50.3,0,1,14.1,0,Logística
0,13.83,57.0,37,Masculino,14,44.7,0,1,32.6,0,Manufactura
0,15.25,68.2,62,Masculino,13,42.5,0,4,25.5,0,Agroindustria
0,9.28,42.5,49,Femenino,5,25.2,0,4,26.8,1,Servicios Personales
0,12.62,56.7,19,Femenino,6,44.1,0,4,22.8,0,Comercio & Retail
1,50.52,73.4,49,Masculino,14,39.0,0,120,10.8,1,Tecnología
1,43.95,45.7,62,Masculino,8,41.0,1,120,18.6,1,Comercio & Retail
0,10.18,29.7,26,Femenino,4,39.1,0,2,48.1,1,Servicios Personales
0,11.88,38.7,47,Masculino,5,44.7,0,1,1.6,0,Agroindustria
1,51.39,78.7,37,Masculino,14,40.4,1,120,2.8,1,Comercio & Retail
1,47.81,77.7,55,Masculino,13,42.2,0,450,34.6,1,Servicios Personales
0,8.6,33.8,18,Femenino,10,51.1,0,2,50.3,0,Comercio & Retail
0,10.13,49.7,22,Femenino,6,52.0,0,1,20.0,0,Logística
0,11.48,43.0,52,Femenino,10,40.6,0,8,23.1,0,Agroindustria
0,10.12,41.2,53,Femenino,9,21.2,0,2,17.6,1,Manufactura
0,13.21,44.9,18,Masculino,8,34.1,0,1,17.3,1,Comercio & Retail
0,13.66,72.0,31,Femenino,13,53.1,0,2,15.1,0,Comercio & Retail
0,10.4,33.9,26,Masculino,8,49.7,0,1,34.6,1,Logística
0,11.74,57.1,47,Femenino,12,37.3,0,1,51.5,0,Agroindustria
1,43.67,61.9,41,Masculino,11,40.6,1,12,9.8,1,Manufactura
0,11.83,39.8,21,Femenino,5,62.6,0,8,41.1,0,Tecnología
1,51.98,91.6,31,Femenino,18,39.5,1,450,53.1,1,Servicios Personales
1,50.56,72.4,42,Femenino,12,44.2,1,12,26.4,1,Manufactura
0,9.98,42.4,21,Masculino,4,49.4,0,1,12.9,0,Servicios Personales
0,12.46,36.1,42,Femenino,5,62.3,0,1,26.0,0,Logística
1,50.72,78.3,27,Femenino,16,45.9,1,12,6.8,1,Manufactura
1,42.8,51.1,52,Femenino,11,39.0,1,12,19.6,1,Manufactura
0,13.3,57.2,24,Masculino,12,46.3,0,8,22.7,0,Manufactura
1,44.67,45.4,59,Masculino,11,44.6,1,12,13.9,1,Comercio & Retail
1,51.72,84.9,30,Masculino,14,43.0,1,12,39.8,1,Comercio & Retail
0,14.12,70.3,21,Masculino,14,68.5,0,1,53.6,0,Manufactura
0,10.06,50.4,60,Femenino,7,47.4,0,1,42.7,0,Tecnología
1,54.56,89.8,53,Masculino,12,41.4,1,12,18.1,1,Comercio & Retail
0,11.93,57.3,31,Femenino,5,53.2,1,1,56.1,1,Servicios Personales
0,14.89,50.1,35,Femenino,6,58.2,0,1,21.4,0,Logística
0,12.89,47.2,25,Masculino,9,42.0,0,1,35.9,0,Logística
0,12.5,39.0,49,Masculino,4,69.8,0,1,44.8,1,Logística
0,9.03,42.9,44,Femenino,7,52.2,0,1,26.3,0,Agroindustria
0,10.06,13.6,59,Femenino,2,60.2,0,8,54.8,0,Comercio & Retail
0,11.14,45.9,54,Masculino,10,51.9,0,1,31.6,0,Manufactura
1,47.36,87.5,40,Masculino,16,43.2,1,12,4.8,1,Comercio & Retail
0,14.42,62.4,24,Femenino,10,58.3,0,4,47.5,1,Manufactura
0,13.55,67.2,29,Femenino,10,37.7,0,2,8.5,0,Comercio & Retail
0,11.07,48.6,42,Masculino,9,35.0,0,2,10.7,0,Agroindustria
1,48.89,66.6,20,Masculino,14,43.9,1,45,55.4,1,Logística
0,9.01,44.1,43,Masculino,10,58.3,0,1,52.5,0,Manufactura
0,7.78,22.4,21,Femenino,6,59.3,0,1,17.4,1,Servicios Personales
0,12.69,50.5,59,Femenino,11,44.7,0,2,26.9,1,Comercio & Retail
1,51.3,72.5,53,Femenino,16,42.7,1,120,21.2,1,Logística
0,6.59,23.6,32,Masculino,5,52.2,0,8,31.8,0,Comercio & Retail
0,11.09,33.9,49,Femenino,6,39.6,0,2,19.9,1,Manufactura
1,47.67,74.0,46,Femenino,10,44.5,1,45,28.3,1,Tecnología
0,9.82,44.1,27,Femenino,9,60.4,0,2,41.3,0,Comercio & Retail
0,8.17,44.5,38,Masculino,12,44.5,0,4,14.4,0,Comercio & Retail
0,9.1,40.5,33,Masculino,6,48.4,0,2,15.5,1,Logística
1,42.05,53.4,64,Masculino,8,37.6,0,120,13.9,1,Comercio & Retail
0,11.37,46.1,36,Masculino,10,39.8,0,2,30.2,1,Manufactura
0,12.28,62.6,46,Masculino,10,47.3,0,1,34.8,0,Comercio & Retail
1,59.27,100.0,35,Femenino,20,47.5,1,120,29.3,1,Manufactura
0,12.93,64.7,61,Masculino,13,42.5,0,2,35.8,1,Manufactura
0,12.11,38.4,33,Femenino,4,50.1,0,2,20.7,0,Servicios Personales
0,11.88,48.2,18,Femenino,6,46.1,0,2,31.4,0,Comercio & Retail
0,8.23,39.1,19,Masculino,5,14.5,0,2,17.8,0,Comercio & Retail
1,57.56,88.1,32,Femenino,16,42.7,1,12,39.6,1,Servicios Personales
0,11.6,44.3,56,Masculino,6,44.1,0,2,34.7,0,Tecnología
0,13.19,53.5,45,Femenino,12,64.0,0,1,23.4,1,Comercio & Retail
0,10.3,40.6,18,Masculino,12,62.5,0,2,18.7,0,Comercio & Retail
0,8.66,32.9,22,Masculino,4,37.7,0,2,26.9,1,Comercio & Retail
0,12.83,44.7,59,Femenino,8,59.7,0,1,63.2,1,Agroindustria
0,10.86,34.7,39,Masculino,9,51.2,0,1,18.0,0,Manufactura
0,9.11,28.8,53,Masculino,4,47.1,0,1,43.6,0,Logística
1,48.35,81.7,63,Femenino,17,46.5,1,45,44.0,1,Servicios Personales
0,12.4,62.0,30,Femenino,11,54.4,0,1,38.9,1,Comercio & Retail
1,52.83,90.1,18,Femenino,16,45.0,1,120,7.9,1,Manufactura
1,46.84,78.9,33,Masculino,18,44.4,1,120,41.8,1,Servicios Personales
0,14.63,38.4,58,Masculino,11,36.7,0,2,18.4,1,Comercio & Retail
1,47.64,55.0,39,Masculino,11,36.6,1,45,22.6,1,Comercio & Retail
0,13.58,51.1,49,Femenino,7,47.4,0,4,9.9,0,Servicios Personales
1,57.72,88.4,33,Femenino,15,41.9,1,12,0.9,0,Servicios Personales
0,12.5,49.0,32,Femenino,10,35.5,0,2,16.8,0,Comercio & Retail
1,43.01,52.8,63,Femenino,8,46.8,1,120,15.4,1,Agroindustria
0,8.69,32.0,59,Masculino,7,64.7,0,1,14.4,0,Manufactura
0,11.94,55.1,29,Masculino,10,43.2,0,1,20.8,1,Tecnología
0,9.98,34.5,18,Femenino,12,59.1,0,2,7.8,0,Servicios Personales
0,12.05,55.7,34,Masculino,11,47.6,0,2,29.3,0,Comercio & Retail
0,12.1,66.2,58,Femenino,12,27.9,0,1,7.6,0,Servicios Personales
0,12.52,46.4,45,Masculino,9,24.4,1,1,28.0,1,Manufactura
0,10.46,49.0,24,Femenino,12,46.3,0,2,64.3,0,Manufactura
0,15.1,63.8,26,Masculino,12,73.1,0,4,38.0,0,Comercio & Retail
0,16.56,93.1,39,Femenino,15,53.9,0,1,22.4,0,Manufactura
1,44.74,58.7,43,Masculino,13,46.3,1,120,44.9,1,Comercio & Retail
0,10.59,51.9,29,Femenino,11,60.3,0,1,18.9,1,Comercio & Retail
0,13.41,60.6,24,Femenino,12,36.9,1,4,8.9,1,Agroindustria
1,42.53,55.6,63,Masculino,6,40.5,1,120,52.0,1,Servicios Personales
0,11.68,61.7,64,Femenino,15,60.0,0,1,10.5,1,Comercio & Retail
0,10.35,43.3,32,Masculino,9,45.5,0,2,55.2,0,Manufactura
1,40.04,61.8,55,Masculino,10,35.9,1,45,40.6,1,Manufactura
0,10.64,34.6,38,Masculino,8,49.1,0,1,27.7,1,Manufactura
0,9.53,34.4,31,Masculino,7,52.6,0,2,15.8,1,Manufactura
0,15.31,60.7,19,Femenino,7,68.3,0,2,31.4,1,Comercio & Retail
0,9.47,56.5,25,Masculino,6,35.9,0,2,23.1,1,Tecnología
1,48.65,56.9,62,Femenino,9,42.8,1,120,36.1,1,Comercio & Retail
0,13.09,70.3,23,Masculino,13,20.0,0,2,21.3,0,Logística
0,13.65,49.1,54,Femenino,10,28.0,0,1,37.6,0,Tecnología
1,50.8,67.0,54,Masculino,13,37.2,1,45,37.5,1,Servicios Personales
0,16.33,55.4,50,Femenino,12,59.3,0,2,28.6,1,Agroindustria
0,14.29,62.2,58,Femenino,8,22.7,0,1,28.5,0,Manufactura
1,51.55,76.5,23,Femenino,15,37.3,1,45,37.6,1,Comercio & Retail
0,17.58,69.4,43,Femenino,14,46.7,0,1,6.5,0,Manufactura
1,45.4,67.5,56,Femenino,13,49.2,0,450,19.1,1,Manufactura
1,39.66,56.6,58,Femenino,12,42.0,1,120,32.1,0,Servicios Personales
0,10.71,56.1,54,Masculino,9,39.7,0,1,25.1,1,Comercio & Retail
0,12.98,48.8,31,Femenino,9,44.0,1,2,58.0,0,Agroindustria
0,16.28,84.1,54,Masculino,10,29.5,0,1,19.2,1,Servicios Personales
0,14.29,70.6,25,Femenino,15,54.5,1,1,25.1,1,Agroindustria
0,15.68,79.4,56,Femenino,14,39.6,1,1,55.0,0,Servicios Personales
0,12.48,53.5,30,Masculino,5,56.5,0,1,33.9,0,Logística
0,7.37,31.1,30,Masculino,11,43.5,1,1,13.4,0,Tecnología
0,9.95,14.7,57,Masculino,1,48.5,0,2,43.0,1,Logística
1,44.82,62.3,60,Masculino,8,48.5,1,12,11.7,1,Logística
0,9.16,20.5,45,Femenino,7,52.8,0,1,36.5,1,Servicios Personales
1,45.77,74.9,35,Masculino,12,43.0,1,45,40.4,1,Manufactura
0,10.39,42.3,36,Masculino,6,29.9,0,1,12.6,1,Servicios Personales
0,11.08,46.4,55,Femenino,4,49.5,1,1,14.7,1,Comercio & Retail
0,11.42,44.0,49,Masculino,8,46.9,0,1,52.5,0,Manufactura
0,14.36,57.6,39,Masculino,10,63.4,0,1,31.0,0,Servicios Personales
0,7.08,15.3,19,Femenino,3,30.1,0,2,50.9,1,Comercio & Retail
1,46.01,68.7,30,Masculino,14,38.7,0,120,26.5,0,Servicios Personales
0,10.47,43.2,40,Masculino,9,58.2,0,4,10.6,1,Agroindustria
0,10.84,49.1,42,Masculino,10,44.4,0,1,25.2,0,Tecnología
0,15.28,72.5,45,Femenino,14,41.6,0,1,20.0,0,Logística
0,12.22,35.2,28,Masculino,7,56.0,0,1,50.1,0,Comercio & Retail
0,13.46,56.7,50,Femenino,16,68.9,0,2,56.0,0,Logística
1,44.44,57.4,41,Femenino,10,42.3,1,45,20.8,1,Manufactura
0,16.95,69.2,19,Femenino,13,61.3,0,4,24.6,0,Servicios Personales
1,50.64,70.4,47,Masculino,12,42.7,1,45,14.2,1,Comercio & Retail
1,48.68,66.9,34,Masculino,13,38.4,1,12,27.1,0,Tecnología
0,13.59,44.2,57,Masculino,10,37.0,0,2,16.1,0,Logística
0,11.58,62.3,51,Masculino,8,40.5,1,2,8.2,0,Manufactura
0,15.27,79.6,55,Femenino,17,46.2,0,1,16.3,1,Manufactura
0,12.08,45.3,39,Femenino,10,41.9,0,1,21.9,1,Servicios Personales
0,12.88,53.5,22,Masculino,6,57.6,0,1,37.1,1,Manufactura
1,52.7,96.0,57,Masculino,16,43.7,1,120,16.0,1,Servicios Personales
0,11.32,23.4,33,Masculino,9,32.4,0,4,13.3,1,Tecnología
0,7.45,17.7,30,Femenino,3,45.2,0,1,36.4,1,Manufactura
0,9.87,41.2,43,Femenino,7,35.9,0,1,20.0,0,Servicios Personales
0,9.34,29.8,48,Femenino,3,45.8,0,1,31.6,0,Manufactura
0,10.33,49.5,56,Femenino,7,48.2,0,1,27.8,1,Servicios Personales
1,55.84,100.0,40,Femenino,17,40.5,1,450,44.8,1,Tecnología
0,13.44,52.0,29,Masculino,12,42.5,0,2,19.8,1,Comercio & Retail
0,12.88,56.6,31,Masculino,10,52.2,0,1,9.5,1,Agroindustria
0,9.18,32.3,35,Masculino,8,29.4,0,2,35.1,1,Tecnología
0,13.97,53.3,44,Femenino,9,53.9,0,4,20.4,1,Comercio & Retail
1,54.24,87.6,45,Femenino,14,30.7,1,450,34.7,1,Servicios Personales
0,6.21,5.0,35,Masculino,3,50.1,0,1,6.4,0,Comercio & Retail
1,59.7,84.6,33,Masculino,21,42.5,1,120,38.6,1,Comercio & Retail
0,11.59,50.8,33,Masculino,7,41.2,0,1,38.1,1,Manufactura
0,12.75,59.1,30,Masculino,9,51.9,0,1,26.3,0,Comercio & Retail
0,12.54,42.7,46,Masculino,9,39.0,0,1,26.2,0,Tecnología
0,12.18,59.2,26,Femenino,9,34.0,0,1,37.5,1,Tecnología
0,13.06,56.0,43,Femenino,7,32.7,0,1,5.1,1,Manufactura
0,14.49,72.5,45,Masculino,13,60.4,0,1,26.6,0,Comercio & Retail
0,15.37,85.6,58,Femenino,14,51.7,0,4,31.5,0,Logística
1,51.56,74.2,30,Femenino,14,42.3,1,45,27.0,1,Logística
1,45.33,52.4,53,Femenino,10,47.7,1,12,20.3,0,Manufactura
0,11.08,49.8,26,Femenino,8,31.7,0,1,25.3,1,Manufactura
1,38.63,59.4,64,Masculino,9,44.6,1,120,7.2,1,Manufactura
0,9.47,38.9,31,Femenino,10,54.0,0,2,20.6,0,Comercio & Retail
0,12.59,41.7,29,Femenino,6,53.9,0,1,8.5,0,Comercio & Retail
1,42.93,57.7,49,Masculino,11,46.2,1,450,7.0,1,Tecnología
1,51.53,77.7,55,Masculino,17,42.5,1,120,9.7,0,Agroindustria
0,11.83,39.6,20,Masculino,9,48.8,0,1,3.5,1,Servicios Personales
0,10.16,44.2,33,Masculino,12,42.2,0,2,45.9,0,Logística
0,10.64,41.8,37,Masculino,8,60.7,0,1,16.2,0,Logística
1,43.49,61.0,49,Masculino,13,42.2,1,120,69.8,1,Comercio & Retail
0,12.05,56.4,40,Femenino,8,53.8,0,1,39.2,0,Manufactura
1,46.13,58.3,34,Femenino,8,37.8,1,120,19.0,1,Tecnología
0,11.08,54.5,33,Masculino,12,36.2,0,1,66.4,1,Tecnología
0,8.98,30.4,55,Masculino,6,37.1,0,2,34.7,1,Agroindustria
1,48.28,57.4,25,Masculino,12,43.2,0,45,42.7,1,Comercio & Retail
1,49.6,82.2,36,Masculino,14,41.8,1,120,25.1,1,Manufactura
0,11.38,52.3,47,Masculino,11,40.8,0,8,14.7,0,Comercio & Retail
0,14.77,86.6,51,Femenino,13,55.4,0,1,19.7,0,Comercio & Retail
0,11.28,36.3,31,Femenino,5,29.1,0,4,10.4,0,Manufactura
1,44.61,67.4,39,Femenino,12,48.3,1,45,51.5,1,Manufactura
0,12.4,42.3,61,Femenino,8,51.5,0,8,27.6,1,Agroindustria
0,17.36,75.2,34,Femenino,11,66.9,0,1,36.8,0,Comercio & Retail
1,56.95,83.3,32,Femenino,16,42.5,1,120,51.1,1,Comercio & Retail
0,8.0,10.2,49,Masculino,0,59.8,0,1,18.9,1,Comercio & Retail
0,10.48,33.8,30,Masculino,8,42.2,0,1,10.8,0,Comercio & Retail
0,8.62,25.9,38,Masculino,1,39.2,0,2,15.9,0,Logística
0,8.59,28.6,57,Femenino,5,37.9,0,1,34.6,0,Logística
0,11.07,45.2,50,Femenino,8,64.2,0,4,42.7,1,Servicios Personales
0,11.06,57.6,44,Masculino,13,50.1,0,1,17.5,0,Agroindustria
0,10.12,57.8,52,Femenino,13,41.2,0,2,33.8,1,Comercio & Retail
0,12.14,60.9,33,Masculino,13,37.7,0,1,33.6,1,Agroindustria
1,46.45,62.4,45,Femenino,12,48.9,1,45,40.9,1,Comercio & Retail
0,7.55,23.1,51,Masculino,5,28.1,0,2,30.3,0,Comercio & Retail
1,44.77,64.5,64,Femenino,13,34.9,1,12,26.7,1,Tecnología
0,10.59,35.8,18,Femenino,7,56.5,0,2,17.3,0,Servicios Personales
1,43.58,61.8,58,Femenino,12,38.5,1,12,38.1,1,Agroindustria
0,11.96,52.2,48,Masculino,7,53.0,0,8,35.5,0,Comercio & Retail
0,12.23,53.1,53,Femenino,9,77.5,0,1,15.6,0,Comercio & Retail
1,42.4,48.9,61,Masculino,10,41.1,1,12,22.7,1,Logística
0,13.04,58.5,50,Femenino,11,59.0,0,1,24.3,0,Tecnología
0,12.78,49.0,50,Femenino,7,30.8,0,1,42.0,0,Manufactura
0,15.94,74.0,56,Masculino,13,54.1,0,1,32.1,0,Logística
0,10.28,37.1,35,Masculino,5,33.9,0,1,9.8,1,Manufactura
1,56.88,97.0,40,Masculino,16,47.5,1,12,14.9,0,Comercio & Retail
0,9.08,34.2,40,Femenino,7,33.3,0,1,14.7,0,Comercio & Retail
0,10.0,32.3,32,Femenino,3,59.5,0,1,32.0,0,Comercio & Retail
0,14.04,54.3,43,Masculino,10,58.3,0,2,18.5,1,Servicios Personales
0,14.24,57.2,47,Femenino,8,37.7,1,4,44.9,0,Comercio & Retail
0,11.82,43.1,42,Masculino,7,47.1,1,2,33.3,0,Manufactura
1,54.89,95.8,62,Femenino,15,46.4,0,12,30.0,1,Servicios Personales
0,14.32,67.9,33,Masculino,13,40.9,0,1,21.3,1,Manufactura
0,12.81,70.3,56,Femenino,12,47.1,0,8,3.0,0,Comercio & Retail
0,12.16,37.0,62,Femenino,6,59.4,0,8,11.3,0,Comercio & Retail
0,13.12,50.4,31,Masculino,8,59.7,0,4,20.3,0,Logística
0,8.87,40.9,34,Masculino,8,41.3,0,1,8.8,0,Comercio & Retail
0,9.41,31.3,29,Masculino,3,67.9,0,1,34.3,0,Comercio & Retail
0,9.52,39.4,46,Masculino,11,45.4,0,2,30.8,0,Manufactura
0,15.45,53.6,49,Masculino,11,55.7,0,2,11.7,1,Manufactura
0,9.85,48.1,41,Masculino,10,44.7,0,4,21.2,0,Comercio & Retail
1,51.05,78.0,30,Masculino,11,40.8,1,12,30.4,1,Agroindustria
0,10.73,31.7,37,Masculino,6,52.5,0,4,18.0,0,Tecnología
0,8.76,38.2,32,Femenino,7,38.9,0,4,39.9,1,Comercio & Retail
0,12.83,43.4,21,Masculino,9,41.5,0,1,36.5,1,Manufactura
0,14.19,79.1,51,Masculino,15,54.7,1,8,14.0,0,Comercio & Retail
0,12.74,67.7,45,Masculino,14,42.5,0,4,51.9,0,Servicios Personales
0,14.07,58.4,19,Masculino,12,48.0,0,1,35.8,0,Comercio & Retail
1,51.79,100.0,64,Femenino,18,48.5,1,45,36.1,1,Tecnología
1,41.98,64.5,47,Femenino,12,39.4,1,120,33.2,1,Tecnología
1,48.87,69.8,43,Femenino,12,32.7,1,45,28.8,1,Servicios Personales
1,47.62,83.1,64,Femenino,16,39.2,0,12,52.7,1,Comercio & Retail
0,11.92,58.6,43,Masculino,13,60.4,0,2,10.1,0,Tecnología
1,51.48,73.2,37,Masculino,16,40.7,1,45,5.2,1,Servicios Personales
0,13.57,43.8,59,Masculino,10,65.1,0,1,16.8,0,Manufactura
0,12.87,34.7,45,Masculino,8,47.7,0,1,11.0,0,Comercio & Retail
0,12.24,55.3,37,Femenino,10,53.6,0,1,16.7,1,Comercio & Retail
0,11.57,60.0,28,Masculino,11,42.0,0,1,2.9,0,Logística
0,13.58,41.7,27,Masculino,7,44.3,0,1,58.1,0,Comercio & Retail
0,12.64,46.8,40,Femenino,7,41.4,0,1,35.6,0,Manufactura
0,12.21,45.3,54,Masculino,8,46.0,0,1,23.9,0,Comercio & Retail
1,37.37,51.4,58,Masculino,6,44.7,1,45,15.8,1,Servicios Personales
0,10.9,42.0,36,Femenino,8,47.9,0,1,20.7,0,Logística
1,58.09,76.8,62,Masculino,13,42.4,1,12,33.0,0,Comercio & Retail
0,14.31,74.6,35,Masculino,13,38.9,0,2,11.4,0,Servicios Personales
0,9.93,9.4,44,Femenino,5,50.3,0,2,48.7,0,Agroindustria
0,13.17,43.9,23,Masculino,11,41.0,0,1,7.0,0,Servicios Personales
0,8.35,37.8,27,Femenino,10,43.3,0,4,43.4,1,Comercio & Retail
1,52.72,74.0,19,Femenino,14,49.1,1,45,14.5,1,Manufactura
0,9.61,40.1,41,Masculino,9,39.9,1,4,21.0,0,Agroindustria
0,9.85,45.4,55,Femenino,5,60.0,0,1,21.3,0,Manufactura
0,9.98,36.1,45,Masculino,8,19.5,0,1,39.0,0,Comercio & Retail
0,8.66,36.8,45,Femenino,5,35.6,0,1,59.5,0,Comercio & Retail
0,8.45,8.9,62,Femenino,1,40.9,1,2,47.9,1,Tecnología
0,14.22,60.7,56,Masculino,10,59.2,0,8,34.0,1,Servicios Personales
0,12.06,59.8,19,Femenino,12,49.6,0,1,32.7,1,Servicios Personales
0,15.82,54.5,63,Femenino,11,40.5,0,1,63.0,1,Manufactura
0,11.12,28.1,22,Masculino,5,45.7,0,1,8.5,0,Servicios Personales
0,7.9,23.9,28,Masculino,5,55.2,0,1,31.0,0,Comercio & Retail
0,17.44,62.6,27,Masculino,11,30.7,0,2,26.5,0,Comercio & Retail
1,50.72,72.2,60,Masculino,16,46.0,1,12,52.7,1,Manufactura
1,58.52,98.9,19,Masculino,15,42.0,1,120,23.2,1,Servicios Personales
0,12.51,66.9,32,Masculino,9,53.2,1,1,15.3,0,Logística
0,12.92,56.3,56,Femenino,11,39.8,0,1,12.1,0,Comercio & Retail
0,13.92,62.9,58,Femenino,13,33.7,0,4,25.7,0,Manufactura
0,11.74,49.1,54,Femenino,9,57.7,0,1,14.1,0,Manufactura
0,11.05,50.0,24,Femenino,5,37.2,1,4,31.9,1,Logística
0,12.99,36.0,37,Masculino,0,35.8,0,4,3.3,0,Logística
0,10.14,39.3,51,Masculino,11,31.8,0,1,20.6,0,Manufactura
0,13.18,64.4,52,Masculino,9,48.8,0,2,25.6,0,Manufactura
0,5.95,28.1,51,Femenino,4,52.3,0,2,31.0,1,Manufactura
0,7.3,26.8,39,Femenino,5,27.9,0,4,9.3,0,Servicios Personales
0,15.68,62.2,48,Femenino,9,45.7,0,2,48.3,0,Agroindustria
0,10.75,47.8,40,Masculino,8,34.3,0,4,17.0,0,Tecnología
1,49.81,88.7,36,Femenino,15,39.4,1,45,8.5,1,Logística
1,50.57,84.5,21,Masculino,15,36.6,1,45,16.8,0,Comercio & Retail
0,10.37,46.3,41,Femenino,7,46.8,0,2,23.8,1,Tecnología
1,60.2,95.2,37,Masculino,16,39.9,1,450,34.4,1,Servicios Personales
1,50.92,77.5,56,Masculino,16,43.1,1,120,7.9,1,Manufactura
0,9.82,48.0,45,Masculino,11,49.6,0,2,55.0,1,Servicios Personales
0,12.26,58.2,56,Femenino,6,78.4,0,2,26.7,1,Tecnología
0,12.18,52.6,34,Femenino,10,34.1,0,2,20.3,0,Comercio & Retail
0,9.14,24.7,36,Femenino,2,32.6,0,2,28.9,0,Manufactura
0,11.6,41.4,52,Masculino,8,38.0,0,1,3.5,0,Manufactura
0,13.19,60.0,49,Femenino,11,50.0,0,8,21.7,1,Comercio & Retail
1,46.19,62.2,64,Femenino,11,45.3,1,120,13.2,1,Manufactura
0,13.78,35.9,63,Masculino,8,28.9,0,1,8.9,1,Comercio & Retail
0,9.76,44.1,64,Masculino,10,21.5,0,2,36.4,1,Servicios Personales
0,9.31,30.2,63,Masculino,6,48.2,0,1,20.8,1,Comercio & Retail
1,48.94,73.7,56,Masculino,15,43.0,1,12,22.1,1,Comercio & Retail
1,53.48,83.3,52,Masculino,16,40.4,1,45,30.7,1,Manufactura
0,15.15,80.0,47,Masculino,13,29.2,0,4,15.6,0,Comercio & Retail
1,53.79,75.5,34,Masculino,9,47.2,1,12,43.5,1,Comercio & Retail
0,12.43,44.8,59,Femenino,7,51.9,0,1,3.3,0,Manufactura
0,16.79,62.5,64,Masculino,13,51.0,0,2,2.7,0,Manufactura
0,10.17,35.2,46,Masculino,11,49.5,0,1,12.2,1,Agroindustria
0,10.21,41.6,23,Femenino,6,33.6,0,8,41.2,0,Servicios Personales
1,43.01,69.3,34,Masculino,14,39.8,1,12,14.2,1,Servicios Personales
0,10.41,43.4,34,Femenino,8,60.8,0,2,51.8,0,Manufactura
0,11.14,36.4,31,Femenino,7,20.2,0,4,24.9,0,Agroindustria
1,42.43,64.7,41,Masculino,14,33.6,1,12,20.8,0,Comercio & Retail
0,10.21,46.3,54,Masculino,7,48.4,0,2,15.8,0,Servicios Personales
0,14.21,61.4,57,Masculino,10,39.1,0,1,3.3,0,Comercio & Retail
1,45.75,74.7,56,Femenino,15,44.4,1,120,13.8,1,Tecnología
1,50.41,78.9,49,Masculino,14,40.3,1,45,70.8,1,Manufactura
1,47.75,71.9,53,Femenino,11,39.9,0,12,36.2,0,Agroindustria
0,10.65,38.1,54,Femenino,6,37.6,0,1,14.5,0,Servicios Personales
0,15.24,59.2,31,Femenino,8,28.5,0,1,9.5,1,Comercio & Retail
1,51.26,81.5,44,Femenino,19,42.0,1,45,17.5,1,Servicios Personales
0,18.24,73.9,36,Femenino,14,40.6,0,1,10.2,0,Manufactura
0,9.45,47.2,48,Masculino,9,32.8,0,1,20.3,0,Manufactura
0,8.79,39.9,63,Masculino,5,68.7,0,1,33.9,0,Tecnología
0,3.96,5.4,26,Masculino,3,63.4,0,1,31.0,0,Servicios Personales
0,15.75,86.8,55,Masculino,15,41.1,0,1,30.0,0,Comercio & Retail
1,53.19,74.5,34,Femenino,15,42.5,1,45,59.1,1,Comercio & Retail
0,13.25,59.3,36,Masculino,10,58.7,0,2,38.0,0,Tecnología
0,10.83,39.1,61,Masculino,8,24.0,0,1,35.1,0,Comercio & Retail
1,53.2,87.7,21,Femenino,14,35.0,1,12,21.5,1,Comercio & Retail
0,9.64,34.4,28,Masculino,4,57.3,0,1,38.5,1,Comercio & Retail
1,54.11,83.2,39,Femenino,18,39.1,1,120,44.1,1,Servicios Personales
0,11.5,46.0,21,Femenino,13,51.1,0,1,19.4,0,Servicios Personales
0,9.09,31.5,34,Masculino,5,49.4,0,2,39.6,1,Servicios Personales
0,10.68,43.8,25,Masculino,13,72.4,0,1,30.8,0,Comercio & Retail
0,11.64,44.3,63,Masculino,7,41.8,0,1,22.7,1,Tecnología
0,9.22,40.9,51,Femenino,5,49.8,1,1,31.0,0,Servicios Personales
1,45.9,74.1,28,Masculino,13,49.9,1,45,15.5,1,Tecnología
0,11.23,30.4,48,Masculino,6,37.1,0,1,52.9,0,Tecnología
0,8.15,28.7,28,Masculino,5,56.7,0,2,16.0,1,Manufactura
1,45.55,62.1,55,Femenino,12,39.2,1,12,16.6,1,Servicios Personales
0,10.22,49.5,38,Femenino,10,41.3,0,1,22.6,0,Agroindustria
1,47.41,54.4,63,Masculino,14,38.5,0,45,33.6,1,Manufactura
0,12.52,44.8,47,Femenino,9,42.4,0,4,28.6,0,Comercio & Retail
0,13.83,55.0,27,Femenino,9,50.9,0,1,21.3,1,Comercio & Retail
0,9.38,18.4,43,Femenino,2,38.7,0,2,19.3,1,Servicios Personales
0,13.96,60.6,44,Masculino,12,45.2,0,1,61.1,0,Agroindustria
0,12.51,49.8,25,Masculino,10,55.3,0,2,18.1,0,Comercio & Retail
1,55.97,98.4,56,Masculino,15,40.4,1,450,53.4,1,Agroindustria
1,43.31,68.3,25,Femenino,13,40.2,1,45,22.7,1,Servicios Personales
0,14.55,61.2,25,Masculino,11,62.1,0,2,15.2,0,Servicios Personales
0,12.38,37.3,51,Femenino,7,37.8,0,1,27.7,0,Logística
0,9.81,51.7,33,Masculino,8,48.7,0,2,30.8,1,Comercio & Retail
0,13.22,64.0,58,Femenino,12,59.9,0,1,19.0,0,Logística
0,9.98,37.6,30,Femenino,10,43.9,0,1,12.1,1,Servicios Personales
1,52.49,90.0,40,Femenino,15,41.6,1,45,23.2,1,Comercio & Retail
1,43.18,73.9,29,Masculino,15,34.8,1,450,47.8,1,Manufactura
0,15.89,56.4,44,Masculino,9,37.4,0,1,22.5,1,Manufactura
0,9.8,48.7,39,Femenino,10,59.9,1,1,12.8,0,Agroindustria
0,9.85,47.5,49,Femenino,7,49.9,0,2,52.0,0,Servicios Personales
1,43.58,61.7,44,Femenino,10,44.3,0,12,24.3,1,Tecnología
1,43.27,56.4,19,Masculino,14,39.6,1,12,14.6,1,Comercio & Retail
0,11.62,52.2,62,Femenino,8,39.8,0,2,22.7,1,Servicios Personales
0,11.47,49.9,50,Femenino,9,37.3,0,1,62.1,1,Manufactura
0,9.28,28.7,43,Masculino,6,36.4,0,4,30.8,1,Logística
1,47.2,63.7,45,Masculino,8,31.0,1,45,37.5,1,Comercio & Retail
0,13.43,53.7,36,Femenino,12,42.1,0,1,13.3,1,Agroindustria
0,13.74,53.3,60,Femenino,9,55.0,0,1,16.2,0,Comercio & Retail
0,11.14,26.6,22,Masculino,6,52.2,0,1,34.2,0,Tecnología
0,13.16,48.0,50,Masculino,11,52.2,0,2,13.2,0,Servicios Personales
0,13.56,65.6,37,Femenino,10,35.4,0,8,46.0,1,Comercio & Retail
0,12.05,67.5,47,Masculino,14,57.1,0,1,28.9,0,Manufactura
0,12.66,65.4,62,Masculino,9,43.9,0,2,42.6,0,Comercio & Retail
0,7.15,34.9,25,Masculino,6,60.1,0,1,47.2,0,Servicios Personales
0,17.27,66.4,55,Femenino,14,40.8,0,2,20.4,0,Comercio & Retail
0,11.66,31.4,34,Masculino,6,50.7,0,1,33.8,0,Servicios Personales
0,8.84,30.1,61,Masculino,5,55.5,0,4,12.6,0,Comercio & Retail
0,12.36,45.2,18,Masculino,6,27.7,1,1,58.6,0,Comercio & Retail
0,11.53,47.9,20,Masculino,8,35.5,1,2,26.7,1,Logística
0,10.0,23.9,63,Femenino,3,45.1,0,2,22.3,1,Servicios Personales
0,10.92,33.9,43,Femenino,3,44.7,0,2,15.9,0,Manufactura
0,14.52,72.5,48,Femenino,13,42.8,0,1,25.0,0,Comercio & Retail
0,12.02,48.2,25,Masculino,9,37.4,0,1,13.6,0,Tecnología
1,43.41,66.2,60,Masculino,9,44.7,1,45,50.8,1,Agroindustria
0,11.56,39.6,63,Masculino,10,50.2,0,1,37.1,0,Servicios Personales
1,45.53,67.1,25,Masculino,12,39.3,1,450,38.5,1,Manufactura
0,11.72,41.8,52,Femenino,7,36.5,0,1,77.0,0,Servicios Personales
1,45.94,68.0,56,Femenino,12,39.5,1,45,33.4,1,Comercio & Retail
0,12.71,56.0,45,Masculino,10,47.5,0,1,19.4,0,Manufactura
0,11.14,41.6,21,Masculino,6,53.9,0,2,16.6,1,Manufactura
0,11.81,45.1,33,Femenino,12,39.2,0,1,3.1,1,Agroindustria
0,11.64,57.3,30,Femenino,10,37.0,0,1,32.0,0,Manufactura
0,10.76,49.4,37,Femenino,6,42.8,0,1,73.4,0,Manufactura
0,10.63,33.0,22,Femenino,6,53.0,0,4,5.4,0,Logística
0,13.92,73.0,54,Femenino,12,58.5,0,2,10.8,1,Manufactura
1,51.17,67.5,37,Masculino,14,43.1,1,45,29.6,1,Comercio & Retail
0,12.29,53.1,41,Femenino,11,45.6,0,2,29.7,1,Manufactura
0,13.36,61.3,53,Femenino,13,43.1,0,2,24.7,1,Comercio & Retail
1,47.23,64.8,51,Masculino,15,45.2,0,45,27.0,1,Servicios Personales
0,12.77,51.7,62,Masculino,9,34.4,0,2,74.6,1,Tecnología
1,43.59,52.8,51,Femenino,11,45.4,1,45,35.6,1,Comercio & Retail
0,13.84,61.5,36,Masculino,13,42.5,0,2,15.5,0,Logística
0,12.47,32.2,34,Femenino,6,54.7,0,1,23.3,0,Manufactura
0,17.46,74.3,22,Masculino,14,32.4,0,2,44.4,1,Manufactura
1,43.28,62.3,42,Masculino,15,41.8,1,45,17.9,1,Comercio & Retail
0,8.9,48.9,35,Masculino,7,31.4,0,8,43.9,0,Manufactura
1,60.33,100.0,25,Femenino,21,40.9,1,45,36.3,1,Servicios Personales
0,14.84,72.1,44,Masculino,13,51.5,0,2,44.2,1,Tecnología
0,10.08,41.2,32,Masculino,9,46.6,0,1,19.0,0,Agroindustria
0,9.62,25.4,62,Femenino,2,47.7,0,1,32.7,0,Servicios Personales
0,14.19,68.0,30,Femenino,10,37.8,0,2,23.8,0,Agroindustria
0,11.98,50.9,33,Masculino,12,44.3,0,2,26.2,1,Manufactura
0,13.01,60.8,39,Masculino,11,60.0,0,4,38.2,0,Comercio & Retail
0,6.97,23.9,37,Femenino,5,31.2,1,1,23.2,0,Comercio & Retail
0,10.5,40.3,30,Masculino,7,65.9,0,1,62.0,1,Manufactura
0,15.73,66.7,37,Femenino,13,55.2,0,2,9.4,1,Servicios Personales
0,13.05,56.7,19,Femenino,12,50.3,0,1,52.4,0,Manufactura
1,49.06,63.5,52,Masculino,14,45.6,1,45,8.1,1,Servicios Personales
0,13.31,57.6,64,Femenino,10,55.2,0,1,10.0,1,Manufactura
0,12.27,44.9,36,Femenino,10,38.1,0,2,28.5,1,Manufactura
1,48.43,68.2,62,Femenino,12,43.1,1,45,17.4,1,Agroindustria
0,13.63,72.4,54,Masculino,10,42.7,0,2,25.8,0,Servicios Personales
0,9.83,18.2,23,Femenino,4,47.5,0,4,28.9,0,Comercio & Retail
1,43.02,65.6,31,Masculino,16,45.4,1,450,22.3,1,Comercio & Retail
1,42.76,55.8,21,Femenino,14,41.3,1,120,11.7,1,Tecnología
0,16.32,58.2,39,Masculino,12,66.0,0,1,26.8,0,Manufactura
0,11.16,43.6,56,Femenino,5,32.7,0,4,37.0,0,Tecnología
0,16.91,76.5,53,Masculino,13,50.3,0,2,16.9,0,Comercio & Retail
0,12.65,51.2,51,Masculino,8,28.7,0,1,17.8,1,Comercio & Retail
0,14.98,69.0,44,Femenino,13,17.6,1,1,18.1,0,Comercio & Retail
0,13.37,75.8,24,Femenino,12,71.4,0,1,54.7,0,Manufactura
0,11.39,46.1,20,Femenino,9,57.8,0,1,21.7,1,Manufactura
1,52.1,76.6,64,Femenino,14,37.2,1,12,8.2,1,Servicios Personales
1,38.65,54.9,50,Femenino,5,41.8,1,450,21.9,1,Comercio & Retail
0,15.99,67.3,19,Masculino,10,61.7,0,1,59.8,0,Agroindustria
1,49.86,67.8,59,Masculino,16,48.2,1,45,17.6,1,Logística
0,12.45,57.2,33,Femenino,12,55.5,0,1,22.2,0,Comercio & Retail
0,18.31,87.3,42,Femenino,13,63.8,0,1,43.0,0,Comercio & Retail
0,9.51,49.2,32,Femenino,10,37.2,0,4,36.3,1,Manufactura
1,47.98,71.0,41,Femenino,10,43.6,1,450,34.2,1,Comercio & Retail
0,9.7,30.7,32,Masculino,5,53.7,0,1,14.2,0,Manufactura
0,12.1,49.0,48,Masculino,9,64.2,0,1,27.0,1,Logística
0,13.01,57.8,31,Femenino,13,47.4,0,1,34.1,0,Manufactura
0,12.46,31.5,31,Femenino,6,68.6,0,4,4.8,0,Manufactura
0,10.35,37.0,23,Masculino,6,10.0,0,1,18.5,0,Manufactura
0,11.85,64.8,31,Femenino,12,58.8,0,1,33.4,0,Tecnología
0,13.5,63.0,34,Femenino,13,64.6,1,1,25.8,0,Tecnología
1,54.74,94.0,35,Masculino,18,52.3,1,12,9.8,1,Comercio & Retail
0,11.25,47.0,37,Masculino,9,53.8,0,1,2.7,1,Servicios Personales
0,11.44,30.4,34,Femenino,9,38.3,0,1,31.6,1,Manufactura
0,14.21,64.9,33,Masculino,13,36.2,0,1,37.4,0,Comercio & Retail
0,14.02,58.3,57,Femenino,12,64.1,0,1,35.8,0,Comercio & Retail
1,43.92,65.9,56,Masculino,9,38.1,0,45,81.1,1,Servicios Personales
0,13.46,64.0,49,Femenino,10,78.1,0,8,26.1,0,Agroindustria
0,12.39,56.9,61,Masculino,8,38.1,0,2,48.7,1,Servicios Personales
0,13.66,46.0,26,Masculino,6,27.3,0,2,42.8,0,Manufactura
0,14.64,55.4,44,Femenino,9,36.4,0,2,54.8,0,Manufactura
1,49.28,83.4,63,Masculino,16,38.7,1,45,13.7,1,Comercio & Retail
0,11.96,52.2,50,Masculino,7,34.7,0,1,13.8,0,Comercio & Retail
0,9.51,40.8,27,Femenino,5,48.7,1,1,18.1,0,Manufactura
0,9.37,33.7,34,Masculino,6,40.6,0,2,10.0,1,Tecnología
0,11.73,48.8,53,Masculino,12,64.2,0,2,16.8,1,Manufactura
0,11.62,44.1,34,Masculino,12,43.6,0,2,55.8,0,Servicios Personales
1,45.88,66.5,35,Femenino,15,43.2,1,45,10.3,1,Comercio & Retail
0,13.74,63.6,40,Femenino,14,55.6,0,2,4.6,0,Tecnología
0,12.98,58.1,51,Femenino,11,47.4,0,1,24.7,0,Comercio & Retail
1,42.32,61.8,25,Femenino,12,41.2,1,120,40.6,1,Comercio & Retail
0,13.6,60.4,30,Masculino,7,40.4,0,2,14.6,1,Manufactura
0,14.05,72.6,40,Femenino,13,33.4,0,2,9.5,0,Comercio & Retail
0,12.23,47.5,37,Femenino,10,56.8,0,2,28.9,1,Manufactura
1,52.06,80.7,39,Femenino,13,50.3,1,45,6.7,1,Comercio & Retail
0,16.29,60.7,64,Femenino,12,45.9,0,1,19.4,0,Comercio & Retail
0,11.62,52.7,40,Masculino,8,55.4,0,1,33.1,1,Comercio & Retail
0,10.06,43.7,58,Masculino,6,46.3,0,1,42.5,0,Agroindustria
0,12.16,47.4,52,Femenino,8,47.8,0,1,19.2,0,Logística
0,13.48,73.1,20,Femenino,11,60.0,0,2,45.3,0,Tecnología
0,10.86,37.2,51,Femenino,7,36.7,0,2,29.0,0,Logística
1,45.32,52.3,50,Femenino,9,35.4,1,45,38.5,1,Manufactura
0,12.1,62.0,63,Femenino,14,54.7,0,2,25.5,0,Tecnología
1,50.25,74.5,34,Masculino,14,39.6,1,120,26.2,1,Comercio & Retail
1,41.19,67.1,62,Femenino,12,43.2,1,120,9.5,1,Servicios Personales
0,16.04,75.9,36,Masculino,15,58.6,0,2,23.6,0,Manufactura
0,9.19,35.7,47,Femenino,5,36.8,0,2,17.4,0,Servicios Personales
1,45.34,73.3,40,Femenino,15,41.7,1,120,15.0,1,Comercio & Retail
0,11.69,38.8,32,Masculino,5,74.7,0,1,46.3,1,Comercio & Retail
1,48.02,61.2,31,Masculino,10,42.5,1,120,22.2,1,Servicios Personales
0,9.09,30.9,19,Masculino,7,62.4,1,1,26.8,1,Comercio & Retail
0,10.97,64.2,56,Masculino,13,72.8,0,1,32.8,0,Manufactura
0,8.28,27.4,35,Femenino,4,56.3,0,1,13.9,1,Comercio & Retail
0,10.24,33.6,23,Masculino,3,15.2,0,2,16.4,0,Servicios Personales
0,14.62,59.1,49,Femenino,8,62.8,0,1,37.7,1,Manufactura
0,13.27,47.3,38,Masculino,7,34.3,0,1,53.1,1,Comercio & Retail
0,12.66,48.4,57,Femenino,8,56.5,0,2,14.3,0,Logística
0,9.41,35.3,45,Femenino,7,37.1,0,1,29.6,1,Comercio & Retail
1,52.53,85.6,44,Masculino,13,41.4,1,45,7.5,1,Manufactura
0,10.87,45.8,19,Femenino,10,58.1,0,1,16.1,1,Comercio & Retail
0,16.06,66.4,50,Femenino,16,50.2,0,1,16.8,0,Agroindustria
0,14.26,66.2,33,Femenino,11,46.6,0,4,23.8,1,Comercio & Retail
0,12.41,61.9,56,Masculino,13,29.6,0,1,8.7,0,Manufactura
1,49.29,70.6,39,Masculino,12,43.3,1,45,31.3,1,Tecnología
1,38.22,57.3,60,Masculino,7,47.9,1,120,35.8,1,Comercio & Retail
0,8.41,44.3,64,Masculino,8,60.7,0,2,3.8,1,Agroindustria
1,52.92,75.6,30,Masculino,14,47.7,1,12,7.3,1,Comercio & Retail
0,7.81,22.5,19,Femenino,3,50.9,0,1,36.7,0,Agroindustria
1,46.03,63.7,31,Femenino,12,44.6,1,12,44.1,1,Comercio & Retail
0,7.88,49.7,55,Masculino,9,45.7,0,2,19.1,0,Comercio & Retail
0,11.84,52.6,58,Femenino,7,31.0,0,4,41.8,0,Servicios Personales
0,9.06,45.5,45,Femenino,9,51.1,0,4,33.8,0,Comercio & Retail
0,13.2,72.3,24,Femenino,16,46.1,0,1,30.7,0,Servicios Personales
0,7.39,25.0,35,Masculino,3,42.2,0,2,19.8,1,Manufactura
0,13.63,41.6,58,Femenino,5,62.5,0,4,30.5,0,Comercio & Retail
0,9.24,19.0,53,Masculino,3,31.4,0,1,23.7,1,Comercio & Retail
0,9.79,35.2,58,Masculino,8,53.3,0,1,30.9,0,Comercio & Retail
0,12.56,58.8,53,Masculino,8,51.7,0,2,45.8,0,Servicios Personales
0,9.97,36.8,61,Masculino,11,22.1,0,4,15.1,0,Logística
0,9.51,34.0,21,Femenino,8,63.0,0,2,25.1,0,Agroindustria
1,54.21,84.7,47,Masculino,12,33.9,1,12,43.1,1,Manufactura
0,7.78,25.5,41,Masculino,7,40.8,0,1,8.6,0,Servicios Personales
1,52.62,82.6,37,Masculino,18,43.0,1,12,2.5,1,Manufactura
1,43.42,56.5,63,Masculino,12,36.4,1,45,37.8,1,Servicios Personales
0,9.44,40.1,48,Femenino,12,54.1,0,1,23.5,0,Manufactura
0,13.28,53.0,41,Masculino,12,55.6,0,1,64.0,1,Servicios Personales
0,9.52,41.7,24,Femenino,6,51.5,0,1,51.4,0,Tecnología
0,14.16,58.5,43,Masculino,9,47.6,0,1,22.0,1,Servicios Personales
0,12.78,62.0,30,Masculino,9,43.7,0,1,66.5,1,Manufactura
0,10.63,43.3,25,Masculino,8,48.0,0,2,37.3,0,Agroindustria
0,10.86,32.5,22,Masculino,9,34.6,1,1,31.5,1,Comercio & Retail
0,15.98,67.5,61,Femenino,13,45.5,0,2,53.6,0,Comercio & Retail
1,48.15,68.7,30,Femenino,10,39.9,1,12,34.0,1,Comercio & Retail
1,49.27,74.3,46,Masculino,11,44.5,1,120,49.6,0,Servicios Personales
0,9.77,40.8,37,Femenino,4,43.7,0,2,27.2,1,Servicios Personales
0,7.53,13.4,31,Femenino,3,74.4,0,1,30.1,1,Agroindustria
0,10.71,37.1,49,Masculino,6,49.1,0,1,18.3,0,Manufactura
1,50.94,81.3,44,Femenino,16,44.6,1,120,65.0,1,Agroindustria
1,51.26,90.9,42,Masculino,18,43.9,1,12,51.7,1,Logística
0,13.11,53.2,21,Femenino,14,45.8,0,1,25.2,0,Logística
0,12.45,71.6,38,Masculino,9,48.5,0,1,32.6,0,Comercio & Retail
1,47.65,76.2,35,Masculino,12,40.5,1,45,24.4,1,Comercio & Retail
1,48.58,75.0,56,Femenino,15,37.7,1,120,49.2,0,Logística
1,57.49,84.3,32,Femenino,17,42.3,1,45,21.4,1,Comercio & Retail
0,9.57,34.0,55,Femenino,6,29.1,0,1,33.8,1,Tecnología
1,47.0,71.4,41,Masculino,11,45.6,1,45,22.7,1,Comercio & Retail
0,9.79,39.4,25,Femenino,9,55.3,0,1,59.2,0,Manufactura
0,14.54,64.1,45,Femenino,12,58.4,0,1,7.4,0,Logística
0,10.63,46.6,38,Masculino,10,59.1,0,8,25.7,1,Comercio & Retail
0,7.97,38.8,33,Femenino,6,59.0,0,4,30.1,1,Manufactura
1,47.63,74.7,33,Masculino,12,39.6,1,45,68.6,1,Comercio & Retail
0,11.27,36.6,52,Masculino,7,48.0,0,4,38.3,0,Tecnología
0,11.96,56.8,34,Masculino,10,57.3,0,4,19.5,1,Manufactura
0,10.91,53.7,26,Masculino,10,51.9,1,4,29.0,0,Servicios Personales
1,49.6,71.7,52,Femenino,16,43.1,1,45,34.0,1,Comercio & Retail
0,11.99,52.8,46,Masculino,11,43.0,0,1,33.8,0,Comercio & Retail
0,13.71,48.9,56,Masculino,10,46.4,0,1,5.2,1,Agroindustria
0,11.31,48.9,35,Femenino,13,51.0,1,4,23.6,0,Comercio & Retail
0,12.16,41.4,29,Femenino,7,47.0,0,2,30.1,0,Comercio & Retail
0,9.36,55.8,36,Masculino,10,43.3,0,1,12.8,0,Tecnología
0,7.43,47.8,39,Femenino,12,69.1,0,4,3.9,0,Logística
0,14.88,58.5,32,Masculino,12,45.6,1,4,24.1,0,Manufactura
0,12.52,44.7,18,Femenino,8,59.0,0,1,16.1,0,Logística
0,14.93,67.1,19,Femenino,11,51.0,0,1,27.6,0,Tecnología
0,15.8,84.3,25,Masculino,13,49.5,0,4,32.4,0,Manufactura
0,15.06,46.9,39,Femenino,7,49.1,0,1,47.2,0,Manufactura
0,7.96,33.2,42,Masculino,8,25.6,0,2,16.4,0,Tecnología
0,12.48,41.8,19,Femenino,9,30.7,0,2,37.0,0,Tecnología
1,55.36,91.7,26,Femenino,19,51.9,1,450,16.1,1,Comercio & Retail
0,9.07,38.5,26,Masculino,7,26.8,0,2,24.9,0,Manufactura
0,15.07,58.6,30,Masculino,11,43.4,0,2,43.2,1,Comercio & Retail
0,14.03,59.3,23,Masculino,9,40.5,0,1,33.4,0,Logística
0,10.96,37.3,47,Masculino,6,55.2,0,2,50.2,1,Logística
1,56.58,91.5,32,Masculino,13,46.0,1,120,42.3,1,Servicios Personales
0,7.61,19.2,32,Masculino,5,68.4,1,2,21.6,0,Comercio & Retail
0,15.73,80.4,24,Femenino,15,63.7,0,8,25.3,0,Servicios Personales
0,9.06,22.3,28,Masculino,6,74.5,1,2,37.8,1,Logística
0,13.09,34.5,57,Femenino,7,62.0,0,1,31.3,0,Manufactura
1,49.98,71.4,55,Femenino,12,41.4,1,12,39.9,1,Comercio & Retail
0,9.38,46.4,57,Femenino,13,34.6,0,1,39.7,1,Comercio & Retail
0,13.09,62.0,19,Femenino,11,32.6,0,1,38.3,1,Comercio & Retail
0,8.69,34.6,56,Masculino,8,15.2,0,2,17.8,1,Servicios Personales
0,8.04,30.3,27,Femenino,4,52.1,0,2,9.5,0,Comercio & Retail
1,38.47,48.7,61,Femenino,10,34.1,1,12,8.3,1,Comercio & Retail
0,11.7,43.1,34,Femenino,7,59.3,0,1,23.1,1,Manufactura
1,57.59,95.0,24,Femenino,19,44.1,1,45,11.7,1,Comercio & Retail
1,47.81,69.6,57,Masculino,11,38.9,1,12,27.3,1,Servicios Personales
0,11.21,36.4,56,Femenino,5,42.8,0,1,39.2,0,Comercio & Retail
0,12.91,57.2,21,Femenino,9,42.3,0,1,16.1,1,Comercio & Retail
0,13.35,66.3,52,Femenino,13,34.5,0,4,20.0,0,Agroindustria
0,14.7,57.6,64,Femenino,14,53.2,0,2,28.9,0,Agroindustria
0,13.16,39.6,53,Masculino,9,41.2,0,1,11.4,1,Manufactura
0,16.08,69.9,48,Femenino,10,40.4,0,4,14.0,0,Comercio & Retail
0,13.07,50.8,42,Femenino,12,38.1,0,1,33.1,0,Comercio & Retail
0,11.31,40.9,58,Femenino,6,71.3,0,1,65.7,1,Comercio & Retail
0,11.17,60.7,30,Femenino,11,38.1,0,2,10.6,1,Servicios Personales
1,43.09,60.2,35,Masculino,11,43.0,1,12,24.2,1,Agroindustria
0,12.91,73.2,38,Femenino,12,31.7,0,1,4.0,0,Comercio & Retail
0,12.84,48.5,18,Masculino,10,65.8,0,2,41.4,1,Servicios Personales
0,9.86,28.9,53,Masculino,4,51.7,0,1,49.7,0,Servicios Personales
0,11.3,55.6,25,Femenino,11,69.9,0,2,29.4,0,Tecnología
0,9.69,20.3,38,Masculino,7,66.0,0,1,28.9,1,Agroindustria
0,12.92,75.4,60,Masculino,17,67.0,1,1,41.4,0,Comercio & Retail
1,54.42,93.7,38,Masculino,17,36.7,1,45,35.0,1,Comercio & Retail
0,13.54,59.2,44,Femenino,6,28.3,0,1,38.3,1,Tecnología
0,12.4,52.5,36,Masculino,7,35.5,1,8,68.5,0,Tecnología
0,7.59,22.9,40,Femenino,1,36.6,0,1,27.7,0,Tecnología
0,8.44,53.2,60,Femenino,13,46.9,0,2,22.0,0,Comercio & Retail
1,40.21,48.9,52,Masculino,8,45.1,1,120,28.7,1,Comercio & Retail
0,17.71,60.0,57,Masculino,11,53.5,0,2,13.0,0,Agroindustria
1,52.0,70.4,59,Femenino,8,43.0,1,450,7.5,1,Logística
0,6.64,13.5,22,Masculino,4,48.8,0,1,7.4,0,Tecnología
0,12.15,46.5,58,Masculino,11,47.4,1,2,54.7,0,Comercio & Retail
0,17.25,87.1,25,Femenino,15,46.0,0,2,45.8,0,Manufactura
0,14.8,70.4,28,Femenino,10,61.9,0,1,46.9,1,Servicios Personales
0,10.67,42.3,33,Femenino,6,52.8,0,1,5.0,0,Manufactura
0,12.26,47.4,56,Masculino,9,55.6,0,1,23.5,0,Tecnología
1,45.79,68.7,64,Masculino,12,47.3,1,450,19.5,1,Comercio & Retail
1,48.45,72.8,41,Femenino,9,41.7,0,12,42.5,0,Manufactura
0,9.38,32.5,38,Masculino,6,58.6,0,1,48.5,1,Logística
0,16.99,91.7,40,Masculino,18,39.0,0,4,29.5,0,Comercio & Retail
0,8.11,29.0,55,Masculino,4,52.6,0,1,36.1,1,Servicios Personales
1,53.72,94.7,64,Femenino,19,49.5,1,450,30.5,1,Comercio & Retail
0,14.61,62.8,25,Masculino,10,51.4,0,2,25.2,1,Tecnología
0,13.09,61.1,24,Masculino,13,53.1,0,1,27.8,1,Tecnología
1,45.84,68.8,19,Femenino,11,46.9,0,12,7.6,1,Tecnología
0,11.98,38.1,47,Femenino,7,40.9,0,4,27.9,1,Tecnología
1,51.52,80.7,30,Masculino,15,42.5,1,120,18.4,1,Agroindustria
0,12.97,43.6,40,Femenino,12,41.0,1,2,10.4,1,Agroindustria
0,13.81,62.6,46,Masculino,10,39.9,0,1,26.0,1,Servicios Personales
1,41.41,58.1,55,Femenino,13,42.9,0,45,56.1,1,Tecnología
1,37.68,46.0,54,Femenino,9,42.1,1,45,11.0,1,Tecnología
0,4.56,5.0,37,Femenino,2,59.0,0,1,34.5,1,Agroindustria
0,7.93,24.8,50,Femenino,3,61.5,0,1,48.8,1,Logística
1,52.61,68.3,46,Femenino,10,46.4,0,450,65.4,1,Comercio & Retail
0,7.9,35.3,32,Masculino,9,32.9,0,1,22.6,0,Agroindustria
0,12.54,56.9,40,Femenino,10,40.7,0,2,47.4,0,Comercio & Retail
0,13.91,30.6,59,Masculino,9,38.4,0,4,14.6,0,Comercio & Retail
0,11.74,37.5,20,Masculino,6,37.9,0,1,2.4,1,Agroindustria
0,10.95,43.6,54,Femenino,5,43.1,0,2,8.5,1,Agroindustria
0,9.95,41.9,46,Femenino,7,41.5,0,1,16.8,0,Manufactura
1,46.2,74.8,62,Masculino,13,40.9,1,120,45.1,1,Servicios Personales
0,9.4,38.0,25,Femenino,7,52.7,0,1,7.4,1,Comercio & Retail
0,20.0,96.8,39,Femenino,14,34.3,0,1,52.4,0,Comercio & Retail
0,10.37,50.0,46,Masculino,6,45.9,0,1,44.3,1,Tecnología
0,14.66,77.1,19,Femenino,15,34.6,0,1,39.7,0,Comercio & Retail
0,13.38,64.1,58,Femenino,8,44.7,0,1,1.6,0,Tecnología
0,15.33,64.9,62,Masculino,9,40.0,0,1,16.3,0,Agroindustria
0,12.09,45.6,18,Masculino,9,44.3,0,2,33.8,0,Manufactura
0,12.26,68.0,61,Femenino,12,50.6,0,2,20.5,1,Logística
1,44.32,56.0,37,Masculino,11,32.8,1,45,22.0,0,Comercio & Retail
1,49.78,68.2,38,Masculino,11,41.6,1,450,64.7,1,Manufactura
0,11.86,70.7,54,Masculino,10,50.9,0,2,43.1,1,Manufactura
0,9.55,32.2,25,Femenino,8,28.9,0,2,14.6,0,Servicios Personales
1,45.03,72.2,44,Masculino,14,45.2,1,450,27.5,1,Comercio & Retail
1,44.4,69.6,64,Femenino,10,45.6,1,120,26.9,1,Manufactura
0,15.02,70.6,52,Masculino,12,46.6,0,1,4.3,1,Manufactura
0,16.46,63.3,23,Femenino,11,32.1,0,1,54.3,0,Comercio & Retail
0,12.69,57.8,62,Masculino,8,45.6,0,1,52.2,0,Servicios Personales
1,52.93,77.6,61,Femenino,19,41.4,1,45,40.6,1,Servicios Personales
0,13.67,80.7,36,Femenino,15,58.5,1,2,28.6,0,Manufactura
0,13.25,59.3,35,Masculino,8,46.6,0,1,4.8,1,Comercio & Retail
1,53.83,92.7,18,Femenino,18,41.0,1,120,1.6,0,Servicios Personales
0,13.45,58.8,42,Femenino,14,47.6,0,4,18.0,0,Manufactura
0,10.75,35.2,44,Masculino,6,51.7,0,4,46.2,0,Comercio & Retail
1,51.63,67.1,24,Masculino,13,49.7,1,45,16.7,1,Servicios Personales
1,42.81,54.8,61,Femenino,12,39.8,1,12,31.8,1,Tecnología
1,37.34,50.0,59,Femenino,11,38.5,1,45,21.7,1,Manufactura
0,14.74,75.9,46,Masculino,14,45.5,0,4,9.8,0,Comercio & Retail
1,48.72,75.5,48,Masculino,11,41.5,1,12,42.0,1,Tecnología
0,6.32,5.0,61,Femenino,2,49.3,0,2,46.4,0,Comercio & Retail
0,10.08,30.2,60,Masculino,5,36.5,0,1,32.6,1,Manufactura
0,9.85,35.8,53,Masculino,7,35.2,0,1,10.9,1,Agroindustria
1,57.71,100.0,36,Femenino,18,43.9,1,45,23.3,1,Manufactura
0,14.35,70.2,23,Femenino,12,50.7,0,1,62.7,0,Manufactura
1,53.31,76.9,42,Femenino,12,46.6,1,45,38.2,1,Comercio & Retail
0,12.28,63.9,48,Masculino,10,49.2,0,4,22.4,0,Agroindustria
0,13.22,50.8,26,Femenino,6,67.8,0,1,32.8,1,Comercio & Retail
0,11.14,33.9,37,Femenino,4,80.0,0,1,43.0,0,Manufactura
1,50.96,75.8,27,Masculino,14,43.9,1,12,53.2,1,Servicios Personales
1,52.32,84.2,54,Femenino,16,40.5,1,450,12.6,1,Comercio & Retail
0,15.52,67.3,44,Masculino,13,43.9,0,1,20.5,1,Comercio & Retail
0,11.45,47.1,30,Femenino,8,43.0,0,4,28.2,1,Manufactura
0,9.29,51.7,58,Masculino,8,72.6,0,1,41.6,1,Agroindustria
1,48.9,71.5,19,Femenino,13,48.8,1,450,39.4,1,Manufactura
1,43.28,57.1,38,Femenino,10,36.4,1,12,39.7,1,Comercio & Retail
0,12.13,52.8,50,Masculino,9,36.7,0,4,38.6,1,Logística
0,12.29,54.1,41,Masculino,8,57.6,0,1,27.2,1,Comercio & Retail
0,11.28,41.7,61,Masculino,7,55.4,0,1,27.4,1,Manufactura
0,10.01,42.8,59,Masculino,10,49.8,0,2,35.1,0,Comercio & Retail
0,13.97,33.1,51,Masculino,4,48.8,0,4,11.9,1,Tecnología
0,12.39,54.0,26,Masculino,12,46.9,0,4,46.6,0,Tecnología
0,12.83,37.4,19,Masculino,3,45.8,0,2,37.2,0,Manufactura
1,45.37,65.1,47,Masculino,14,34.2,1,12,56.9,1,Comercio & Retail
0,10.88,42.0,39,Masculino,8,50.4,0,1,43.8,0,Comercio & Retail
0,12.25,59.1,63,Masculino,10,52.4,0,4,6.6,1,Comercio & Retail
1,46.3,62.9,28,Femenino,12,39.5,1,120,20.7,1,Comercio & Retail
0,13.66,62.8,60,Femenino,9,57.3,0,2,42.3,0,Comercio & Retail
0,6.49,40.9,34,Femenino,7,31.9,0,1,44.9,0,Tecnología
1,43.26,56.1,53,Masculino,11,40.0,1,45,5.9,1,Logística
0,15.46,79.4,30,Masculino,18,52.7,1,4,25.0,0,Comercio & Retail
0,12.63,55.1,24,Masculino,13,41.6,0,4,7.7,0,Manufactura
0,7.36,37.7,33,Femenino,7,63.3,0,1,59.5,0,Manufactura
0,12.45,55.1,50,Femenino,9,59.4,0,1,20.3,0,Logística
0,14.79,59.8,62,Masculino,8,58.4,0,1,19.0,0,Comercio & Retail
0,12.04,47.5,18,Masculino,6,55.3,0,1,7.9,1,Agroindustria
0,13.41,57.3,28,Femenino,12,54.6,0,2,8.0,0,Comercio & Retail
0,14.21,52.6,23,Masculino,9,22.8,0,1,29.8,0,Comercio & Retail
0,15.37,59.3,37,Femenino,11,42.1,0,1,4.1,0,Servicios Personales
0,8.57,26.6,52,Femenino,0,38.9,0,2,38.4,1,Agroindustria
1,53.2,80.2,61,Masculino,13,38.5,1,45,70.9,1,Comercio & Retail
0,7.18,27.5,54,Masculino,8,36.2,0,1,46.7,1,Comercio & Retail
0,11.77,52.9,58,Masculino,6,40.6,0,2,31.3,0,Comercio & Retail
0,11.05,19.3,43,Femenino,5,53.8,0,1,5.3,0,Comercio & Retail
0,12.3,45.7,29,Femenino,7,51.8,0,4,54.0,1,Comercio & Retail
0,7.82,26.1,47,Femenino,8,43.5,0,4,29.1,1,Manufactura
1,52.59,77.2,45,Femenino,13,40.6,1,450,13.2,1,Manufactura
0,11.74,43.6,44,Masculino,8,46.8,0,2,25.9,1,Comercio & Retail
1,45.8,77.8,59,Femenino,14,41.5,1,12,48.1,1,Comercio & Retail
0,14.8,56.1,36,Femenino,11,45.4,0,2,44.4,0,Comercio & Retail
1,50.98,92.7,22,Femenino,17,44.5,0,12,10.8,1,Servicios Personales
0,12.45,30.3,22,Masculino,8,62.9,0,2,21.1,0,Comercio & Retail
1,41.86,69.1,58,Masculino,12,51.1,1,12,25.7,1,Comercio & Retail
0,13.3,79.2,44,Masculino,15,56.9,1,2,19.4,1,Comercio & Retail
0,14.98,66.7,45,Femenino,12,43.7,1,2,49.3,0,Tecnología
0,10.47,56.1,43,Femenino,9,53.2,0,4,30.3,0,Comercio & Retail
0,11.01,58.3,44,Femenino,8,43.7,0,1,43.6,1,Manufactura
0,10.01,36.9,59,Femenino,3,50.7,0,4,35.8,0,Agroindustria
0,12.62,36.9,38,Femenino,9,50.2,0,1,19.7,0,Servicios Personales
0,9.47,40.1,18,Femenino,6,31.2,0,1,12.5,1,Logística
0,13.7,50.6,45,Masculino,8,47.9,0,1,59.7,0,Manufactura
0,15.47,54.3,32,Masculino,10,40.5,0,1,14.6,1,Comercio & Retail
0,10.48,32.5,34,Femenino,4,52.2,0,2,30.0,0,Agroindustria
0,12.58,43.8,43,Masculino,6,61.7,0,1,29.7,0,Servicios Personales
1,42.09,66.6,37,Femenino,11,38.2,1,450,43.5,1,Comercio & Retail
0,11.35,40.7,42,Masculino,5,75.6,0,1,27.6,0,Comercio & Retail
0,15.52,63.6,30,Masculino,10,41.1,0,1,15.3,0,Comercio & Retail
0,13.37,54.7,50,Masculino,5,57.0,0,4,23.2,0,Manufactura
1,48.32,60.9,42,Femenino,12,35.0,1,12,9.6,1,Logística
1,41.61,61.7,25,Femenino,12,53.6,1,45,37.4,1,Tecnología
0,15.4,82.0,22,Femenino,15,40.7,0,4,12.7,0,Tecnología
0,17.06,75.0,23,Femenino,15,48.0,0,2,16.6,0,Comercio & Retail
1,39.06,55.6,40,Masculino,11,44.4,1,120,30.8,1,Servicios Personales
0,8.65,22.5,47,Masculino,3,51.4,0,1,14.0,0,Manufactura
0,16.0,61.3,31,Masculino,10,68.3,0,4,33.5,0,Comercio & Retail
1,50.7,67.5,40,Masculino,12,42.9,1,12,35.7,1,Manufactura
0,16.43,73.7,28,Masculino,10,39.7,0,1,8.5,1,Logística
1,45.58,68.8,48,Femenino,16,36.5,1,12,37.8,1,Comercio & Retail
0,15.49,65.0,23,Femenino,15,55.1,0,1,28.0,0,Comercio & Retail
0,12.59,55.7,28,Masculino,10,66.4,0,1,14.6,0,Manufactura
0,12.25,59.2,30,Femenino,13,55.4,0,2,17.8,1,Servicios Personales
0,6.72,13.2,29,Femenino,4,43.8,0,1,40.1,1,Comercio & Retail
0,13.74,54.8,19,Femenino,11,62.4,0,2,43.9,1,Servicios Personales
0,12.18,56.6,52,Masculino,5,75.8,0,2,51.7,0,Comercio & Retail
1,49.88,75.9,53,Masculino,9,42.2,1,450,17.5,1,Manufactura
0,12.83,48.4,34,Femenino,7,36.0,0,1,10.1,0,Comercio & Retail
0,9.81,35.9,45,Masculino,8,47.6,0,1,20.4,1,Logística
0,12.67,35.2,45,Masculino,7,57.4,0,1,19.8,1,Servicios Personales
0,11.56,47.9,39,Masculino,8,39.9,0,4,46.2,0,Servicios Personales
0,8.2,42.0,55,Masculino,8,54.8,0,1,13.7,0,Comercio & Retail
0,13.23,64.6,24,Masculino,12,44.0,0,2,31.7,0,Comercio & Retail
0,10.19,51.4,32,Masculino,9,24.9,1,1,54.8,1,Servicios Personales
0,11.66,42.8,49,Femenino,10,42.0,0,2,41.6,0,Manufactura
0,11.87,58.5,28,Femenino,11,47.4,0,1,23.5,1,Tecnología
0,14.93,63.6,41,Femenino,11,70.1,0,1,45.0,1,Manufactura
0,9.79,35.3,20,Femenino,6,37.4,1,1,28.4,1,Comercio & Retail
1,38.86,60.5,47,Femenino,9,43.4,1,45,12.6,1,Logística
1,41.38,59.6,23,Femenino,11,46.3,1,45,11.6,0,Servicios Personales
0,11.76,41.7,19,Femenino,7,53.8,0,4,18.2,1,Comercio & Retail
0,11.66,39.6,31,Femenino,6,47.4,0,8,11.2,0,Comercio & Retail
0,10.47,33.6,58,Femenino,6,61.7,1,2,17.4,0,Servicios Personales
1,44.35,63.1,35,Masculino,11,42.9,1,45,47.2,1,Tecnología
0,11.61,42.4,61,Masculino,9,77.6,0,1,59.2,0,Manufactura
1,45.3,74.9,48,Masculino,9,44.1,1,120,25.8,1,Comercio & Retail
0,12.28,47.3,30,Femenino,3,41.9,0,1,33.6,1,Manufactura
0,14.31,54.2,43,Femenino,10,36.3,0,2,22.3,0,Comercio & Retail
0,12.56,60.7,61,Femenino,10,33.5,0,2,23.8,1,Manufactura
0,10.63,65.0,29,Femenino,11,42.9,1,1,28.4,1,Comercio & Retail
1,48.24,80.9,35,Masculino,15,39.8,1,45,20.9,1,Agroindustria
0,12.95,49.8,26,Femenino,7,53.8,0,2,29.2,0,Logística
0,12.99,70.6,38,Masculino,12,43.1,0,1,16.6,1,Manufactura
0,12.3,65.9,57,Masculino,11,43.9,0,1,19.5,0,Manufactura
1,39.4,55.1,60,Femenino,12,39.9,1,12,13.6,1,Comercio & Retail
1,43.15,55.4,41,Masculino,9,39.9,1,12,8.1,1,Comercio & Retail
0,14.0,59.6,51,Femenino,13,54.8,0,1,27.1,1,Comercio & Retail
0,13.53,48.2,25,Femenino,7,66.5,0,8,28.5,0,Tecnología
0,11.21,56.4,61,Masculino,8,46.2,0,2,16.3,1,Manufactura
0,13.34,54.8,50,Masculino,9,40.0,0,1,53.2,0,Servicios Personales
1,50.07,58.5,40,Masculino,9,37.9,1,120,25.6,1,Servicios Personales
0,12.47,61.2,30,Masculino,11,43.8,0,1,49.6,0,Comercio & Retail
1,50.49,77.5,31,Femenino,11,46.0,1,120,20.5,1,Manufactura
0,17.2,63.1,31,Femenino,11,57.9,0,1,31.5,0,Agroindustria
0,11.96,65.8,33,Femenino,15,27.0,0,1,8.0,1,Agroindustria
0,11.82,46.1,55,Femenino,9,40.2,0,1,14.6,1,Manufactura
1,47.19,75.3,56,Femenino,14,36.6,1,12,12.7,1,Tecnología
0,12.39,52.1,43,Masculino,6,26.0,0,1,25.5,1,Logística
1,51.6,59.0,43,Masculino,10,41.1,1,120,33.9,1,Comercio & Retail
0,13.83,57.3,18,Masculino,10,62.7,0,2,37.8,0,Tecnología
0,9.12,23.8,49,Masculino,5,47.7,0,1,35.1,0,Comercio & Retail
1,49.93,74.0,32,Femenino,10,45.7,1,12,22.1,1,Comercio & Retail
0,10.94,41.7,38,Masculino,10,50.1,1,1,46.6,1,Servicios Personales
0,12.16,47.5,35,Femenino,12,50.5,0,2,16.6,1,Servicios Personales
1,42.67,58.3,47,Femenino,12,44.2,1,45,22.5,1,Comercio & Retail
0,10.32,40.9,30,Masculino,5,37.8,1,2,31.2,1,Comercio & Retail
1,46.23,71.0,41,Femenino,15,43.5,1,45,22.1,1,Comercio & Retail
0,9.6,40.8,47,Masculino,8,53.7,0,2,18.0,1,Servicios Personales
0,12.77,38.8,19,Masculino,8,62.1,0,2,59.0,1,Agroindustria
0,15.86,80.7,36,Masculino,12,51.1,0,1,32.4,0,Comercio & Retail
1,48.67,70.4,64,Masculino,13,39.3,1,450,27.8,1,Servicios Personales
1,40.11,56.0,61,Masculino,8,41.5,1,45,36.3,1,Logística
1,48.0,75.6,64,Femenino,10,44.0,1,45,3.3,0,Manufactura
1,50.92,87.3,42,Femenino,13,34.9,1,120,34.1,0,Servicios Personales
0,10.46,30.0,31,Femenino,6,57.8,0,1,38.4,0,Comercio & Retail
0,10.49,17.5,23,Femenino,0,48.4,0,1,45.8,0,Manufactura
0,16.72,70.9,29,Masculino,12,50.0,1,2,30.3,0,Comercio & Retail
1,50.27,68.1,37,Femenino,13,36.4,1,12,28.0,1,Tecnología
0,8.5,24.2,40,Masculino,4,52.0,0,1,24.8,0,Comercio & Retail
0,5.7,28.3,47,Masculino,10,39.2,0,1,27.3,0,Manufactura
1,41.24,60.5,47,Femenino,8,47.1,1,12,4.7,0,Comercio & Retail
1,46.96,73.5,55,Femenino,10,43.5,1,450,21.2,1,Manufactura
0,12.51,30.4,47,Femenino,2,48.9,0,2,21.8,0,Tecnología
0,7.89,34.8,58,Masculino,5,50.8,0,1,14.1,1,Manufactura
0,14.75,57.5,47,Masculino,12,56.5,1,2,37.3,0,Servicios Personales
0,12.02,52.3,53,Femenino,9,55.9,1,4,29.3,1,Comercio & Retail
0,18.18,92.4,51,Masculino,16,80.0,0,4,33.5,0,Logística
1,44.71,68.5,33,Femenino,12,37.7,1,120,25.4,1,Comercio & Retail
0,8.79,17.2,41,Masculino,6,43.1,0,2,16.9,1,Logística
0,14.79,83.0,31,Masculino,13,60.5,0,8,12.5,1,Agroindustria
1,51.86,85.8,43,Femenino,16,35.7,1,45,22.2,1,Logística
0,12.06,44.3,25,Femenino,10,39.8,0,2,35.0,0,Comercio & Retail
1,52.21,68.9,31,Masculino,12,43.3,1,12,33.4,1,Comercio & Retail
1,50.27,69.1,48,Masculino,13,44.5,1,12,38.6,1,Comercio & Retail
0,14.53,53.0,19,Femenino,9,64.1,0,2,10.0,1,Manufactura
0,6.0,12.9,21,Femenino,2,54.3,0,8,15.8,0,Manufactura
0,14.37,60.4,18,Femenino,12,41.9,0,1,15.3,0,Servicios Personales
0,11.67,50.9,37,Femenino,13,33.9,0,1,18.0,0,Tecnología
1,49.19,91.3,31,Femenino,16,43.3,1,12,7.7,1,Manufactura
0,7.53,30.4,57,Femenino,6,48.6,0,4,42.8,0,Comercio & Retail
0,12.39,50.2,42,Masculino,6,62.0,0,1,26.1,0,Manufactura
0,11.09,49.1,42,Femenino,7,36.5,0,1,30.6,0,Comercio & Retail
0,10.14,47.0,20,Femenino,9,62.0,0,2,24.1,0,Servicios Personales
0,14.58,55.5,22,Femenino,12,56.6,0,1,8.5,1,Tecnología
0,8.51,41.1,55,Masculino,6,58.5,0,8,13.1,0,Comercio & Retail
1,48.07,81.8,43,Masculino,14,41.5,1,120,44.3,1,Tecnología
1,49.43,75.1,57,Masculino,13,35.8,1,12,18.4,1,Comercio & Retail
0,14.51,76.7,55,Masculino,14,39.1,0,1,24.1,1,Comercio & Retail
0,12.53,49.4,55,Femenino,9,54.3,0,2,36.0,0,Tecnología
0,9.5,31.2,21,Femenino,2,55.7,0,1,53.1,0,Comercio & Retail
1,44.61,63.6,24,Masculino,16,36.8,1,450,10.8,1,Logística
0,13.39,49.5,47,Masculino,8,78.0,0,1,35.6,0,Comercio & Retail
1,50.8,67.1,47,Masculino,13,38.8,1,45,38.1,1,Manufactura
0,11.91,42.8,36,Masculino,10,63.7,0,1,60.8,0,Comercio & Retail
1,42.25,67.5,56,Masculino,14,49.4,1,120,8.3,1,Servicios Personales
1,50.03,71.9,52,Femenino,10,32.7,1,12,5.1,1,Comercio & Retail
1,46.25,60.7,57,Masculino,10,41.9,1,12,18.7,1,Logística
1,44.83,68.4,50,Masculino,11,44.0,1,120,14.1,1,Servicios Personales
0,14.11,58.5,50,Femenino,12,43.2,0,2,8.7,0,Tecnología
0,5.17,18.2,31,Masculino,5,29.7,0,2,6.4,1,Servicios Personales
1,55.58,98.0,55,Masculino,17,43.9,1,12,14.0,1,Agroindustria
0,14.64,47.7,27,Femenino,10,49.3,0,2,19.8,0,Manufactura
0,14.07,59.7,45,Femenino,12,59.6,0,8,18.7,0,Comercio & Retail
1,47.7,65.5,31,Femenino,16,46.6,1,45,57.1,1,Comercio & Retail
1,47.09,68.9,53,Femenino,10,37.9,1,120,21.5,1,Manufactura
0,11.83,42.3,55,Femenino,6,48.9,0,1,44.2,1,Manufactura
0,9.29,37.7,33,Femenino,6,50.3,0,1,35.2,0,Manufactura
0,12.66,53.1,38,Femenino,8,33.7,0,1,24.3,0,Comercio & Retail
0,14.61,55.3,45,Femenino,11,52.4,0,1,15.1,1,Agroindustria
0,13.64,57.0,50,Masculino,12,55.5,0,4,30.4,0,Comercio & Retail
0,12.3,59.2,23,Femenino,14,52.9,1,2,15.6,0,Logística
0,10.37,17.9,58,Femenino,4,45.9,0,2,32.0,0,Comercio & Retail
1,46.63,69.7,32,Femenino,11,45.1,1,45,17.7,1,Manufactura
1,49.47,75.7,61,Masculino,12,41.9,1,12,6.6,1,Comercio & Retail
0,9.14,46.0,20,Femenino,12,65.4,0,2,52.6,1,Comercio & Retail
0,6.47,18.5,60,Femenino,1,46.5,0,4,48.2,1,Servicios Personales
1,37.88,52.1,64,Femenino,9,45.1,1,45,11.6,1,Manufactura
1,45.47,60.5,52,Masculino,13,39.1,1,45,36.4,1,Comercio & Retail
0,10.78,34.8,31,Masculino,7,47.5,0,2,15.8,0,Tecnología
0,10.07,36.0,19,Femenino,5,67.6,0,1,34.4,0,Manufactura
1,45.18,56.0,46,Femenino,12,42.5,0,120,13.1,1,Manufactura
0,13.18,59.3,21,Femenino,11,46.9,0,4,40.7,0,Manufactura
0,13.13,48.2,43,Femenino,11,30.7,0,2,16.6,0,Servicios Personales
0,12.82,41.2,29,Masculino,8,25.7,0,1,32.3,0,Logística
0,8.8,32.2,19,Masculino,5,39.0,0,2,24.9,0,Servicios Personales
1,41.06,67.7,34,Masculino,14,49.1,1,120,27.4,1,Comercio & Retail
1,58.25,100.0,52,Femenino,22,49.8,1,45,22.6,1,Tecnología
0,8.99,25.5,27,Masculino,4,54.7,0,1,5.0,1,Servicios Personales
1,49.04,80.4,39,Femenino,14,46.1,1,45,70.1,1,Servicios Personales
0,9.18,21.2,58,Femenino,9,54.6,1,1,4.3,0,Manufactura
0,13.64,59.0,60,Masculino,11,49.2,0,2,33.1,1,Manufactura
0,11.59,34.1,38,Femenino,10,64.2,0,1,26.4,0,Tecnología
1,59.77,99.3,32,Masculino,18,42.5,1,12,17.1,1,Comercio & Retail
0,14.37,63.2,52,Masculino,7,35.5,1,2,26.7,1,Logística
0,12.65,46.6,38,Femenino,8,53.3,0,1,45.3,0,Comercio & Retail
1,52.32,72.2,38,Masculino,10,41.8,1,12,28.3,1,Comercio & Retail
0,13.18,55.0,38,Femenino,12,68.1,0,1,32.1,1,Manufactura
1,46.24,84.8,61,Femenino,15,41.7,1,450,35.0,1,Manufactura
1,49.18,71.5,49,Masculino,12,42.1,1,12,22.6,1,Manufactura
0,12.85,57.5,22,Masculino,11,49.1,0,1,42.9,0,Comercio & Retail
0,10.72,46.9,56,Femenino,8,35.7,0,2,21.9,1,Agroindustria
0,14.98,66.3,26,Masculino,12,35.4,0,2,65.7,0,Servicios Personales
0,11.22,45.1,35,Masculino,7,69.1,0,2,33.2,0,Comercio & Retail
0,14.07,62.4,38,Femenino,11,50.5,0,1,34.8,0,Comercio & Retail
1,51.74,72.4,25,Masculino,9,42.4,0,120,6.6,1,Manufactura
0,10.87,59.0,61,Masculino,6,20.1,0,1,34.6,0,Servicios Personales
0,17.77,87.5,51,Masculino,16,68.5,0,2,50.3,1,Agroindustria
0,11.91,59.7,27,Femenino,6,41.1,0,1,34.5,1,Comercio & Retail
0,9.33,40.0,58,Masculino,9,52.2,0,1,18.9,0,Manufactura
0,9.4,39.2,41,Femenino,4,30.7,0,1,60.1,0,Servicios Personales
0,13.45,59.6,57,Masculino,9,55.1,0,1,16.4,0,Servicios Personales
1,45.09,58.9,41,Masculino,12,39.0,1,45,29.5,1,Comercio & Retail
1,51.41,64.6,49,Femenino,7,43.9,1,12,15.2,1,Comercio & Retail
0,10.22,43.2,50,Femenino,3,43.9,0,2,57.1,0,Servicios Personales
1,36.17,56.4,55,Masculino,9,37.5,1,12,47.7,1,Comercio & Retail
0,10.63,43.9,61,Masculino,9,29.8,0,2,31.5,1,Agroindustria
0,9.79,35.6,51,Femenino,9,49.0,0,1,73.1,1,Tecnología
0,13.08,68.7,28,Femenino,16,46.4,0,1,37.3,0,Manufactura
1,45.04,75.4,48,Masculino,11,44.0,1,120,11.9,1,Servicios Personales
0,15.39,56.3,35,Femenino,11,45.0,0,1,19.1,0,Manufactura
1,46.77,70.5,40,Femenino,11,44.4,1,120,33.3,1,Comercio & Retail
0,14.44,62.7,39,Masculino,11,46.3,1,2,5.7,0,Manufactura
0,10.68,26.8,60,Femenino,8,49.2,0,1,10.1,0,Logística
0,9.72,36.4,35,Femenino,6,27.5,0,2,65.7,1,Comercio & Retail
1,48.28,81.4,57,Femenino,19,47.5,1,120,15.9,1,Servicios Personales
1,47.74,59.3,64,Masculino,9,41.0,1,45,25.7,1,Logística
1,45.9,63.9,58,Femenino,10,48.3,1,12,20.9,1,Comercio & Retail
1,38.38,53.2,64,Masculino,10,36.0,1,120,16.5,1,Agroindustria
0,12.06,58.4,56,Masculino,7,61.2,0,8,2.9,1,Comercio & Retail
0,14.64,69.8,37,Femenino,11,31.6,0,1,36.1,0,Comercio & Retail
0,12.41,30.7,30,Masculino,5,61.2,0,1,15.5,0,Manufactura
1,46.2,72.5,62,Femenino,13,49.9,1,120,28.7,1,Tecnología
0,11.47,43.1,18,Masculino,9,47.3,1,2,12.0,1,Comercio & Retail
0,16.84,67.6,21,Femenino,14,44.5,0,1,18.3,0,Tecnología
1,45.63,69.1,41,Masculino,12,38.0,1,45,11.5,1,Servicios Personales
0,14.49,59.6,53,Femenino,11,42.4,0,1,22.6,0,Servicios Personales
0,12.23,28.8,53,Femenino,7,38.2,0,1,47.8,1,Comercio & Retail
0,11.78,59.2,62,Masculino,10,66.3,0,1,31.1,0,Tecnología
1,47.66,63.8,19,Femenino,13,46.9,1,120,18.4,1,Servicios Personales
0,13.15,47.0,45,Masculino,10,55.9,0,1,57.1,0,Servicios Personales
0,10.76,24.1,43,Femenino,5,70.1,0,8,24.1,0,Comercio & Retail
0,15.29,69.1,40,Femenino,14,51.8,0,8,12.0,0,Tecnología
0,13.14,69.5,32,Masculino,13,53.4,0,2,22.9,0,Comercio & Retail
0,6.71,28.7,53,Femenino,4,55.7,0,1,24.0,1,Manufactura
1,42.89,58.1,44,Masculino,10,43.4,1,450,39.7,1,Servicios Personales
1,45.05,64.4,23,Masculino,13,39.9,1,120,37.4,1,Servicios Personales
0,11.28,52.9,52,Femenino,8,45.9,1,2,33.4,1,Tecnología
0,9.41,33.5,56,Masculino,5,64.3,0,8,38.1,0,Comercio & Retail
0,4.93,22.6,55,Femenino,6,65.5,0,1,22.0,0,Servicios Personales
0,9.65,43.0,52,Femenino,10,56.5,0,2,29.0,0,Tecnología
0,11.64,65.7,53,Masculino,14,55.2,0,2,48.4,0,Tecnología
0,10.37,51.6,27,Femenino,6,38.9,0,2,46.1,0,Manufactura
0,8.31,29.4,47,Femenino,6,40.9,0,1,20.3,0,Comercio & Retail
0,12.37,54.9,58,Masculino,9,23.0,0,1,38.8,1,Comercio & Retail
1,52.93,71.1,55,Masculino,13,38.2,0,120,30.1,1,Manufactura
1,48.89,70.8,46,Masculino,17,40.9,1,120,9.1,1,Manufactura
0,10.23,52.3,60,Masculino,10,30.0,0,4,22.8,1,Comercio & Retail
0,13.1,44.5,56,Masculino,7,53.2,0,4,7.2,0,Comercio & Retail
0,10.25,40.2,21,Masculino,7,65.2,0,1,37.4,1,Logística
0,12.47,80.7,22,Femenino,15,53.2,0,2,7.3,0,Comercio & Retail
0,9.38,40.3,21,Masculino,5,53.9,1,2,61.2,1,Comercio & Retail
0,14.44,61.1,53,Femenino,11,54.1,0,1,20.8,1,Logística
0,16.29,84.2,62,Masculino,15,66.3,0,1,23.7,1,Servicios Personales
0,9.24,51.0,33,Masculino,9,54.3,0,1,26.7,1,Servicios Personales
0,11.34,40.1,42,Masculino,6,64.3,0,4,24.1,0,Comercio & Retail
0,12.26,65.8,31,Masculino,12,60.0,0,1,16.6,0,Servicios Personales
0,10.42,44.0,28,Femenino,10,17.1,0,8,28.8,1,Manufactura
1,47.01,68.8,46,Femenino,12,42.2,1,12,30.0,1,Tecnología
0,12.95,56.9,51,Masculino,12,48.4,0,1,27.5,1,Manufactura
1,44.63,60.9,39,Femenino,12,39.0,1,12,18.6,1,Agroindustria
0,14.2,64.5,31,Masculino,11,47.0,0,4,17.1,0,Manufactura
1,52.29,71.5,41,Femenino,13,46.2,0,450,37.2,1,Comercio & Retail
0,13.95,60.8,56,Masculino,15,77.3,0,4,36.3,1,Comercio & Retail
0,9.79,28.9,43,Masculino,7,52.0,0,1,15.8,0,Tecnología
0,10.35,41.0,60,Femenino,9,57.5,0,4,7.9,0,Agroindustria
0,13.17,69.0,53,Masculino,13,36.5,0,1,24.4,1,Manufactura
1,44.58,68.1,56,Masculino,10,40.7,1,120,5.4,1,Manufactura
0,8.75,30.2,33,Femenino,5,45.8,0,2,25.6,0,Comercio & Retail
1,38.95,49.6,55,Masculino,11,43.1,1,450,50.6,1,Servicios Personales
0,11.97,37.6,49,Masculino,8,53.5,0,1,7.0,0,Servicios Personales
1,51.25,91.4,23,Femenino,18,47.8,1,120,29.2,1,Comercio & Retail
0,14.73,81.8,51,Masculino,14,47.0,0,1,16.5,0,Logística
1,52.08,81.2,25,Femenino,14,44.7,1,450,24.2,1,Manufactura
0,14.64,48.3,47,Femenino,10,53.2,0,4,28.8,1,Comercio & Retail
0,12.97,43.8,44,Femenino,11,55.3,0,1,53.8,0,Servicios Personales
0,15.53,51.8,24,Masculino,9,43.9,0,1,22.6,0,Comercio & Retail
0,13.75,57.8,44,Masculino,7,61.8,1,1,27.0,1,Manufactura
0,13.77,47.3,42,Femenino,7,43.9,0,2,53.1,0,Manufactura
0,15.71,73.4,63,Femenino,18,36.0,1,1,30.0,1,Manufactura
1,40.52,62.3,58,Femenino,12,36.9,1,45,19.8,1,Servicios Personales
0,10.79,24.9,32,Masculino,5,46.1,0,4,26.6,0,Manufactura
0,13.84,74.3,42,Femenino,14,58.2,0,1,4.2,1,Comercio & Retail
1,52.36,94.6,39,Masculino,20,40.3,1,120,42.9,1,Agroindustria
0,8.9,28.3,35,Femenino,4,41.9,0,1,40.9,0,Manufactura
0,13.43,56.7,29,Masculino,12,39.3,1,1,22.5,1,Servicios Personales
0,10.38,43.3,40,Masculino,6,57.2,0,1,7.7,0,Comercio & Retail
1,53.65,82.9,62,Masculino,14,42.7,1,45,10.3,1,Agroindustria
0,9.38,39.2,56,Femenino,2,27.9,0,2,34.4,1,Servicios Personales
0,13.73,59.1,42,Masculino,10,32.7,0,1,4.9,0,Agroindustria
1,45.92,75.7,27,Masculino,12,37.3,1,120,8.0,1,Servicios Personales
0,8.81,24.9,47,Masculino,5,52.6,0,1,37.4,0,Comercio & Retail
0,13.88,59.6,27,Femenino,12,48.7,0,4,28.7,0,Servicios Personales
0,11.73,37.4,51,Masculino,8,41.0,0,4,11.6,0,Agroindustria
0,15.81,78.1,63,Femenino,17,40.4,0,1,39.1,0,Comercio & Retail
0,10.31,24.7,30,Femenino,5,21.0,0,1,35.9,0,Comercio & Retail
0,16.63,83.3,46,Femenino,13,58.1,0,2,42.5,0,Manufactura
1,40.16,51.3,55,Masculino,10,43.1,1,12,13.5,1,Servicios Personales
0,11.9,73.6,58,Masculino,15,57.2,1,1,15.3,1,Comercio & Retail
0,7.74,59.5,62,Femenino,15,43.7,0,4,25.1,0,Manufactura
0,10.39,30.9,26,Femenino,9,54.7,1,2,45.7,0,Comercio & Retail
0,12.53,72.0,30,Masculino,10,50.0,0,1,38.7,0,Servicios Personales
1,42.12,64.6,54,Femenino,13,38.2,1,45,32.6,1,Tecnología
1,54.95,85.9,31,Masculino,12,43.6,1,120,21.8,1,Tecnología
0,9.99,53.5,54,Masculino,10,42.7,0,2,4.2,1,Comercio & Retail
0,10.35,30.6,26,Femenino,7,42.3,1,2,20.2,0,Comercio & Retail
0,14.08,59.2,25,Femenino,11,51.1,0,1,1.8,0,Manufactura
0,10.01,39.7,56,Masculino,6,40.9,0,1,30.1,0,Logística
0,15.74,64.4,57,Femenino,12,31.6,0,1,29.4,0,Manufactura
0,12.11,70.3,20,Femenino,14,36.9,0,1,13.3,0,Logística
0,8.9,27.9,64,Femenino,7,42.2,0,1,17.9,1,Manufactura
0,11.08,31.7,57,Femenino,8,61.1,0,2,15.6,1,Tecnología
1,45.82,58.6,50,Masculino,8,36.9,1,12,21.3,1,Agroindustria
0,17.83,90.7,49,Masculino,14,45.8,0,2,69.9,1,Comercio & Retail
0,11.76,52.1,24,Masculino,10,46.0,1,2,7.1,0,Manufactura
0,6.12,32.7,36,Femenino,9,45.3,0,1,21.6,1,Comercio & Retail
1,49.43,75.0,51,Femenino,12,36.3,1,120,20.1,1,Manufactura
0,11.55,38.5,31,Masculino,8,52.2,0,4,20.1,0,Agroindustria
0,14.49,54.5,64,Masculino,9,23.1,0,1,22.0,0,Comercio & Retail
0,11.73,33.8,63,Masculino,6,27.3,0,1,11.8,0,Tecnología
1,45.15,62.1,36,Femenino,13,40.6,1,120,12.6,1,Servicios Personales
0,12.65,30.4,43,Masculino,6,31.4,0,2,34.3,1,Servicios Personales
1,53.14,89.0,34,Femenino,15,40.3,1,12,13.0,1,Manufactura
0,13.99,63.5,45,Masculino,11,50.9,0,1,11.2,1,Servicios Personales
0,11.88,54.3,36,Masculino,9,46.1,0,1,45.5,1,Agroindustria
1,43.1,55.4,44,Masculino,10,41.0,1,12,33.1,1,Tecnología
1,50.82,82.9,36,Masculino,16,39.2,1,45,0.8,1,Manufactura
0,7.76,23.2,50,Masculino,5,39.7,0,2,2.7,0,Manufactura
0,10.92,40.2,24,Femenino,5,42.5,0,1,11.9,0,Manufactura
1,48.12,83.1,46,Femenino,14,50.5,1,120,29.5,1,Comercio & Retail
0,11.42,41.2,60,Masculino,6,55.9,0,1,18.0,0,Comercio & Retail
0,12.18,51.7,22,Femenino,7,48.1,0,1,13.7,0,Agroindustria
0,11.06,42.9,47,Femenino,8,47.7,0,1,27.0,0,Agroindustria
1,50.14,75.1,60,Femenino,14,44.9,1,45,28.3,1,Tecnología
1,49.01,63.1,25,Femenino,13,42.3,1,12,68.6,1,Comercio & Retail
0,8.03,34.5,59,Masculino,9,34.9,0,1,13.5,0,Manufactura
1,46.27,60.6,29,Femenino,12,46.9,1,12,1.7,1,Servicios Personales
0,14.15,70.3,59,Masculino,11,49.5,0,1,32.2,1,Manufactura
0,8.18,25.7,30,Masculino,6,29.7,0,1,10.9,1,Comercio & Retail
0,12.08,55.3,43,Femenino,6,43.0,0,1,25.9,1,Comercio & Retail
0,10.36,17.5,35,Masculino,2,64.1,0,1,36.4,0,Servicios Personales
1,54.76,84.6,59,Femenino,16,45.8,1,12,31.1,1,Tecnología
0,10.2,58.2,37,Masculino,7,42.7,0,1,36.8,0,Manufactura
0,15.62,73.3,33,Femenino,10,68.7,0,1,38.6,1,Manufactura
1,51.11,79.1,54,Femenino,12,41.6,1,45,12.4,1,Servicios Personales
0,12.37,31.4,20,Femenino,6,28.8,0,1,20.0,0,Comercio & Retail
0,9.89,54.4,44,Femenino,7,43.4,0,1,26.0,1,Manufactura
0,12.1,37.1,32,Masculino,7,51.8,1,1,58.2,0,Logística
0,6.9,5.6,51,Femenino,0,45.4,0,1,37.3,0,Agroindustria
0,13.43,49.1,62,Masculino,10,71.9,0,1,39.6,0,Agroindustria
0,16.08,100.0,39,Femenino,19,46.0,0,4,13.3,0,Comercio & Retail
0,14.05,42.3,57,Masculino,8,35.6,0,1,2.5,0,Logística
0,9.6,39.2,40,Masculino,8,43.3,0,2,29.8,0,Manufactura
0,12.97,67.0,21,Masculino,9,26.6,0,1,46.2,0,Servicios Personales
1,39.71,57.6,58,Femenino,11,44.9,1,45,19.0,1,Comercio & Retail
1,51.15,73.5,40,Masculino,13,41.5,1,120,35.4,1,Manufactura
0,9.72,33.6,64,Femenino,7,58.4,0,2,0.6,0,Comercio & Retail
0,14.73,59.0,26,Femenino,12,41.3,0,2,9.7,1,Comercio & Retail
0,11.77,53.0,41,Masculino,10,34.2,0,2,49.3,0,Comercio & Retail
0,12.3,53.2,38,Masculino,11,52.8,0,4,2.1,1,Servicios Personales
1,42.6,62.2,58,Masculino,12,39.2,1,450,16.6,1,Servicios Personales
0,9.41,30.1,63,Masculino,6,57.4,0,2,25.7,0,Manufactura
0,14.92,46.2,33,Masculino,8,29.0,0,1,31.8,0,Servicios Personales
0,16.09,74.4,42,Masculino,12,25.0,0,2,29.5,0,Comercio & Retail
0,15.07,34.3,43,Masculino,9,34.6,0,1,46.9,1,Manufactura
1,41.47,65.7,62,Femenino,13,45.2,1,120,4.5,1,Logística
0,12.04,46.2,26,Masculino,9,53.5,0,8,22.9,1,Tecnología
0,12.12,65.2,32,Femenino,14,32.2,0,1,41.6,1,Logística
0,13.53,46.5,56,Femenino,3,53.9,1,1,22.1,0,Agroindustria
1,50.15,73.5,50,Masculino,11,36.2,1,45,12.8,1,Manufactura
0,7.96,30.1,18,Femenino,5,48.2,0,1,28.5,0,Servicios Personales
0,12.63,57.4,22,Femenino,14,71.6,0,1,21.5,1,Servicios Personales
0,12.73,66.2,26,Femenino,9,67.2,0,1,58.6,0,Tecnología
0,14.48,55.0,61,Masculino,9,68.7,0,1,16.0,1,Comercio & Retail
0,8.84,31.4,23,Masculino,7,41.1,0,2,24.5,0,Comercio & Retail
0,14.97,57.9,45,Femenino,13,69.3,1,1,54.6,0,Servicios Personales
1,43.57,64.1,62,Femenino,12,34.2,1,12,45.6,1,Agroindustria
1,47.11,68.5,43,Femenino,9,38.6,1,45,12.8,1,Comercio & Retail
0,13.38,63.3,45,Masculino,13,36.2,0,4,52.8,1,Manufactura
1,45.42,63.5,57,Masculino,11,28.2,1,12,28.2,1,Comercio & Retail
0,13.01,49.1,32,Femenino,10,33.4,0,1,19.7,1,Servicios Personales
0,15.11,71.7,23,Femenino,13,41.9,0,1,37.0,0,Servicios Personales
1,49.84,66.7,44,Masculino,17,35.0,1,12,44.0,1,Agroindustria
0,12.56,65.4,55,Masculino,11,54.4,0,1,44.5,1,Servicios Personales
0,11.8,61.4,21,Femenino,11,58.0,0,2,33.3,1,Manufactura
1,42.64,58.7,28,Femenino,13,39.9,1,120,12.5,0,Logística
0,8.91,5.5,38,Femenino,6,39.6,1,1,8.0,0,Tecnología
0,15.86,67.3,47,Masculino,9,61.4,0,2,9.6,1,Agroindustria
0,10.67,33.6,35,Masculino,9,42.3,0,1,15.0,1,Manufactura
0,16.48,71.6,52,Masculino,11,47.8,0,1,42.3,1,Servicios Personales
0,12.43,50.7,20,Masculino,11,38.8,0,1,14.5,0,Servicios Personales
1,56.16,86.8,29,Masculino,17,44.1,1,12,31.0,1,Tecnología
0,15.46,85.1,44,Masculino,16,41.4,0,8,13.5,0,Comercio & Retail
0,10.96,47.6,47,Femenino,4,58.3,0,1,38.0,0,Manufactura
